"Brazil","223","Financial, Interest Rates, Lending Rate, Percent per annum","FILR_PA","Value",,,,,,,,,,,,,,,,,,,,,,,,,,,,,,,,,,,,,,,,,,,,,,,,,,,,,,,,,,,,,,,,,,,,,,,,,,,,,,,,,,,,,,,,,,,,,,,,,,,,,,,,,,,,,,,,,,,,,,,,,,,,,,,,,,,,,,,,,,,,,,,,,,,,,,,,,,,,,,,,,,,,,,,,,,,,,,,,,,,,,,,,,,,,,,,,,,,,,,,,,,,,,,,,,,,,,,,,,,,,,,,,,,,,,,,,,,,,,,,,,,,,,,,,,,,,,,,,,,,,,,,,,,,,,,,,,,,,,,,,,,,,,,,,,,,,,,,,,,,,,,,,,,,,,,,,,,,,,,,,,,,,,,,,,,,,,,,,,,,,,,,,,,,,,,,,,,,,,,,,,,,,,,,,,,,,,,,,,,,,,,,,,,,,,,,,,,,,,,,,,,,,,,,,,,,,,,,,,,,,,,,,,,,,,,,,,,,,,,,,,,,,,,,,,,,,,,,,,,,,,,,,,,,,,,,,,,,,,,,,,,,,,,,,,,,,,,,,,,,,,,,,,,,,,,,,,,,,,,,,,,,,,,,,,,,,,,,,,,,,,,,,,,,,,,,,,,,,,,,,,,,,,,,,,,,,,,,,,,,,,,,,,,,,,,,,,,,,,,,,,,,,,,,,,,,,,,,,,,,,,,,,,,,,,,,,,,,,,,,,,,,,,,,,,,,,,,,,,,,,,,,,,,,,,,,,,,,,,,,,,,,,,,,,,,,,,,,,,,,,,,,,,,,,,,,,,,,,,,,,,,,,,,,,,,,,,,,,,,,,,,,,,,,,,,,,,,,,,,,,,,,,,,,,,,,,,,,,,,,,,,,,,,,,,,,,,,,,,,,,,,,,,,,,,,,,,,,,,,,,,,,,,,,,,,,,,,,,,,,,,,,,,,,,,,,,,,,,,,,,,,,,,,,,,,,,,,,,,,,,,,,,,,,,,,,,,,,,,,,,,,,,,,,,,,,,,,,,,,,,,,,,,,,,,,,,,,,,,,,,,,,,,,,,,,,,,,,,,,,,,,,,,,,,,,,,,,,,,,,,,,,,,,,,,,,,,,,,,,,,,,,,,,,,,,,,,,,,,,,,,,,,,,,,,,,,,,,,,,,,,,,,,,,,,,,,,,,,,,,,,,,,,,,,,,,,,,,,,,,,,,,,,,,,,,,,,,,,,,,,,,,,,,,,,,,,,,,,,,,,,,,,,,,,,,,,,,,,,,,,,,,,,,,,,,,,,,,,,,,,,,,,,,,,,,,,,,,,,,,,,,,,,,,,,,,,,,,,,,,,,,,,,,,,,,,,,,,,,,,,,,,,,,,,,,,,,,,,,,,,,,,,,,,,,,,,,,,,,,,,,,,,,,,,,,,,,,,,,,,,,,,,,,,,,,,,,,,,,,,,,,,,,,,,,,"78.1933333333333",,,,,,,,,,,,,,,,,"86.3633333333333",,,,,,,,,,,,,,,,,"80.4433333333333",,,,,,,,,,,,,,,,,"56.83",,,,,,,,,,,,,,,,,"57.6166666666667",,,,,,,,,,,,,,,,,"62.875",,,,,,,,,,,,,,,,,"67.0833333333333",,,,,,,,,,,,,,,,,"54.925",,,,,,,,,,,,,,,,,"55.3833333333333",,,,,,,,,,,,,,,,,"50.8083333333333",,,,,,,,,,,,,,,,,"43.7166666666667",,,,,,,,,,,,,,,,,"47.25",,,,,,,,,,,,,,,,,"44.65",,,,,,,,,,,,,,,,,"39.9916666666667",,,,,,,,,,,,,,,,,"43.8833333333333",,,,,,,,,,,,,,,,,"36.6366666666667",,,,,,,,,,,,,,,,,"27.3916666666667",,,,,,,,,,,,,,,,,"32.0083333333333",,,,,,,,,,,,,,,,,"43.9583333333333",,,,,,,,,,,,,,,,,"52.1",,,,,,,,,,,,,,,,,"46.9166666666667",,,,,,,,,,,,,,,,,"39.0833333333333",,,,,,,,,,,,,,,,,"37.475",,,,,,,,,,,,,,,,,"29.0416666666667",,,,,,,,,,,,,,,,,"30.0166666666667",,,,,,,,,,,,,,,,,"39.4",,,,,,,,,,,,,,,,,,,,,,,,,,,,,,"",
"Brazil","223","Financial, Interest Rates, Lending Rate, Percent per annum","FILR_PA","Value",,,,,,,,,,,,,,,,,,,,,,,,,,,,,,,,,,,,,,,,,,,,,,,,,,,,,,,,,,,,,,,,,,,,,,,,,,,,,,,,,,,,,,,,,,,,,,,,,,,,,,,,,,,,,,,,,,,,,,,,,,,,,,,,,,,,,,,,,,,,,,,,,,,,,,,,,,,,,,,,,,,,,,,,,,,,,,,,,,,,,,,,,,,,,,,,,,,,,,,,,,,,,,,,,,,,,,,,,,,,,,,,,,,,,,,,,,,,,,,,,,,,,,,,,,,,,,,,,,,,,,,,,,,,,,,,,,,,,,,,,,,,,,,,,,,,,,,,,,,,,,,,,,,,,,,,,,,,,,,,,,,,,,,,,,,,,,,,,,,,,,,,,,,,,,,,,,,,,,,,,,,,,,,,,,,,,,,,,,,,,,,,,,,,,,,,,,,,,,,,,,,,,,,,,,,,,,,,,,,,,,,,,,,,,,,,,,,,,,,,,,,,,,,,,,,,,,,,,,,,,,,,,,,,,,,,,,,,,,,,,,,,,,,,,,,,,,,,,,,,,,,,,,,,,,,,,,,,,,,,,,,,,,,,,,,,,,,,,,,,,,,,,,,,,,,,,,,,,,,,,,,,,,,,,,,,,,,,,,,,,,,,,,,,,,,,,,,,,,,,,,,,,,,,,,,,,,,,,,,,,,,,,,,,,,,,,,,,,,,,,,,,,,,,,,,,,,,,,,,,,,,,,,,,,,,,,,,,,,,,,,,,,,,,,,,,,,,,,,,,,,,,,,,,,,,,,,,,,,,,,,,,,,,,,,,,,,,,,,,,,,,,,,,,,,,,,,,,,,,,,,,,,,,,,,,,,,,,,,,,,,,,,,,,,,,,,,,,,,,,,,,,,,,,,,,,,,,,,,,,,,,,,,,,,,,,,,,,,,,,,,,,,,,,,,,,,,,,,,,,,,,,,,,,,,,,,,,,,,,,,,,,,,,,,,,,,,,,,,,,,,,,,,,,,,,,,,,,,,,,,,,,,,,,,,,,,,,,,,,,,,,,,,,,,,,,,,,,,,,,,,,,,,,,,,,,,,,,,,,,,,,,,,,,,,,,,,,,,,,,,,,,,,,,,,,,,,,,,,,,,,,,,,,,,,,,,,,,,,,,,,,,,,,,,,,,,,,,,,,,,,,,,,,,,,,,,,,,,,,,,,,,,,,,,,,,,,,,,,,,,,,,,,,,,,,,,,,,,,,,,,,,,,,,,,,,,,,,,,,,,,,,,,,,,,,,,,,,,,,,,,,,,,,,,,,,,,,,,,,,,,,,,,,,,,,,,,,,,,,,,,,,,,,,,,,,,,,,,,,,,,,,,,,,,,,,,,,,,,,,,,,,,,,,,,,,,,,,,,,,,,,,,,,,,,,,,,,,,,,,,,,,,,,,,,,,,,,,,,,,,,,,,,,,,,,"78.8633333333333",,,,"74.35",,,,"70.9866666666667",,,,"88.5733333333333",,,,,"94.62",,,,"83.6366666666667",,,,"78.1866666666667",,,,"89.01",,,,,"97.6966666666667",,,,"85.2333333333333",,,,"72.14",,,,"66.7033333333333",,,,,"60.1833333333333",,,,"57.8333333333333",,,,"55.62",,,,"53.6833333333333",,,,,"51.77",,,,"55.01",,,,"61.0466666666667",,,,"62.64",,,,,"60.8",,,,"59.4",,,,"62.6666666666667",,,,"68.6333333333333",,,,,"72.4",,,,"71.7",,,,"65.1",,,,"59.1333333333333",,,,,"56.2333333333333",,,,"54.9333333333333",,,,"54.6",,,,"53.9333333333333",,,,,"55.0666666666667",,,,"55.9333333333333",,,,"55.8333333333333",,,,"54.7",,,,,"53.8666666666667",,,,"51.7",,,,"49.4333333333333",,,,"48.2333333333333",,,,,"46.6666666666667",,,,"44.4",,,,"42.6666666666667",,,,"41.1333333333333",,,,,"44.2666666666667",,,,"44.3",,,,"47.8",,,,"52.6333333333333",,,,,"49.3333333333333",,,,"45.3666666666667",,,,"42.6",,,,"41.3",,,,,"40.4",,,,"39.9",,,,"39.9666666666667",,,,"39.7",,,,,"43.2333333333333",,,,"45.1",,,,"44.3",,,,"42.9",,,,,"42.5333333333333",,,,"37.1333333333333",,,,"34.2333333333333",,,,"32.6466666666667",,,,,"26.2333333333333",,,,"26.2333333333333",,,,"27.9666666666667",,,,"29.1333333333333",,,,,"31.2666666666667",,,,"31.9",,,,"32.1333333333333",,,,"32.7333333333333",,,,,"40.2",,,,"42.6",,,,"45.2666666666667",,,,"47.7666666666667",,,,,"50.3333333333333",,,,"52.0333333333333",,,,"52.9",,,,"53.1333333333333",,,,,"52.8333333333333",,,,"47.4666666666667",,,,"45.1666666666667",,,,"42.2",,,,,"41.5666666666667",,,,"39.5333333333333",,,,"38.0666666666667",,,,"37.1666666666667",,,,,"38.4333333333333",,,,"38.5333333333333",,,,"37.6",,,,"35.3333333333333",,,,,"33.6666666666667",,,,"29.8333333333333",,,,"26.5333333333333",,,,"26.1333333333333",,,,,"28.3333333333333",,,,"28.7",,,,"29.7",,,,"33.3333333333333",,,,,"36.3666666666667",,,,"38.3",,,,"40.5",,,,"42.4333333333333",,,,,"44.2",,,,"45.0333333333333",,,,,,,,"",
"Brazil","223","Financial, Interest Rates, Lending Rate, Percent per annum","FILR_PA","Value",,,,,,,,,,,,,,,,,,,,,,,,,,,,,,,,,,,,,,,,,,,,,,,,,,,,,,,,,,,,,,,,,,,,,,,,,,,,,,,,,,,,,,,,,,,,,,,,,,,,,,,,,,,,,,,,,,,,,,,,,,,,,,,,,,,,,,,,,,,,,,,,,,,,,,,,,,,,,,,,,,,,,,,,,,,,,,,,,,,,,,,,,,,,,,,,,,,,,,,,,,,,,,,,,,,,,,,,,,,,,,,,,,,,,,,,,,,,,,,,,,,,,,,,,,,,,,,,,,,,,,,,,,,,,,,,,,,,,,,,,,,,,,,,,,,,,,,,,,,,,,,,,,,,,,,,,,,,,,,,,,,,,,,,,,,,,,,,,,,,,,,,,,,,,,,,,,,,,,,,,,,,,,,,,,,,,,,,,,,,,,,,,,,,,,,,,,,,,,,,,,,,,,,,,,,,,,,,,,,,,,,,,,,,,,,,,,,,,,,,,,,,,,,,,,,,,,,,,,,,,,,,,,,,,,,,,,,,,,,,,,,,,,,,,,,,,,,,,,,,,,,,,,,,,,,,,,,,,,,,,,,,,,,,,,,,,,,,,,,,,,,,,,,,,,,,,,,,,,,,,,,,,,,,,,,,,,,,,,,,,,,,,,,,,,,,,,,,,,,,,,,,,,,,,,,,,,,,,,,,,,,,,,,,,,,,,,,,,,,,,,,,,,,,,,,,,,,,,,,,,,,,,,,,,,,,,,,,,,,,,,,,,,,,,,,,,,,,,,,,,,,,,,,,,,,,,,,,,,,,,,,,,,,,,,,,,,,,,,,,,,,,,,,,,,,,,,,,,,,,,,,,,,,,,,,,,,,,,,,,,,,,,,,,,,,,,,,,,,,,,,,,,,,,,,,,,,,,,,,,,,,,,,,,,,,,,,,,,,,,,,,,,,,,,,,,,,,,,,,,,,,,,,,,,,,,,,,,,,,,,,,,,,,,,,,,,,,,,,,,,,,,,,,,,,,,,,,,,,,,,,,,,,,,,,,,,,,,,,,,,,,,,,,,,,,,,,,,,,,,,,,,,,,,,,,,,,,,,,,,,,,,,,,,,,,,,,,,,,,,,,,,,,,,,,,,,,,,,,,,,,,,,,,,,,,,,,,,,,,,,,,,,,,,,,,,,,,,,,,,,,,,,,,,,,,,,,,,,,,,,,,,,,,,,,,,,,,,,,,,,,,,,,,,,,,,,,,,,,,,,,,,,,,,,,,,,,,,,,,,,,,,,,,,,,,,,,,,,,,,,,,,,,,,,,,,,,,,,,,,,,,,,,,,,,,,,,,,,,,,,,,,,,,,,,,,,,,,,,,,,,,,,,,,,,,,,,,,,,,,,,,,,,,,,,,,,,,,,,,,,,,,,,,,,,,,,,,,,,,,,,,,,,,,,,,,,,,,,,,,,,,,,,,,,,,,"77.04","81.21","78.34",,"74.49","75.65","72.91",,"70.65","71.84","70.47",,"70.82","98.46","96.44",,,"96.07","99.01","88.78",,"88.89","82.26","79.76",,"74.67","73.15","86.74",,"92.56","89.12","85.35",,,"92.01","103.08","98",,"94.6","83.87","77.23",,"72.91","71.86","71.65",,"70.59","67.25","62.27",,,"60.01","62.25","58.29",,"58.06","57.43","58.01",,"56.22","55.47","55.17",,"54.77","53.72","52.56",,,"50.61","53.2","51.5",,"54.79","54.66","55.58",,"58.24","62.04","62.86",,"65.79","61.93","60.2",,,"61.2","61","60.2",,"59.1","59.5","59.6",,"62.6","62.9","62.5",,"66.3","69.5","70.1",,,"70.3","72.7","74.2",,"72.8","71.9","70.4",,"67.9","65.4","62",,"60.6","59.5","57.3",,,"56.6","56.1","56",,"55.5","54.8","54.5",,"54.2","54.9","54.7",,"54.5","54.2","53.1",,,"54.9","55","55.3",,"55.7","56.4","55.7",,"55.6","55.6","56.3",,"56.1","54.7","53.3",,,"54","54","53.6",,"52.9","51.4","50.8",,"49.7","49.4","49.2",,"48.7","48.7","47.3",,,"47.6","46.6","45.8",,"45.2","44.4","43.6",,"42.9","42.7","42.4",,"42.1","41.1","40.2",,,"44.4","44.5","43.9",,"43.9","44","45",,"47","47.8","48.6",,"51","53.9","53",,,"51.2","49.5","47.3",,"46.6","45.6","43.9",,"43.3","42.5","42",,"42.4","41.2","40.3",,,"41.2","40.3","39.7",,"39.8","40.3","39.6",,"40.3","40","39.6",,"40.3","39.1","39.7",,,"42.6","43.1","44",,"45.4","45.3","44.6",,"44.6","44.6","43.7",,"44.5","42.8","41.4",,,"42.7","42.9","42",,"39.6","36.9","34.9",,"34.7","34.1","33.9",,"33.4","32.7","31.84",,,"26.2","26.5","26",,"26.3","25.8","26.6",,"27.5","28","28.4",,"29","29.4","29",,,"30.7","31.5","31.6",,"31.7","32","32",,"32.3","32.2","31.9",,"32.9","32.9","32.4",,,"39.1","40.6","40.9",,"41.8","42.5","43.5",,"44.2","45.4","46.2",,"47.9","48.1","47.3",,,"49.6","50.6","50.8",,"52","52.1","52",,"52.6","52.8","53.3",,"54","53.8","51.6",,,"52.8","53.2","52.5",,"48.9","47.3","46.2",,"46.6","45.6","43.3",,"43.6","42.7","40.3",,,"41.1","42.2","41.4",,"40.9","39.2","38.5",,"38.1","38","38.1",,"38","37.9","35.6",,,"37.7","38.6","39",,"38.9","38.5","38.2",,"38","37.9","36.9",,"35.9","36.1","34",,,"33.7","34.1","33.2",,"31.3","30","28.2",,"27.3","26.5","25.8",,"26.5","26.4","25.5",,,"28.5","28.1","28.4",,"29.2","28.5","28.4",,"28.8","29.8","30.5",,"32.5","33.7","33.8",,,"35.3","36.5","37.3",,"37.9","38","39",,"40.4","40.6","40.5",,"42.3","43.1","41.9",,,"43.7","44.4","44.5",,"45.1","45.4","44.6",,"44.3",,,"",
"Brazil","223","Gross Domestic Product, Nominal, Domestic Currency","NGDP_XDC","Value",,,,,,,,,,,,,,,,,,,,,,,,,,,,,,,,,,,,,,,,,,,,,,,,,,,,,,,,,,,,,,,,,,,,,,,,,,,,,,,,,,,,,,,,,,,,,,,,,,,,,,,,,,,,,,,,,,,,,,,,,,,,,,,,,,,,,,,,,,,,,,,,,,,,,,,,,,,,,,,,,,,,,,,,,,,,,,,,,,,,,,,,,,,,,,,,,,,,,,,,,,,,,,,,,,,,,,,,,,,,,,,,,,,,,,,,,,,,,,,,,,,,,,,,,,,,,,,,,,,,,,,,,,,,,,,,,,,,,,,,,,,,,,,,,,,,,,,,,,,,,,,,,,,,,,,,,,,,,,,,,,,,,,,,,,,,,,,,,,,,,,,,,,,,,,,,,,,,,,,,,,,,,,,,,,,,,,,,,,,,,,,,,,,,,,,,,,,,,,,,,,,,,,,,,,,,,,,,,,,,,,,,,,,,,,,,,,,,,,,,,,,,,,,,,,,,,,,,,,,,,,,,,,,,,,,,,,,,,,,,,,,,,,,,,,,,,,,,,,,,,,,,,,,,,,,,,,,,,,,,,,,,,,,,,,,,,,,,,,,,,,,,,,,,,,,,,,,,,,,,,,,,,,,,,,,,,,,,,,,,,,,,,,,,,,,,,,,,,,,,,,,,,,,,,,,,,,,,,,,,,,,,,,,,,,,,,,,,,,,,,,,,,,,,,,,,,,,,,,,,,,,,,,,,,,,,,,,,,,,,,,,,,,,,,,,,,,,,,,,,,,,,,,,,,,,,,,,,,,,,,,,,,,,,,,,,,,,,,,,,,,,,,,,,,,,,,,,,,,,,,,,,,,,,,,,,,,,,,,,,,,,,,,,,,,,,,,,,,,,,,,,,,,,,,,,,,,,,,,,,,,,,,,,,,,,,,,,,,,,,,,,,,,,,,,,,,,,,,,,,,,,,,,,,,,,,,,,,,,,,,,,,,,,,,,,,,,,,,,,,,,,,,,,,,,,,,,,,,,,,,,,,,,,,,,,,,,,,,,,,,,,,,,,,,,,,,,,,,,,,,,,,,,,,,,,,,,,,,,,,,,,,,,,,,,,,,,,,,,,,,,,,,,,,,,,,,,,,,,,,,,,,,,,,,,,,,,,,,,,,,,,,,,,,,,,,,,,,,,,,,,,,,,,,,,,,,,,,,,,,,,,,,,,,,,,,,,,,,,,,,,,,,,,,,,,,,,,,,,,,,,,,,,,,,,,,,,,,,,,,,,,,,,,,,,,,,,,,,,,,,,,,,,,,,,,,,,,,,,,,,,,,,,,,,,,,,,,,,,,,,,,,,,,,,,,,,,,,,,,,,,,,,,,,,,,,,,,,,,,,,,,,,,,,,,,,,,,,,,,,,,,,,,,,,,,,,,,,,,,,,,,,,,,,,,,,,"854763600000",,,,,,,,,,,,,,,,,"952089200000",,,,,,,,,,,,,,,,,"1002351000000",,,,,,,,,,,,,,,,,"1087710500000",,,,,,,,,,,,,,,,,"1199092100000",,,,,,,,,,,,,,,,,"1315755500000",,,,,,,,,,,,,,,,,"1488787300000",,,,,,,,,,,,,,,,,"1717950400000",,,,,,,,,,,,,,,,,"1957751200000",,,,,,,,,,,,,,,,,"2170584500000",,,,,,,,,,,,,,,,,"2409449900000",,,,,,,,,,,,,,,,,"2720262900000",,,,,,,,,,,,,,,,,"3109803100000",,,,,,,,,,,,,,,,,"3333039400000",,,,,,,,,,,,,,,,,"3885847000000",,,,,,,,,,,,,,,,,"4376382000000",,,,,,,,,,,,,,,,,"4814760000000",,,,,,,,,,,,,,,,,"5331619000000",,,,,,,,,,,,,,,,,"5778953000000",,,,,,,,,,,,,,,,,"5995787000000",,,,,,,,,,,,,,,,,"6269328000000",,,,,,,,,,,,,,,,,"6585479000000",,,,,,,,,,,,,,,,,"7004141000000",,,,,,,,,,,,,,,,,"7389131000000",,,,,,,,,,,,,,,,,"7609597000000",,,,,,,,,,,,,,,,,"8898727500000",,,,,,,,,,,,,,,,,"9915316400000",,,,,,,,,,,,,,,,,,,,,,,,,,,,,,"",
"Brazil","223","Prices, Consumer Price Index, All items, Index","PCPI_IX","Status",,,,,,,,,,,,,,,,,,,,,,,,,,,,,,,,,,,,,,,,,,,,,,,,,,,,,,,,,,,,,,,,,,,,,,,,,,,,,,,,,,,,,,,,,,,,,,,,,,,,,,,,,,,,,,,,,,,,,,,,,,,,,,,,,,,,,,,,,,,,,,,,,,,,,,,,,,,,,,,,,,,,,,,,,,,,,,,,,,,,,,,,,,,,,,,,,,,,,,,,,,,,,,,,,,,,,,,,,,,,,,,,,,,,,,,,,,,,,,,,,,,,,,,,,,,,,,,,,,,,,,,,,,,,,,,,,,,,,,,,,,,,,,,,,,,,,,,,,,,,,,,,,,,,,,,,,,,,,,,,,,,,,,,,,,,,,,,,,,,,,,,,,,,,,,,,,,,,,,,,,,,,,,,,,,,,,,,,,,,,,,,,,,,,,,,,,,,,,,,,,,,,,,,,,,,,,,,,,,,,,,,,,,,,,,,,,,,,,,,,,,,,,,,,,,,,,,,,,,,,,,,,,,,,,,,,,,,,,,,,,,,,,,,,,,,,,,,,,,,,,,,,,,,,,,,,,,,,,,,,,,,,,,,,,,,,,,,,,,,,,,,,,,,,,,,,,,,,,,,,,,,,,,,,,,,,,,,,,,,,,,,,,,,,,,,,,,,,,,,,,,,,,,,,,,,,,,,,,,,,,,,,,,,,,,,,,,,,,,,,,,,,,,,,,,,,,,,,,,,,,,,,,,,,,,,,,,,,,,,,,,,,,,,,,,,,,,,,,,,,,,,,,,,,,,,,,,,,,,,,,,,,,,,,,,,,,,,,,,,,,,,,,,,,,,,,,,,,,,,,,,,,,,,,,,,,,,,,,,,,,,,,,,,,,,,,,,,,,,,,,,,,,,,,,,,,,,,,,,,,,,,,,,,,,,,,,,,,,,,,,,,,,,,,,,,,,,,,,,,,,,,,,,,,,,,,,,,,,,,,,,,,,,,,,,,,,,,,,,,,,,,,,,,,,,,,,,,,,,,,,,,,,,,,,,,,,,,,,,,,,,,,,,,,,,,,,,,,,,,,,,,,,,,,,,,,,,,,,,,,,,,,,,,,,,,,,,,,,,,,,,,,,,,,,,,,,,,,,,,,"",,,"","","",,"","","",,"","","",,"","","",,,"","","",,"","","",,"","","",,"","","",,,"","","",,"","","",,"","","",,"","","",,,"","","",,"","","",,"","","",,"","","",,,"","","",,"","","",,"","","",,"","","",,,"","","",,"","","",,"","","",,"","","",,,"","","",,"","","",,"","","",,"","","",,,"","","",,"","","",,"","","",,"","","",,,"","","",,"","","",,"","","",,"","","",,,"","","",,"","","",,"","","",,"","","",,,"B","","",,"","","",,"","","",,"","","",,,"","","",,"","","",,"","","",,"","","",,,"","","",,"","","",,"","","",,"","","",,,"B","","",,"","","",,"","","",,"","","",,,"","","",,"","","",,"","","",,"","","",,,"","","",,"","","",,"","","",,"","","",,,"","","",,"","","",,"","","",,"","","",,,"","","",,"","","",,"","","",,"","","",,,"","","",,"","","",,"","","",,"","","",,,"","","",,"","","",,"","","",,"","","",,,"","","",,"","","",,"","","",,"","","",,,"","","",,"","","",,"","","",,"","","",,,"","","",,"","","",,"","","",,"","","",,,"","","",,"","","",,"","","",,"","","",,,"","","",,"","","",,"","","",,"","","",,,"","","",,"","","",,"","","",,"","","",,,"","","",,"","","",,"","","",,"","","",,,"","","",,"","","",,"","","",,"","","",,,"","","",,"","","",,"","","",,"","","",,,"","","",,"","","",,"","","",,"","","",,,"","","",,"","","",,"","","",,"","","",,,"","","",,"","","",,"","","",,"","","",,,"","","",,"","","",,"","","",,"","","",,,"","","",,"","","",,"","","",,"","","",,,"","","",,"","","",,"","","",,"","","",,,"","","",,"","","",,"","","",,"","","",,,"","","",,"","","",,"","","",,"","","",,,"","","",,"","","",,"","","",,"","","",,,"","","",,"","","",,"","","",,"","","",,,"","","",,"","","",,"","","",,"","","",,,"","","",,"","","",,"","","",,"","","",,,"","","",,"","","",,"","","",,"","","",,,"","","",,"","","",,"","","",,"","","",,,"","","",,"","","",,"",,,
"Brazil","223","Prices, Consumer Price Index, All items, Index","PCPI_IX","Status",,,,,,,,,,,,,,,,,,,,,,,,,,,,,,,,,,,,,,,,,,,,,,,,,,,,,,,,,,,,,,,,,,,,,,,,,,,,,,,,,,,,,,,,,,,,,,,,,,,,,,,,,,,,,,,,,,,,,,,,,,,,,,,,,,,,,,,,,,,,,,,,,,,,,,,,,,,,,,,,,,,,,,,,,,,,,,,,,,,,,,,,,,,,,,,,,,,,,,,,,,,,,,,,,,,,,,,,,,,,,,,,,,,,,,,,,,,,,,,,,,,,,,,,,,,,,,,,,,,,,,,,,,,,,,,,,,,,,,,,,,,,,,,,,,,,,,,,,,,,,,,,,,,,,,,,,,,,,,,,,,,,,,,,,,,,,,,,,,,,,,,,,,,,,,,,,,,,,,,,,,,,,,,,,,,,,,,,,,,,,,,,,,,,,,,,,,,,,,,,,,,,,,,,,,,,,,,,,,,,,,,,,,,,,,,,,,,,,,,,,,,,,,,,,,,,,,,,,,,,,,,,,,,,,,,,,,,,,,,,,,,,,,,,,,,,,,,,,,,,,,,,,,,,,,,,,,,,,,,,,,,,,,,,,,,,,,,,,,,,,,,,,,,,,,,,,,,,,,,,,,,,,,,,,,,,,,,,,,,,,,,,,,,,,,,,,,,,,,,,,,,,,,,,,,,,,,,,,,,,,,,,,,,,,,,,,,,,,,,,,,,,,,,,,,,,,,,,,,,,,,,,,,,,,,,,,,,,,,,,,,,,,,,,,,,,,,,,,,,,,,,,,,,,,,,,,,,,,,,,,,,,,,,,,,,,,,,,,,,,,,,,,,,,,,,,,,,,,,,,,,,,,,,,,,,,,,,,,,,,,,,,,,,,,,,,,,,,,,,,,,,,,,,,,,,,,,,,,,,,,,,,,,,,,,,,,,,,,,,,,,,,,,,,,,,,,,,,,,,,,,,,,,,,,,,,,,,,,,,,,,,,,,,,,,,,,,,,,,,,,,,,,,,,,,,,,,,,,,,,,,,,,,,,,,,,,,,,,,,,,,,,,,,,,,,,,,,,,,,,,,,,,,,,,,,,,,,,,,,,,,,,,,,,,,,,,,,,,,,,,,,,,,,,,,,,,,,,,,,,,"",,,,,,,,,,,,,,,,,"",,,,,,,,,,,,,,,,,"",,,,,,,,,,,,,,,,,"",,,,,,,,,,,,,,,,,"",,,,,,,,,,,,,,,,,"",,,,,,,,,,,,,,,,,"",,,,,,,,,,,,,,,,,"",,,,,,,,,,,,,,,,,"",,,,,,,,,,,,,,,,,"",,,,,,,,,,,,,,,,,"B",,,,,,,,,,,,,,,,,"",,,,,,,,,,,,,,,,,"",,,,,,,,,,,,,,,,,"B",,,,,,,,,,,,,,,,,"",,,,,,,,,,,,,,,,,"",,,,,,,,,,,,,,,,,"",,,,,,,,,,,,,,,,,"",,,,,,,,,,,,,,,,,"",,,,,,,,,,,,,,,,,"",,,,,,,,,,,,,,,,,"",,,,,,,,,,,,,,,,,"",,,,,,,,,,,,,,,,,"",,,,,,,,,,,,,,,,,"",,,,,,,,,,,,,,,,,"",,,,,,,,,,,,,,,,,"",,,,,,,,,,,,,,,,,"",,,,,,,,,,,,,,,,,"",,,,,,,,,,,,,,,,,"",,,,,,,,,,,,,,,,,"",,,,,,,,,,,,,,,,,"",,,,,,,,,,,,,,,,,"",,,,,,,,,,,,,,,,,"",,,,,,,,,,,,,,,,,"",,,,,,,,,,,,,,,,,"",,,,,,,,,,,,,,,,,"",,,,,,,,,,,,,,,,,"",,,,,,,,,,,,,,,,,"",,,,,,,,,,,,,,,,,"",,,,,,,,,,,,,,,,,"",,,,,,,,,,,,,,,,,"",,,,,,,,,,,,,,,,,"",,,,,,,,,,,,,,,,,"",,,,,,,,,,,,,,,,,,,,,,,,,,,,,,
"Brazil","223","Prices, Consumer Price Index, All items, Index","PCPI_IX","Status",,,,,,,,,,,,,,,,,,,,,,,,,,,,,,,,,,,,,,,,,,,,,,,,,,,,,,,,,,,,,,,,,,,,,,,,,,,,,,,,,,,,,,,,,,,,,,,,,,,,,,,,,,,,,,,,,,,,,,,,,,,,,,,,,,,,,,,,,,,,,,,,,,,,,,,,,,,,,,,,,,,,,,,,,,,,,,,,,,,,,,,,,,,,,,,,,,,,,,,,,,,,,,,,,,,,,,,,,,,,,,,,,,,,,,,,,,,,,,,,,,,,,,,,,,,,,,,,,,,,,,,,,,,,,,,,,,,,,,,,,,,,,,,,,,,,,,,,,,,,,,,,,,,,,,,,,,,,,,,,,,,,,,,,,,,,,,,,,,,,,,,,,,,,,,,,,,,,,,,,,,,,,,,,,,,,,,,,,,,,,,,,,,,,,,,,,,,,,,,,,,,,,,,,,,,,,,,,,,,,,,,,,,,,,,,,,,,,,,,,,,,,,,,,,,,,,,,,,,,,,,,,,,,,,,,,,,,,,,,,,,,,,,,,,,,,,,,,,,,,,,,,,,,,,,,,,,,,,,,,,,,,,,,,,,,,,,,,,,,,,,,,,,,,,,,,,,,,,,,,,,,,,,,,,,,,,,,,,,,,,,,,,,,,,,,,,,,,,,,,,,,,,,,,,,,,,,,,,,,,,,,,,,,,,,,,,,,,,,,,,,,,,,,,,,,,,,,,,,,,,,,,,,,,,,,,,,,,,,,,,,,,,,,,,,,,,,,,,,,,,,,,,,,,,,,,,,,,,,,,,,,,,,,,,,,,,,,,,,,,,,,,,,,,,,,,,,,,,,,,,,,,,,,,,,,,,,,,,,,,,,,,,,,,,,,,,,,,,,,,,,,,,,,,,,,,,,,,,,,,,,,,,,,,,,,,,,,,,,,,,,,,,,,,,,,,,,,,,,,,,,,,,,,,,,,,,,,,,,,,,,,,,,,,,,,,,,,,,,,,,,,,,,,,,,,,,,,,,,,,,,,,,,,,,,,,,,,,,,,,,,,,,,,,,,,,,,,,,,,,,,,,,,,,,,,,,,,,,,,,,,,,,,,,,,,,,,,,,,,,,,,,,,,,,,,,,,,,,,,,,,"",,,,"",,,,"",,,,"",,,,,"",,,,"",,,,"",,,,"",,,,,"",,,,"",,,,"",,,,"",,,,,"",,,,"",,,,"",,,,"",,,,,"",,,,"",,,,"",,,,"",,,,,"",,,,"",,,,"",,,,"",,,,,"",,,,"",,,,"",,,,"",,,,,"",,,,"",,,,"",,,,"",,,,,"",,,,"",,,,"",,,,"",,,,,"",,,,"",,,,"",,,,"",,,,,"B",,,,"",,,,"",,,,"",,,,,"",,,,"",,,,"",,,,"",,,,,"",,,,"",,,,"",,,,"",,,,,"B",,,,"",,,,"",,,,"",,,,,"",,,,"",,,,"",,,,"",,,,,"",,,,"",,,,"",,,,"",,,,,"",,,,"",,,,"",,,,"",,,,,"",,,,"",,,,"",,,,"",,,,,"",,,,"",,,,"",,,,"",,,,,"",,,,"",,,,"",,,,"",,,,,"",,,,"",,,,"",,,,"",,,,,"",,,,"",,,,"",,,,"",,,,,"",,,,"",,,,"",,,,"",,,,,"",,,,"",,,,"",,,,"",,,,,"",,,,"",,,,"",,,,"",,,,,"",,,,"",,,,"",,,,"",,,,,"",,,,"",,,,"",,,,"",,,,,"",,,,"",,,,"",,,,"",,,,,"",,,,"",,,,"",,,,"",,,,,"",,,,"",,,,"",,,,"",,,,,"",,,,"",,,,"",,,,"",,,,,"",,,,"",,,,"",,,,"",,,,,"",,,,"",,,,"",,,,"",,,,,"",,,,"",,,,"",,,,"",,,,,"",,,,"",,,,"",,,,"",,,,,"",,,,"",,,,"",,,,"",,,,,"",,,,"",,,,"",,,,"",,,,,"",,,,"",,,,"",,,,"",,,,,"",,,,"",,,,"",,,,"",,,,,"",,,,"",,,,"",,,,"",,,,,"",,,,"",,,,"",,,,"",,,,,"",,,,"",,,,"",,,,"",,,,,"",,,,"",,,,"",,,,"",,,,,"",,,,"",,,,,,,,
"Brazil","223","Prices, Consumer Price Index, All items, Index","PCPI_IX","Value",,,,,,,,,,,,,,,,,,,,,,,,,,,,,,,,,,,,,,,,,,,,,,,,,,,,,,,,,,,,,,,,,,,,,,,,,,,,,,,,,,,,,,,,,,,,,,,,,,,,,,,,,,,,,,,,,,,,,,,,,,,,,,,,,,,,,,,,,,,,,,,,,,,,,,,,,,,,,,,,,,,,,,,,,,,,,,,,,,,,,,,,,,,,,,,,,,,,,,,,,,,,,,,,,,,,,,,,,,,,,,,,,,,,,,,,,,,,,,,,,,,,,,,,,,,,,,,,,,,,,,,,,,,,,,,,,,,,,,,,,,,,,,,,,,,,,,,,,,,,,,,,,,,,,,,,,,,,,,,,,,,,,,,,,,,,,,,,,,,,,,,,,,,,,,,,,,,,,,,,,,,,,,,,,,,,,,,,,,,,,,,,,,,,,,,,,,,,,,,,,,,,,,,,,,,,,,,,,,,,,,,,,,,,,,,,,,,,,,,,,,,,,,,,,,,,,,,,,,,,,,,,,,,,,,,,,,,,,,,,,,,,,,,,,,,,,,,,,,,,,,,,,,,,,,,,,,,,,,,,,,,,,,,,,,,,,,,,,,,,,,,,,,,,,,,,,,,,,,,,,,,,,,,,,,,,,,,,,,,,,,,,,,,,,,,,,,,,,,,,,,,,,,,,,,,,,,,,,,,,,,,,,,,,,,,,,,,,,,,,,,,,,,,,,,,,,,,,,,,,,,,,,,,,,,,,,,,,,,,,,,,,,,,,,,,,,,,,,,,,,,,,,,,,,,,,,,,,,,,,,,,,,,,,,,,,,,,,,,,,,,,,,,,,,,,,,,,,,,,,,,,,,,,,,,,,,,,,,,,,,,,,,,,,,,,,,,,,,,,,,,,,,,,,,,,,,,,,,,,,,,,,,,,,,,,,,,,,,,,,,,,,,,,,,,,,,,,,,,,,,,,,,,,,,,,,,,,,,,,,,,,,,,,,,,,,,,,,,,,,,,,,,,,,,,,,,,,,,,,,,,,,,,,,,,,,,,,,,,,,,,,,,,,,,,,,,,,,,,,,,,,,,,,,,,,,,,,,,,,,,,,,,,,,,,,,,,,,,,,,,,,,,,,,,,,,,,,,,,,,"2.44607153894213E-10",,,"2.60789505017519E-10","2.72829944841407E-10","2.8930447730444E-10",,"3.04597441272755E-10","3.21967782458685E-10","3.39049153088841E-10",,"3.57851503917825E-10","3.75549345066965E-10","3.91436304066592E-10",,"4.28546544995793E-10","4.57144997665493E-10","4.87380950151241E-10",,,"5.20705676799812E-10","5.54036825016288E-10","5.81582140549392E-10",,"6.19164366719689E-10","6.53587181480198E-10","6.89650706840709E-10",,"7.32794010817666E-10","7.73066873940609E-10","8.13705766434197E-10",,"8.55022134341876E-10","9.00095119474609E-10","9.53429451718505E-10",,,"1.01983488543522E-09","1.08751821116523E-09","1.14964366987255E-09",,"1.21732699560256E-09","1.29838323649698E-09","1.39063227025169E-09",,"1.47904762796646E-09","1.56738913765032E-09","1.64701657968564E-09",,"1.72018392440744E-09","1.81115506614884E-09","1.95253230516896E-09",,,"2.12125258033315E-09","2.28794364003901E-09","2.45598965057306E-09",,"2.6175755637936E-09","2.7872719172795E-09","3.06266406771543E-09",,"3.37133278304064E-09","3.67850206225978E-09","4.05740988734162E-09",,"4.41716217535964E-09","4.74333608479681E-09","5.1549200581687E-09",,,"5.65334610511839E-09","6.19045567713427E-09","6.7437925512488E-09",,"7.38735245444366E-09","8.05592436463268E-09","8.86797657733106E-09",,"9.7303578284933E-09","1.06400692459073E-08","1.18900723897999E-08",,"1.31310628631363E-08","1.45132828794311E-08","1.62515724145497E-08",,,"1.81626374449652E-08","2.01360526889647E-08","2.21823366747784E-08",,"2.40002536519323E-08","2.57272733353758E-08","2.79125296830287E-08",,"3.07911484037721E-08","3.45013505360003E-08","3.83369851541377E-08",,"4.24070391086864E-08","4.8332540894016E-08","5.56177133599383E-08",,,"6.3611281089419E-08","7.1700273317984E-08","7.51204967082775E-08",,"7.57064647797068E-08","7.67656381901346E-08","7.77422302372903E-08",,"7.90718479800825E-08","8.18813481546688E-08","8.3286098241962E-08",,"8.48711659560578E-08","8.94985798970141E-08","9.99253118139458E-08",,,"1.13123977733213E-07","1.27419415342999E-07","1.48280392411312E-07",,"1.76600823298519E-07","2.14484092572253E-07","2.56761897626829E-07",,"2.80409835166379E-07","2.94066744171424E-07","3.16948460228421E-07",,"3.52510364811948E-07","4.05665856389661E-07","4.63065362196497E-07",,,"5.50535786193897E-07","6.3696944805286E-07","7.4907910702747E-07",,"8.93573696187596E-07","1.04923057576045E-06","1.28006089786898E-06",,"1.56052351832354E-06","1.89743910547559E-06","2.41828702000452E-06",,"3.03785080824797E-06","3.88663149966354E-06","5.00209316357205E-06",,,"6.87738042839885E-06","8.03140360758334E-06","8.57914408526772E-06",,"9.29379074518282E-06","1.09592340139749E-05","1.40990532200819E-05",,"1.80101284179799E-05","2.40813452114502E-05","3.31263002002727E-05",,"4.63006283771762E-05","6.84415844683678E-05","0.000103688992763696",,,"0.000173730928277776","0.000305297360066677","0.000556831812447407",,"0.000643251989013768","0.000692074848725252","0.000773393731747028",,"0.000873316218071095","0.000985799291219443","0.00112785304241847",,"0.00128981269089114","0.00150663018859342","0.0017844529024818",,,"0.00215472692951393","0.00260119703377076","0.00291133500383287",,"0.00305658926447629","0.0032837490183697","0.00365116865846757",,"0.00410424238208062","0.00474575380511344","0.00548755085413542",,"0.00659765693041027","0.0082609457631699","0.0102195625039299",,,"0.0128705462747548","0.0160006528594038","0.0194248383570954",,"0.0232962090006301","0.0290876541343526","0.0349663683759186",,"0.0425995256066709","0.0520310750373588","0.0648463091369547",,"0.0812134729845976","0.0994784349033621","0.124586765416111",,,"0.162398787393927","0.202965983081844","0.258294565346812",,"0.32997130361842","0.421340261491597","0.548037154121643",,"0.71639428962074","0.952517910154238","1.29247154108265",,"1.73087776144143","2.34637830259231","3.21078395303693",,,"4.53715880403649","6.36441595170981","9.08523427351331",,"12.962898053596","18.6703876085145","27.5257297509903",,"29.4085334610512","29.9556510466487","30.4138299167471",,"31.2107464938908","32.0876115914652","32.6363345690392",,,"33.191158036124","33.5295746647741","34.0494005867708",,"34.8768196114684","35.8079469578491","36.6170645140144",,"37.4810864757766","37.8522531007477","38.2269515880671",,"38.766042213782","39.3359563654461","39.9495371788714",,,"40.4847748638427","40.9018556993422","41.0450566636476",,"41.5623139584819","42.0692967446664","42.5698579629449",,"43.0424853608319","43.2319216140611","43.2967794499124",,"43.4268162000104","43.5658431451769","43.7706911613807",,,"44.2873062994243","44.5088503921839","44.7358528176636",,"45.1294949303059","45.3144360860009","45.5590978232223",,"45.659274282557","45.6502840874885","45.6775757510893",,"45.7825683863536","45.8602693580171","46.0574114927336",,,"46.3842692991528","46.5977864320297","46.7560780809144",,"46.8681344408754","47.1025216694471","47.1118329429109",,"47.0553231453375","46.8154775840456","46.7124114191531",,"46.7217226926169","46.6655339734388","46.8196516031846",,,"47.1474726447896","47.6425755303479","48.1665754714836",,"48.4362813235387","48.5817298366112","48.6738793360634",,"49.2043008451051","49.4797861082757","49.6332615812308",,"50.2240458285896","50.7011683240109","51.0052295643635",,,"51.3214917837377","51.3882760899608","51.5012956851077",,"51.7177025235424","51.7228397778673","51.8419598625249",,"52.6767636903145","53.3667611618222","53.4894131088282",,"53.564224374934","53.7356802380261","54.0525846141909",,,"54.3608198736824","54.610939943624","54.8183565869902",,"55.1362241983408","55.3622633886346","55.650270709222",,"56.3903564103971","56.7849617582253","56.9438955639006",,"57.4165229617877","57.8242925238234","58.200275324724",,,"58.5030522514954","58.7136796788146","59.0659026784627",,"59.5385300763498","59.6634295721229","59.9138707204598",,"60.6269858364293","61.0209490274669","61.4601842722424",,"62.265448887664","64.1460050489578","65.4929289172568",,,"66.9666787517007","68.0182104963203","68.8549407944817",,"69.5227838567134","69.9469284169096","69.8419357816453",,"69.9816048836024","70.2195239745224","70.7672837169105",,"70.9724528115096","71.213903764778","71.5841071545631",,,"72.1280139562076","72.5678913577737","72.9088766135862",,"73.1785824656413","73.5516755609842","74.073749031748",,"74.7476925834904","75.2633444863482","75.5118591643132",,"75.8441753034525","76.3675330877976","77.0241384061936",,,"77.4707584540611","77.9279740889735","78.403170114023",,"79.085140625648","79.4726822487796","79.4566283290144",,"79.6553758557074","79.7908709385255","80.0702091424398",,"80.6706257416577","81.1143560839674","81.4062163452984",,,"81.8865496246728","82.2223976261604","82.5759049393898",,"82.7492872728538","82.8321254988421","82.6581010085875",,"82.815108343891","82.8565274568852","83.0305519471398",,"83.3044318183339","83.562578848158","83.9636057638923",,,"84.3331669968869","84.704333621858","85.0177061356744",,"85.2302600333654","85.468821281076","85.7080246855773",,"85.913835936967","86.317752558259","86.473154501586",,"86.7325858449914","87.062012278573","87.7064166179475",,,"88.1800072510204","88.6121787710992","89.0376076448766",,"89.5272521977147","90.2345879025688","90.9024309648004",,"91.384048557756","91.639948038813","91.8781882081284",,"92.2917371812795","92.6240533204189","92.8834846638242",,,"93.3291414765058","93.8425458305964","94.0300556134537",,"94.4814918372507","94.9255432579557","95.2671706705589",,"95.4957784880151","95.6389794523205","95.8685505049627",,"96.1369720434366","96.5312563128695","96.8882954884472",,,"97.6148958970195","98.3761727722845","98.8876506560033",,"99.4514643181566","99.8791407407011","99.8791407407011",,"99.8890941709555","99.9289078919732","100.378417645398",,"101.131346482386","101.970645407709","102.613123276712",,,"103.464944259453","104.292684362546","105.116571524895",,"105.926010159456","106.424002750572","106.583578713038",,"106.754071340944","107.148997767167","107.71698544846",,"108.180301572883","108.742830921455","109.286416644704",,,"109.898392066153","110.392852794921","110.62467139633",,"111.332649257974","111.733355095313","111.822614889208",,"112.303590325373","112.764016744238","113.406815691636",,"114.075943067449","114.760482206237","115.667207594574",,,"116.661908463225","117.361859364987","117.913472048119",,"118.562050406632","119.000643494617","119.31016306769",,"119.345802769569","119.63220469818","120.050890925656",,"120.735108986048","121.38721920691","122.503929865776",,,"123.177552339123","124.027446851492","125.168559468401",,"126.007216236934","126.586762740458","127.093103369852",,"127.105946505664","127.423814117014","128.150093447191",,"128.68822083772","129.344505077721","130.353333395765",,,"131.969642037724","133.579529111777","135.342891658785",,"136.303879295929","137.312386535578","138.397310433309",,"139.25523190556","139.56154069468","140.315111688458",,"141.465535578831","142.894334437932","144.26598134267",,,"146.098054666272","147.412870695041","148.046679447371",,"148.94987297336","150.111534607569","150.636818862285",,"151.420250146827","152.086487817082","152.208176528902",,"152.604066190311","152.878909296691","153.337409245185",,,"153.920166532661","154.428112554032","154.814048785187",,"155.030776702017","155.511431059786","155.153749727418",,"155.52620066597","155.82159278965","156.070749624405",,"156.726391707615","157.165305873995","157.85690873748",,,"158.314766529183","158.821428236972","158.964308122882",,"159.313962495368","159.951303110046","161.966712197367",,"162.501307725548","162.355217055684","163.134474321086",,"163.868459532751","163.524263492985","163.769567386997",,,"164.293567328133","164.999939797801","166.237375933301",,"167.184878277843","167.402248351463","167.418944428019",,"167.737133117765","167.921753195065","167.854647810446",,"168.02257181119","168.879530048255","170.821733261447",,,"171.180377829002","171.608375329942","171.728458649785",,"171.196110670372","170.545605841486","170.989015105401",,"171.604522389198","172.016465970373","173.117443787869",,"174.606284306892","176.160303740162","178.538531414176",,,"178.984830383649","180.524080210735","182.202999139778",,"182.767776037117","184.284871454927","185.26159193344",,"187.040045165028","188.667270472427","190.855740814817",,"193.241353291923","195.07727955627","196.501262239442",,,"197.56242633592","199.557928562733","202.790866925046",,"204.940486781604","205.903721967515","207.283395832135",,"205.873861676752","205.132812740391","204.537854473893",,"205.74478816184","206.588261106302","207.869042825169",,,"208.970662799456","210.725998386581","212.222223708696",,"213.516811798561","214.00774066498","213.836605880283",,"214.093147518131",,,"2010=100",
"Brazil","223","Prices, Consumer Price Index, All items, Index","PCPI_IX","Value",,,,,,,,,,,,,,,,,,,,,,,,,,,,,,,,,,,,,,,,,,,,,,,,,,,,,,,,,,,,,,,,,,,,,,,,,,,,,,,,,,,,,,,,,,,,,,,,,,,,,,,,,,,,,,,,,,,,,,,,,,,,,,,,,,,,,,,,,,,,,,,,,,,,,,,,,,,,,,,,,,,,,,,,,,,,,,,,,,,,,,,,,,,,,,,,,,,,,,,,,,,,,,,,,,,,,,,,,,,,,,,,,,,,,,,,,,,,,,,,,,,,,,,,,,,,,,,,,,,,,,,,,,,,,,,,,,,,,,,,,,,,,,,,,,,,,,,,,,,,,,,,,,,,,,,,,,,,,,,,,,,,,,,,,,,,,,,,,,,,,,,,,,,,,,,,,,,,,,,,,,,,,,,,,,,,,,,,,,,,,,,,,,,,,,,,,,,,,,,,,,,,,,,,,,,,,,,,,,,,,,,,,,,,,,,,,,,,,,,,,,,,,,,,,,,,,,,,,,,,,,,,,,,,,,,,,,,,,,,,,,,,,,,,,,,,,,,,,,,,,,,,,,,,,,,,,,,,,,,,,,,,,,,,,,,,,,,,,,,,,,,,,,,,,,,,,,,,,,,,,,,,,,,,,,,,,,,,,,,,,,,,,,,,,,,,,,,,,,,,,,,,,,,,,,,,,,,,,,,,,,,,,,,,,,,,,,,,,,,,,,,,,,,,,,,,,,,,,,,,,,,,,,,,,,,,,,,,,,,,,,,,,,,,,,,,,,,,,,,,,,,,,,,,,,,,,,,,,,,,,,,,,,,,,,,,,,,,,,,,,,,,,,,,,,,,,,,,,,,,,,,,,,,,,,,,,,,,,,,,,,,,,,,,,,,,,,,,,,,,,,,,,,,,,,,,,,,,,,,,,,,,,,,,,,,,,,,,,,,,,,,,,,,,,,,,,,,,,,,,,,,,,,,,,,,,,,,,,,,,,,,,,,,,,,,,,,,,,,,,,,,,,,,,,,,,,,,,,,,,,,,,,,,,,,,,,,,,,,,,,,,,,,,,,,,,,,,,,,,,,,,,,,,,,,,,,,,,,,,,,,,,,,,,,,,,,,,,,,,,,,,,,,,,,,,,,,,,,,,,,"3.5720399582063E-10",,,,,,,,,,,,,,,,,"7.20570021177796E-10",,,,,,,,,,,,,,,,,"1.44505532582099E-09",,,,,,,,,,,,,,,,,"3.39628003922508E-09",,,,,,,,,,,,,,,,,"9.92127211260219E-09",,,,,,,,,,,,,,,,,"3.2342321744633E-08",,,,,,,,,,,,,,,,,"7.99317280305453E-08",,,,,,,,,,,,,,,,,"2.62444768495788E-07",,,,,,,,,,,,,,,,,"1.91352288553154E-06",,,,,,,,,,,,,,,,,"2.92907487949526E-05",,,,,,,,,,,,,,,,,"0.00089270375032944",,,,,,,,,,,,,,,,,"0.00475620651227255",,,,,,,,,,,,,,,,,"0.0500334876739342",,,,,,,,,,,,,,,,,"1.01436931774854",,,,,,,,,,,,,,,,,"22.0715442934335",,,,,,,,,,,,,,,,,"36.640315941141",,,,,,,,,,,,,,,,,"42.4139744020249",,,,,,,,,,,,,,,,,"45.3518684755867",,,,,,,,,,,,,,,,,"46.8008952735922",,,,,,,,,,,,,,,,,"49.0746921995342",,,,,,,,,,,,,,,,,"52.5315827425714",,,,,,,,,,,,,,,,,"56.1249316036127",,,,,,,,,,,,,,,,,"60.8675805806435",,,,,,,,,,,,,,,,,"69.8241962003048",,,,,,,,,,,,,,,,,"74.430627668128",,,,,,,,,,,,,,,,,"79.5436673306746",,,,,,,,,,,,,,,,,"82.8714308457339",,,,,,,,,,,,,,,,,"85.8890058743968",,,,,,,,,,,,,,,,,"90.7662937251917",,,,,,,,,,,,,,,,,"95.2029817480311",,,,,,,,,,,,,,,,,"100",,,,,,,,,,,,,,,,,"106.636449622131",,,,,,,,,,,,,,,,,"112.398549260784",,,,,,,,,,,,,,,,,"119.372104441451",,,,,,,,,,,,,,,,,"126.927212865611",,,,,,,,,,,,,,,,,"138.388614560103",,,,,,,,,,,,,,,,,"150.482594206408",,,,,,,,,,,,,,,,,"155.668786230018",,,,,,,,,,,,,,,,,"161.373814183906",,,,,,,,,,,,,,,,,"167.397860280061",,,,,,,,,,,,,,,,,"172.774291252888",,,,,,,,,,,,,,,,,"187.117425058296",,,,,,,,,,,,,,,,,"204.482120615775",,,,,,,,,,,,,,,,,,,,,,,,,,,,,,"2010=100",
"Brazil","223","Prices, Consumer Price Index, All items, Index","PCPI_IX","Value",,,,,,,,,,,,,,,,,,,,,,,,,,,,,,,,,,,,,,,,,,,,,,,,,,,,,,,,,,,,,,,,,,,,,,,,,,,,,,,,,,,,,,,,,,,,,,,,,,,,,,,,,,,,,,,,,,,,,,,,,,,,,,,,,,,,,,,,,,,,,,,,,,,,,,,,,,,,,,,,,,,,,,,,,,,,,,,,,,,,,,,,,,,,,,,,,,,,,,,,,,,,,,,,,,,,,,,,,,,,,,,,,,,,,,,,,,,,,,,,,,,,,,,,,,,,,,,,,,,,,,,,,,,,,,,,,,,,,,,,,,,,,,,,,,,,,,,,,,,,,,,,,,,,,,,,,,,,,,,,,,,,,,,,,,,,,,,,,,,,,,,,,,,,,,,,,,,,,,,,,,,,,,,,,,,,,,,,,,,,,,,,,,,,,,,,,,,,,,,,,,,,,,,,,,,,,,,,,,,,,,,,,,,,,,,,,,,,,,,,,,,,,,,,,,,,,,,,,,,,,,,,,,,,,,,,,,,,,,,,,,,,,,,,,,,,,,,,,,,,,,,,,,,,,,,,,,,,,,,,,,,,,,,,,,,,,,,,,,,,,,,,,,,,,,,,,,,,,,,,,,,,,,,,,,,,,,,,,,,,,,,,,,,,,,,,,,,,,,,,,,,,,,,,,,,,,,,,,,,,,,,,,,,,,,,,,,,,,,,,,,,,,,,,,,,,,,,,,,,,,,,,,,,,,,,,,,,,,,,,,,,,,,,,,,,,,,,,,,,,,,,,,,,,,,,,,,,,,,,,,,,,,,,,,,,,,,,,,,,,,,,,,,,,,,,,,,,,,,,,,,,,,,,,,,,,,,,,,,,,,,,,,,,,,,,,,,,,,,,,,,,,,,,,,,,,,,,,,,,,,,,,,,,,,,,,,,,,,,,,,,,,,,,,,,,,,,,,,,,,,,,,,,,,,,,,,,,,,,,,,,,,,,,,,,,,,,,,,,,,,,,,,,,,,,,,,,,,,,,,,,,,,,,,,,,,,,,,,,,,,,,,,,,,,,,,,,,,,,,,,,,,,,,,,,,,,,,,,,,,,,,,,,,,,,,,,,,,,,,,,,,,,,,,,,,,,,,,,,,,,,"2.74307975721122E-10",,,,"3.21871458940094E-10",,,,"3.74945717683794E-10",,,,"4.57690830937509E-10",,,,,"5.52108214121831E-10",,,,"6.54134085013532E-10",,,,"7.73188883730824E-10",,,,"9.02848901844997E-10",,,,,"1.08566558882433E-09",,,,"1.30211416745041E-09",,,,"1.56448444843414E-09",,,,"1.82795709857508E-09",,,,,"2.28839529031507E-09",,,,"2.82250384959618E-09",,,,"3.70241491088068E-09",,,,"4.77180610610838E-09",,,,,"6.19586477783382E-09",,,,"8.1037511321358E-09",,,,"1.07534998214001E-08",,,,"1.4631972719039E-08",,,,,"2.01603422695694E-08",,,,"2.58800188901123E-08",,,,"3.45431613646367E-08",,,,"4.87857644542135E-08",,,,,"7.01440170385602E-08",,,,"7.67381110690439E-08",,,,"8.14130981255711E-08",,,,"9.14316858890059E-08",,,,,"1.29607928495841E-07",,,,"2.15948937832534E-07",,,,"2.97141679855408E-07",,,,"4.07080527799369E-07",,,,,"6.45528113758075E-07",,,,"1.07428838993901E-06",,,,"1.95874988126789E-06",,,,"3.97552515716119E-06",,,,,"7.82930937374997E-06",,,,"1.14506926597465E-05",,,,"2.50725912765676E-05",,,,"7.28104018697465E-05",,,,,"0.000345286700263953",,,,"0.000702906856495349",,,,"0.000995656183903002",,,,"0.00152696526065546",,,,,"0.00255575298903919",,,,"0.00333050231377119",,,,"0.00477918234710983",,,,"0.00835938839917001",,,,,"0.0160986791637513",,,,"0.0291167438369671",,,,"0.0531589699269948",,,,"0.101759557768024",,,,,"0.207886445274194",,,,"0.433116239743887",,,,"0.987127913619209",,,,"2.42934667235689",,,,,"6.66226967641987",,,,"19.7196718043669",,,,"29.926004808149",,,,"31.9782308847984",,,,,"33.5900444292229",,,,"35.7672770277773",,,,"37.8534303881972",,,,"39.3505119193665",,,,,"40.8105624089442",,,,"42.0671562220311",,,,"43.1903954749352",,,,"43.5877835021894",,,,,"44.5106698364239",,,,"45.3343429465097",,,,"45.6623780403783",,,,"45.9000830790348",,,,,"46.5793779373656",,,,"47.0274963510778",,,,"46.8610707161787",,,,"46.7356360897468",,,,,"47.652207882207",,,,"48.5639634987378",,,,"49.4391161782039",,,,"50.643481238988",,,,,"51.4036878529354",,,,"51.7608340546449",,,,"53.1776459869883",,,,"53.784163075717",,,,,"54.5967054680989",,,,"55.3829194320658",,,,"56.7064045775077",,,,"57.8136969367783",,,,,"58.7608782029242",,,,"59.7052767896442",,,,"61.0360397120462",,,,"63.9681276179595",,,,,"67.9466100141676",,,,"69.7705493517561",,,,"70.3228041916784",,,,"71.2568212436169",,,,,"72.5349273091891",,,,"73.6013356861245",,,,"75.1742987447173",,,,"76.4119489324812",,,,,"77.9339675523525",,,,"79.3381504011473",,,,"79.8388186455576",,,,"81.0637327236411",,,,,"82.2282840634076",,,,"82.7465045934278",,,,"82.9007292493053",,,,"83.6102054767947",,,,,"84.6850689181397",,,,"85.4690353333396",,,,"86.2349143322706",,,,"87.1670049138373",,,,,"88.6099312223321",,,,"90.2214236883613",,,,"91.6340616015658",,,,"92.5997583885075",,,,,"93.7339143068519",,,,"94.8914019219218",,,,"95.6677694817661",,,,"96.5188412815844",,,,,"98.2929064417691",,,,"99.7365819331863",,,,"100.065473236109",,,,"101.905038388936",,,,,"104.291400048964",,,,"106.311197207688",,,,"107.20668485219",,,,"108.736516379681",,,,,"110.305305419134",,,,"111.629539747499",,,,"112.824807587082",,,,"114.83454428942",,,,,"117.31241329211",,,,"118.957618989647",,,,"119.676299464468",,,,"121.542086019578",,,,,"124.124519553005",,,,"126.562360782415",,,,"127.559951356623",,,,"129.462019770402",,,,,"133.630687602762",,,,"137.337858754938",,,,"139.710628096233",,,,"142.875283786478",,,,,"147.185868269561",,,,"149.899408814405",,,,"151.904971497603",,,,"152.940128244062",,,,,"154.38744262396",,,,"155.23198582974",,,,"155.806181026675",,,,"157.249535439697",,,,,"158.700167629679",,,,"160.410659267593",,,,"162.663666367439",,,,"163.720763470911",,,,,"165.176961019745",,,,"167.335357019108",,,,"167.837844707758",,,,"169.241278373631",,,,,"171.505737269576",,,,"170.91024387242",,,,"172.246144049146",,,,"176.43503982041",,,,,"180.570636578054",,,,"184.104746475161",,,,"188.854352150757",,,,"194.939965029211",,,,,"199.970407274566",,,,"206.042534860418",,,,"205.181509630345",,,,"206.73403069777",,,,,"210.639628298244",,,,"213.787052781275",,,,,,,,"2010=100",
BRA,223,Brazil,Index,Energy Price Index,,,,,,,,,,,,,,,,,,,,,,,,,,,,,,,,,,,,,,,,,,,,,,,,,,,,,,,,,,,,,,,,,,,,,,,,,,,,,,,,,,,,,,,,,,,,,,,,,,,,,,,,,,,,,,,,,,,,,,,,,,,,,,,,,,,,,,,,,,,,,,,,,,,,,,,,,,,,,,,,,,,,,,,,,,,,,,,,,,,,,,,,,,,,,,,,,,,,,,,,,,,,,,,,,,,,,,,,,,,,,,,,,,,,,,,,,,,,,,,,,,,,,,,,,,,,,,,,,,,,,,,,,,,,,,,,,,,,,,,,,,,,,,,,,,,,,,,,,,,,,,,,,,,,,,,,,,,,,,,,,,,,,,,,,,,,,,,,,,,,,,,,,,,,,,,,,,,29.2,29.9,30.1,30.5,32.1,32.4,32.4,32.2,32.9,32.8,33.0,32.9,35.6,37.8,37.6,37.5,38.4,40.3,40.6,40.6,40.4,40.2,40.2,40.2,42.4,42.8,42.7,43.8,44.1,44.1,43.5,42.5,43.5,45.8,45.9,46.3,47.6,47.1,46.9,47.7,52.2,53.2,56.5,57.9,58.1,58.6,58.6,56.5,55.6,56.1,56.7,56.6,56.4,56.5,57.3,57.3,56.4,56.3,56.7,58.0,59.5,60.6,60.5,61.3,62.6,64.2,64.4,64.0,64.3,64.9,64.7,63.8,64.1,64.2,65.3,67.3,68.1,68.5,69.4,69.9,72.0,72.3,71.5,70.5,70.7,70.5,70.4,70.4,70.2,70.0,69.7,69.4,69.5,70.1,70.4,69.8,68.6,68.1,67.8,67.6,68.0,68.5,68.3,67.8,68.4,68.2,68.3,68.2,68.7,68.9,69.0,69.1,69.2,69.3,69.5,69.4,69.3,69.4,69.1,69.2,70.3,70.5,70.8,71.7,72.3,72.3,73.2,73.7,72.7,72.2,72.3,71.9,72.1,72.5,72.5,73.2,73.7,73.9,74.2,74.5,75.7,78.7,79.0,77.2,77.3,77.2,77.8,77.9,78.0,78.2,78.2,77.9,78.2,78.3,78.2,77.8,77.5,77.2,77.5,77.7,78.6,79.2,78.4,76.5,77.8,77.7,77.3,76.5,76.4,76.4,76.3,76.4,77.0,79.1,79.5,79.9,80.4,81.0,81.4,80.7,81.2,81.5,82.0,82.4,83.7,84.2,86.5,91.1,98.2,98.2,99.4,99.3,100.7,100.9,102.4,106.1,108.7,109.7,111.5,111.2,110.4,108.6,107.9,107.3,105.9,105.9,106.3,107.6,108.0,107.6,108.3,108.3,108.3,105.0,108.0,104.3,107.1,111.3,112.2,114.3,118.0,118.4,118.3,119.3,119.6,119.7,122.6,129.3,130.1,129.0,132.0,133.9,130.5,126.7,125.2,125.0,127.3,129.0,131.6,129.4,129.3,131.0,131.0,130.4,132.1,132.5,133.7,132.5,131.3,124.1,120.9,122.9,126.0,128.0,129.5,130.3,132.2,138.1,136.9,142.3,152.6,152.6,159.1,161.1,166.7,170.2,176.9,181.2,190.4,190.3,188.1,187.1,196.1,197.2,195.1,194.2,173.0,159.8,152.2,151.0,153.8,153.2,153.7,154.9,161.7,,Authors' estimation using National sourcess,2015,Energy price (estimated),,,,,,,,,,,,,,,,,,,,,,,,,,,,,,,,,,,,,,,,,,,,,,,,,,,,,,,,,,,,,,,,,,,,,,,,,,,,,,,,,,,,,,,,,,,,,,,,,,,,,,,,,,,,,,,,,,,,,,,,,,,,,,,,,,,,,,,,,,,,,,,,,,,,,,,,,,,,,,,,,,,,,,,,,,,,,,,,,,,,,,,,,,,,,,,,,,,,,,,,,,,,,,,,,,,,,,,,,,,,,,,,,,,,,,,,,,,,,,,,,,,,,,,,,,,,,,,,,,,,,,,,,,,,,,,,,,,,,,,,,,,,,,,,,,,,,,,,,,,,,,,,,,,,,,,,,,,,,,,,,,,,,,,,,,,,,,,,,,,,,,,,,,,,,,,,,,,,,,,,,,,,,,,,,,,,,,,,,,,,,,,,,,,,,,,,,,,,,,,,,,,,,,,,,,,,,,,,,,,,,,,,,,,,,,,,,,,,,,,,,,,,,,,,,,,,,,,,,,,,,,,,,,,,,,,,,,,,,,,,,,,,,,,,,,,,,,,,,,,,,,,,,,,,,,,,,,,,,,,,,,,,,,,,,,,,,,,,,,,,,,,,,,,,,,,,,,,,,,,,,,,,,,,,,,,,,,,,,,,,,,,,,,,,,,,,,,,,,,,,,,,,,,,,,,,,,,,,,,,,
BRA,223,Brazil,Index,Energy Price Index,,,,,,,,,,,,,,,,,,,,,,,,,,,,,,,,,,,,,,,,,,,,,,,,,,,,,,,,,,,,,,,,,,,,,,,,,,,,,,,,,,,,,,,,,,,,,,,,,,,,,,,,,,,,,,,,,,,,,,,,,,,,,,,,,,,,,,,,,,,,,,,,,,,,,,,,,,,,,,,,,,,,,,,,,,,,,,,,,,,,,,,,,,,,,,,,,,,,,,,,,,,,,,,,,,,,,,,,,,,,,,,,,,,,,,,,,,,,,,,,,,,,,,,,,,,,,,,,,,,,,,,,,,,,,,,,,,,,,,,,,,,,,,,,,,,,,,,,,,,,,,,,,,,,,,,,,,,,,,,,,,,,,,,,,,,,,,,,,,,,,,,,,,,,,,,,,,,33.7,34.0,34.0,34.1,34.2,34.3,34.4,34.4,34.5,34.5,34.6,34.6,35.1,35.2,35.3,35.3,35.5,35.9,36.1,36.2,36.3,36.5,36.9,37.3,38.0,38.3,38.5,38.8,39.1,39.2,40.3,40.4,40.8,41.4,41.5,42.0,42.7,42.9,42.7,42.9,43.7,44.3,45.1,45.2,45.7,46.6,47.6,47.9,48.3,48.8,49.3,49.5,49.7,49.8,50.4,50.5,50.8,51.2,51.6,51.7,52.3,52.5,52.7,52.9,53.1,53.4,53.7,53.9,54.4,54.8,55.2,55.4,55.4,55.6,55.9,56.2,56.6,56.8,56.8,57.0,57.3,57.6,57.8,58.1,58.0,58.1,58.4,58.5,58.4,58.5,58.6,58.7,58.8,59.1,59.2,59.3,58.9,58.9,59.2,59.2,59.5,59.6,59.7,59.8,60.2,60.3,60.5,60.6,61.0,61.5,61.8,62.2,62.4,62.6,62.9,63.0,63.2,63.7,64.1,64.3,65.0,65.3,65.7,65.9,66.0,66.1,66.3,66.5,66.7,66.8,67.3,67.6,68.0,68.1,68.4,68.7,69.1,69.4,69.9,70.1,70.4,71.0,71.6,72.1,72.3,72.5,73.0,73.4,73.8,74.1,74.5,75.0,75.3,75.9,76.5,76.8,77.2,77.3,77.9,78.2,78.7,79.2,79.0,77.1,77.5,78.0,78.6,79.0,79.5,79.9,80.4,80.9,81.5,81.9,82.3,83.0,83.2,84.0,84.5,84.9,86.0,86.8,87.4,88.0,88.6,89.1,91.2,92.4,97.2,98.1,99.3,100.2,101.7,102.0,103.3,104.1,104.9,105.4,106.3,106.1,105.4,105.0,106.9,107.6,107.3,107.6,108.3,108.7,109.1,108.4,108.6,108.9,110.1,108.9,111.3,110.4,112.2,112.9,112.7,114.2,115.7,115.2,114.2,114.5,114.7,114.9,115.9,118.7,120.6,121.1,121.5,121.7,120.8,120.7,121.0,121.4,121.7,122.0,123.2,123.3,124.8,126.3,126.3,125.5,126.4,125.4,126.1,125.6,125.7,125.6,125.3,125.3,126.3,126.8,127.3,127.7,128.3,132.0,130.6,131.1,132.1,132.4,134.8,136.3,140.5,141.5,145.1,146.6,148.1,149.2,149.4,150.2,152.0,150.2,147.7,148.3,146.7,146.9,147.8,148.3,149.0,149.3,149.8,151.0,151.9,,National sources,2015,Energy price ,,,,,,,,,,,,,,,,,,,,,,,,,,,,,,,,,,,,,,,,,,,,,,,,,,,,,,,,,,,,,,,,,,,,,,,,,,,,,,,,,,,,,,,,,,,,,,,,,,,,,,,,,,,,,,,,,,,,,,,,,,,,,,,,,,,,,,,,,,,,,,,,,,,,,,,,,,,,,,,,,,,,,,,,,,,,,,,,,,,,,,,,,,,,,,,,,,,,,,,,,,,,,,,,,,,,,,,,,,,,,,,,,,,,,,,,,,,,,,,,,,,,,,,,,,,,,,,,,,,,,,,,,,,,,,,,,,,,,,,,,,,,,,,,,,,,,,,,,,,,,,,,,,,,,,,,,,,,,,,,,,,,,,,,,,,,,,,,,,,,,,,,,,,,,,,,,,,,,,,,,,,,,,,,,,,,,,,,,,,,,,,,,,,,,,,,,,,,,,,,,,,,,,,,,,,,,,,,,,,,,,,,,,,,,,,,,,,,,,,,,,,,,,,,,,,,,,,,,,,,,,,,,,,,,,,,,,,,,,,,,,,,,,,,,,,,,,,,,,,,,,,,,,,,,,,,,,,,,,,,,,,,,,,,,,,,,,,,,,,,,,,,,,,,,,,,,,,,,,,,,,,,,,,,,,,,,,,,,,,,,,,,,,,,,,,,,,,,,,,,,,,,,,,,,,,,,,,,,,,,
BRA,223,Brazil,index,Energy Price Index,,,,,,,,,,,,,,,,,,,,,,,,,,,,,,,,,,,,,,,,,,,,,101.3,103.2,106.2,97.3,96.6,99.1,102.3,102.5,110.8,116.8,136.7,161.0,170.8,187.1,190.4,206.6,225.4,219.4,221.2,233.4,247.9,196.5,135.7,87.4,84.8,181.4,265.0,345.2,398.1,397.5,559.2,876.6,1 112.9,965.9,1 180.0,1 731.5,4 310.2,6 038.6,3 871.1,1 997.2,640.2,373.8,380.0,447.5,529.9,774.2,1 012.3,1 117.3,1 191.3,1 387.5,1 756.9,2 287.3,3 104.8,4 453.0,2 931.6,1 216.3,404.2,81.4,26.5,23.1,21.5,17.6,14.1,10.8,9.1,7.8,5.7,5.3,4.6,3.7,2.6,1.8,2.3,3.3,5.5,8.4,7.9,6.6,7.6,6.2,6.2,7.0,6.6,7.5,7.6,7.8,7.6,10.6,15.6,16.9,15.2,11.4,6.8,5.5,6.9,7.2,7.4,7.8,6.2,6.1,5.5,4.3,3.8,3.1,3.0,3.3,4.0,4.3,4.6,5.6,6.3,6.2,5.8,5.2,4.4,4.2,4.9,5.1,4.6,5.6,6.1,6.6,7.1,6.7,5.8,5.0,5.2,5.6,6.4,6.6,6.1,5.8,5.8,6.4,6.6,6.5,7.7,8.5,9.5,10.4,10.1,9.1,8.7,7.0,4.9,3.6,2.6,2.8,2.8,3.3,4.4,4.1,4.1,4.3,3.2,3.4,3.8,2.1,2.6,4.3,5.3,7.7,9.6,10.5,10.7,11.9,8.6,,,,National source,2015,Energy (estimated)
BRA,223,Brazil,Inflation,Energy Consumer Price Inflation,26.0,25.8,27.4,13.5,32.6,31.8,31.4,35.6,,,,,,,,,,,,,,,,,,,,,,3.2,2.4,7.7,12.0,13.4,8.6,6.5,4.6,2.1,3.3,5.9,4.9,6.3,6.8,3.4,7.8,16.8,7.2,4.2,5.8,4.8,2.3,9.6,48.7,,
BRA,223,Brazil,Index,Food Price Index,,,,,,,,,,,,,,,,,,,,,,,,,,,,,,,,,,,,,,,,,,,,,,,,,,,,,,,,,,,,,,,,,,,,,,,,,,,,,,,,,,,,,,,,,,,,,,,,,,,,,,,,,,,,,,,,,,,,,,,,,,,,,,,,,,,,,,,,,,,,,,,,,,,,,,,,,,,,,,,,,,,,,,,,,,,,,,,,,,,,,,,,,,,,,,,,,,,,,,,,,,,,,,,,,,,,,,,,,,,,,,,,,,,,,,,,,,,,,,,,,,,,,,,,,,,,,,,,,,,,,,,,,,,,,,,,,,,,,,,,,,,,,,,,,,,,,,,,,,,,,,,,,,,,,,,,,,,,,,,,,,,,,,,,,,,,,,,,,,,,,,,,,,,,,,,,,,,,,,,,,,,,,,,,,,,,,,,,,,,,,,,,,,,,,,,,,,,,,,,,,,,,,,,,,,,,,,,,,,,,,,,,,,,,,,,,,,,,,,47.2,47.4,47.4,47.5,48.0,48.4,48.6,49.0,49.3,49.7,49.6,49.7,50.4,51.1,51.9,52.2,52.5,52.8,53.8,54.5,54.7,55.1,55.8,56.8,58.3,59.1,59.1,59.0,59.4,59.6,59.9,60.1,60.3,60.4,60.5,60.8,61.4,61.5,61.6,61.6,61.5,61.8,61.8,62.3,62.9,63.7,64.6,64.8,64.5,64.2,64.1,64.9,66.0,67.3,68.1,68.7,68.9,69.3,69.7,70.2,70.3,70.3,70.9,71.5,71.8,72.3,73.0,73.4,73.7,73.8,74.1,74.8,75.5,76.4,77.2,78.4,79.3,79.6,80.2,81.6,82.8,83.6,84.2,84.6,84.9,85.0,85.2,85.5,86.2,86.5,87.1,87.4,88.0,89.5,90.5,91.2,91.5,91.6,91.7,92.5,92.8,93.2,94.0,95.1,95.9,96.7,97.6,99.0,100.0,101.0,101.3,101.7,102.4,104.0,105.4,107.3,108.5,109.5,110.6,111.6,112.8,114.7,115.4,115.3,115.2,114.6,114.4,114.4,114.0,114.1,114.7,114.5,114.4,114.2,113.1,112.8,112.7,111.9,112.3,112.7,112.4,112.2,112.2,112.6,115.4,115.6,115.5,115.8,116.3,116.5,116.8,117.4,118.3,119.6,120.1,119.7,119.8,120.4,120.4,120.0,119.9,120.4,124.3,124.4,124.6,125.6,127.6,128.0,128.8,129.4,130.9,134.2,136.8,139.9,141.8,142.8,143.3,143.3,143.8,144.8,145.8,147.2,149.7,151.4,153.0,152.4,153.0,154.2,156.3,159.5,162.6,163.8,165.6,168.3,169.1,168.7,169.8,170.4,170.8,171.1,171.5,171.1,,National sources,2015,Food and non-acoholic beverage,
BRA,223,Brazil,index,Food Price Index,,,,,,,,,,,,,,,,,,,,,,,,,,,,,,,,,,,,,,,,,,,,,,,,,,,,,,,,,,,,,,,,,,,,,,,,,,,,,,,,,,,,,,,,,,,,,,,,,,,,,,,,,,,,,,,,,,,,,,,,,,,,,,,,,,,,,,,,,,,,,,,,,,,47.4,48.3,49.3,49.9,51.8,53.0,54.8,57.0,59.1,59.6,60.3,60.9,61.6,61.7,63.0,64.6,64.4,67.2,68.9,70.1,70.9,72.4,73.6,74.8,77.3,79.7,82.6,84.6,85.2,86.6,88.3,91.0,91.9,93.4,95.9,98.8,101.4,103.9,108.4,111.7,115.2,114.7,114.2,114.5,113.4,112.3,112.5,113.4,115.6,116.5,118.4,119.9,120.2,121.6,124.8,128.1,131.5,139.5,143.1,144.8,149.4,152.8,156.6,164.0,168.7,170.3,171.3,,National sources,2015,Food and non-acoholic beverage,
BRA,223,Brazil,Inflation,Food Consumer Price Inflation,26.0,24.9,21.5,18.2,30.5,30.8,39.6,40.5,,,100.2,49.8,90.9,158.6,204.2,221.1,131.6,196.8,653.1,1345.1,2618.2,450.0,1090.6,1949.8,2280.1,58.5,5.9,0.7,2.8,3.4,5.1,6.7,9.7,20.4,4.0,3.1,0.0,6.8,13.0,5.8,6.1,8.8,8.1,11.2,7.5,9.8,12.5,0.9,0.9,4.9,9.1,12.7,11.5,,Food and non-acoholic beverage
BRA,223,Brazil,Index,Headline Consumer Price Index,,,,,,,,,,,,,,,,,,,,,,,,,,,,,,,,,,,,,,,,,,,,,,,,,,,,,,,,,,,,,,,,,,,,,,,,,,,,,,,,,,,,,,,,,,,,,,,,,,,,,,,,,,,,,,,,,,,,,,,,0.0,0.0,0.0,0.0,0.0,0.0,0.0,0.0,0.0,0.0,0.0,0.0,0.0,0.0,0.0,0.0,0.0,0.0,0.0,0.0,0.0,0.0,0.0,0.0,0.0,0.0,0.0,0.0,0.0,0.0,0.0,0.0,0.0,0.0,0.0,0.0,0.0,0.0,0.0,0.0,0.0,0.0,0.0,0.0,0.0,0.0,0.0,0.0,0.0,0.0,0.0,0.0,0.0,0.0,0.0,0.0,0.0,0.0,0.0,0.0,0.0,0.0,0.0,0.0,0.0,0.0,0.0,0.0,0.0,0.0,0.0,0.0,0.0,0.0,0.0,0.0,0.0,0.0,0.0,0.0,0.0,0.0,0.0,0.0,0.0,0.0,0.0,0.0,0.0,0.0,0.0,0.0,0.0,0.0,0.0,0.0,0.0,0.0,0.0,0.0,0.0,0.0,0.0,0.0,0.0,0.0,0.0,0.0,0.0,0.0,0.0,0.0,0.0,0.0,0.0,0.0,0.0,0.0,0.0,0.0,0.0,0.0,0.0,0.0,0.0,0.0,0.0,0.0,0.0,0.0,0.0,0.0,0.0,0.0,0.0,0.0,0.0,0.0,0.0,0.0,0.0,0.0,0.0,0.0,0.0,0.0,0.0,0.0,0.0,0.0,0.0,0.0,0.0,0.0,0.1,0.1,0.1,0.1,0.1,0.2,0.2,0.3,0.4,0.5,0.7,0.9,1.3,1.7,2.3,3.3,4.6,6.6,9.4,13.5,19.9,21.3,21.6,22.0,22.6,23.2,23.6,24.0,24.2,24.6,25.2,25.9,26.5,27.1,27.4,27.6,28.0,28.4,28.9,29.3,29.6,29.7,30.0,30.4,30.8,31.1,31.2,31.3,31.4,31.5,31.6,32.0,32.2,32.3,32.6,32.7,32.9,33.0,33.0,33.0,33.1,33.1,33.3,33.5,33.7,33.8,33.9,34.0,34.0,34.0,33.8,33.8,33.8,33.7,33.8,34.1,34.4,34.8,35.0,35.1,35.2,35.6,35.8,35.9,36.3,36.6,36.9,37.1,37.1,37.2,37.4,37.4,37.5,38.1,38.6,38.7,38.7,38.8,39.1,39.3,39.5,39.6,39.8,40.0,40.2,40.7,41.0,41.1,41.5,41.8,42.1,42.3,42.4,42.7,43.0,43.1,43.3,43.8,44.1,44.4,45.0,46.4,47.3,48.4,49.2,49.8,50.2,50.5,50.5,50.6,50.7,51.1,51.3,51.5,51.7,52.1,52.4,52.7,52.9,53.1,53.5,54.0,54.4,54.6,54.8,55.2,55.7,56.0,56.3,56.7,57.1,57.4,57.4,57.6,57.7,57.9,58.3,58.6,58.8,59.2,59.4,59.7,59.8,59.9,59.7,59.8,59.9,60.0,60.2,60.4,60.7,60.9,61.2,61.4,61.6,61.8,61.9,62.1,62.4,62.5,62.7,62.9,63.4,63.7,64.0,64.3,64.7,65.2,65.7,66.0,66.2,66.4,66.7,66.9,67.1,67.4,67.8,67.9,68.3,68.6,68.8,69.0,69.1,69.3,69.5,69.8,70.0,70.5,71.1,71.5,71.9,72.2,72.2,72.2,72.2,72.5,73.1,73.7,74.1,74.8,75.4,76.0,76.5,76.9,77.0,77.1,77.4,77.8,78.2,78.6,79.0,79.4,79.8,79.9,80.4,80.7,80.8,81.2,81.5,81.9,82.4,82.9,83.6,84.3,84.8,85.2,85.7,86.0,86.2,86.2,86.4,86.7,87.2,87.7,88.5,89.0,89.6,90.4,91.1,91.5,91.8,91.8,92.1,92.6,93.0,93.5,94.2,95.4,96.5,97.8,98.5,99.2,100.0,100.6,100.8,101.4,102.2,103.3,104.2,105.6,106.5,107.0,107.6,108.5,108.9,109.4,109.9,110.0,110.3,110.5,110.8,111.2,111.6,111.9,112.0,112.4,112.1,112.4,112.6,112.8,113.3,113.6,114.1,114.4,114.8,114.9,115.1,115.6,117.0,117.4,117.3,117.9,118.4,118.2,118.3,118.7,119.2,120.1,120.8,121.0,121.0,121.2,121.3,121.3,121.4,122.0,123.4,123.7,124.0,124.1,123.7,123.2,123.6,124.0,124.3,125.1,126.2,127.3,129.0,129.3,130.4,131.7,132.1,133.2,133.9,135.2,136.3,137.9,139.6,141.0,142.0,142.8,144.2,146.5,148.1,148.8,149.8,148.8,148.2,147.8,148.7,149.3,150.2,151.0,152.3,153.4,,OECDstat,2015,
BRA,223,Brazil,index,Headline Consumer Price Index,,,,,,,,,,,,,,,,,,,,,,,,,,,,,,,,,,,,,,,,0.0,0.0,0.0,0.0,0.0,0.0,0.0,0.0,0.0,0.0,0.0,0.0,0.0,0.0,0.0,0.0,0.0,0.0,0.0,0.0,0.0,0.0,0.0,0.0,0.0,0.0,0.0,0.0,0.0,0.0,0.0,0.0,0.0,0.0,0.0,0.0,0.0,0.0,0.0,0.0,0.0,0.0,0.0,0.0,0.0,0.0,0.0,0.0,0.0,0.0,0.0,0.0,0.1,0.2,0.3,0.7,1.8,4.8,14.2,21.6,23.1,24.3,25.8,27.4,28.4,29.5,30.4,31.2,31.5,32.2,32.8,33.0,33.2,33.7,34.0,33.9,33.8,34.4,35.1,35.7,36.6,37.1,37.4,38.4,38.9,39.5,40.0,41.0,41.8,42.5,43.1,44.1,46.2,49.1,50.4,50.8,51.5,52.4,53.2,54.3,55.2,56.3,57.3,57.7,58.6,59.4,59.8,59.9,60.4,61.2,61.8,62.3,63.0,64.0,65.2,66.2,66.9,67.7,68.6,69.1,69.7,71.0,72.1,72.3,73.6,75.4,76.8,77.5,78.6,79.7,80.7,81.5,83.0,84.8,86.0,86.5,87.8,89.7,91.5,92.2,93.5,96.6,99.2,101.0,103.2,106.4,108.3,109.8,110.5,111.6,112.2,112.6,113.6,114.7,115.9,117.5,118.3,119.4,120.9,121.3,122.3,123.9,123.5,124.5,127.5,130.5,133.0,136.5,140.9,144.5,148.9,148.3,149.4,152.2,,OECDstat,2015,
BRA,223,Brazil,Inflation,Headline Consumer Price Inflation,22.3,20.1,16.5,12.6,27.6,28.9,42.0,43.7,38.7,53.9,90.2,101.7,100.5,135.0,192.1,226.0,147.1,228.3,629.1,1430.7,2947.7,432.8,952.0,1927.4,2075.9,66.0,15.8,6.9,3.2,4.9,7.0,6.8,8.5,14.7,6.6,6.9,4.2,3.6,5.7,4.9,5.0,6.6,5.4,6.2,6.3,9.0,8.7,3.4,3.7,3.7,3.2,8.3,9.3,,Annual average inflation
