"Italy","136","Financial, Interest Rates, Lending Rate, Percent per annum","FILR_PA","Status",,,,,,,,,,,,,,,,,,,,,,,,,,,,,,,,,,,,,,,,,,,,,,,,,,,,,,,,,,,,,,,,,,,,,,,,,,,,,,,,,,,,,,,,,,,,,,,,,,,,,,,,,,,,,,,,,,,,,,,,,,,,,,,,,,,,,,,,,,,,,,,,,,,,,,,,,,,,,,,,,,,,,,,,,,,,,,,,,,,,,,,,,,,,,,,,,,,,,,,,,,,,,,,,,,,,,,,,,,,,,,,,,,,,,,,,,,,,,,,,,,,,,,,,,,,,,,,,,,,,,,,,,,,,,,,,,,,,,,,,,,,,,,,,,,,,,,,,,,,,,,,,,,,,,,,,,,,,,,,,,,,,,,,,,,,,,,,,,,,,,,,,,,,,,,,,,,,,,,,,,,,,,,,,,,,,,,,,,,,,,,,,,,,,,,,,,,,,,,,,,,,,,,,,,,,,,,,,,,,,,,,,,,,,,,,,,,,,,,,,,,,,,,,,,,,,,,,,,,,,,,,,,,,,,,,,,,,,,,,,,,,,,,,,,,,,,,,,,,,,,,,,,,,,,,,,,,,,,,,,,,,,,,,,,,,,,,,,,,,,,,,,,,,,,,,,,,,,,,,,,,,,,,,,,,,,,,,,,,,,,,,,,,,,,,,,,,,,,,,,,,,,,,,,,,,,,,,,,,,,,,,,,,,,,,,,,,,,,,,,,,,,,,,,,,,,,,,,,,,,,,,,,,,,,,,,,,,,,,,,,,,,,,,,,,,,,,,,,,,,,,,,,,,,,,,,,,,,,,,,,,,,,,,,,,,,,,,,,,,,,,,,,,,,,,,,,,,,,,,,,,,,,,,,,,,,,,,,,,,,,,,,,,,,,,,,,,,,,,,,,,,,,,,,,,,,,,,,,,,,,,,,,,,,,,,,,,,,,,,,,,,,,,,,,,,,,,,,,,,,,,,,,,,,,,,,,,,,,,,,,,,,,,,,,,,,,,,,,,,,,,,,,,,,,,,,,,,,,,,,,,,,,,,,,,,,,,,,,,,,,,,,,,,,,,,,,,,,,,,,,,,,,,,,,,,,,,,,,,,,,,,,,,,,,,,,,,,,,,,,,,,,,,,,,,,,,,,,,,,,,,,,,,,,,,,,,,,,,,,,,,,,,,,,,,,,,,,,,,,,,,,,,,,,,,,,,,,,,,,,,,,,,,,,,,,,,,,,,,,,,,,,,,,,,,,,,,,,,,,,,,,,,,,,,,,,,,,,,,,,,,,,,,,,,,,,,,,,,,,,,,,,,,,,,,,,,,"",,,,,,,,,,,,,,,,,"B",,,,,,,,,,,,,,,,,"",,,,,,,,,,,,,,,,,"",,,,,,,,,,,,,,,,,"",,,,,,,,,,,,,,,,,"",,,,,,,,,,,,,,,,,"",,,,,,,,,,,,,,,,,"",,,,,,,,,,,,,,,,,"",,,,,,,,,,,,,,,,,"",,,,,,,,,,,,,,,,,"",,,,,,,,,,,,,,,,,"",,,,,,,,,,,,,,,,,"",,,,,,,,,,,,,,,,,"",,,,,,,,,,,,,,,,,"",,,,,,,,,,,,,,,,,"",,,,,,,,,,,,,,,,,"",,,,,,,,,,,,,,,,,"",,,,,,,,,,,,,,,,,"",,,,,,,,,,,,,,,,,"",,,,,,,,,,,,,,,,,"",,,,,,,,,,,,,,,,,"",,,,,,,,,,,,,,,,,"",,,,,,,,,,,,,,,,,"",,,,,,,,,,,,,,,,,"",,,,,,,,,,,,,,,,,"",,,,,,,,,,,,,,,,,"",,,,,,,,,,,,,,,,,"",,,,,,,,,,,,,,,,,"",,,,,,,,,,,,,,,,,"",,,,,,,,,,,,,,,,,"",,,,,,,,,,,,,,,,,"",,,,,,,,,,,,,,,,,"",,,,,,,,,,,,,,,,,"",,,,,,,,,,,,,,,,,,,,,,,,,,,,,,
"Italy","136","Financial, Interest Rates, Lending Rate, Percent per annum","FILR_PA","Status",,,,,,,,,,,,,,,,,,,,,,,,,,,,,,,,,,,,,,,,,,,,,,,,,,,,,,,,,,,,,,,,,,,,,,,,,,,,,,,,,,,,,,,,,,,,,,,,,,,,,,,,,,,,,,,,,,,,,,,,,,,,,,,,,,,,,,,,,,,,,,,,,,,,,,,,,,,,,,,,,,,,,,,,,,,,,,,,,,,,,,,,,,,,,,,,,,,,,,,,,,,,,,,,,,,,,,,,,,,,,,,,,,,,,,,,,,,,,,,,,,,,,,,,,,,,,,,,,,,,,,,,,,,,,,,,,,,,,,,,,,,,,,,,,,,,,,,,,,,,,,,,,,,,,,,,,,,,,,,,,,,,,,,,,,,,,,,,,,,,,,,,,,,,,,,,,,,,,,,,,,,,,,,,,,,,,,,,,,,,,,,,,,,,,,,,,,,,,,,,,,,,,,,,,,,,,,,,,,,,,,,,,,,,,,,,,,,,,,,,,,,,,,,,,,,,,,,,,,,,,,,,,,,,,,,,,,,,,,,,,,,,,,,,,,,,,,,,,,,,,,,,,,,,,,,,,,,,,,,,,,,,,,,,,,,,,,,,,,,,,,,,,,,,,,,,,,,,,,,,,,,,,,,,,,,,,,,,,,,,,,,,,,,,,,,,,,,,,,,,,,,,,,,,,,,,,,,,,,,,,,,,,,,,,,,,,,,,,,,,,,,,,,,,,,,,,,,,,,,,,,,,,,,,,,,,,,,,,,,,,,,,,,,,,,,,,,,,,,,,,,,,,,,,,,,,,,,,,,,,,,,,,,,,,,,,,,,,,,,,,,,,,,,,,,,,,,,,,,,,,,,,,,,,,,,,,,,,,,,,,,,,,,,,,,,,,,,,,,,,,,,,,,,,,,,,,,,,,,,,,,,,,,,,,,,,,,,,,,,,,,,,,,,,,,,,,,,,,,,,,,,,,,,,,,,,,,,,,,,,,,,,,,,,,,,,,,,,,,,,,,,,,,,,,,,,,,,,,,,,,,,,,,,,,,,,,,,,,,,,,,,,,,,,,,,,,,,,,,,,,,,,,,,,,,,,,,,,,,,,,,,,,,,,,,,,,,,,,,,,,,,,,,,,,,,,,,,,,,,,,,,,,,,,,,,,,,,,,,,,,,,,,,,,,,,,,,,,,,,,,,,,,,,,,,,,,,,,,,,,,,,,,,,,,,,,,,,,,,,,,,,,,,,,,,,,,,,,,,,,,,,,,,,,,,,,,,,,,,,,,,,,,,,,,,,,,,,,,,,,,,,,,,,,,,,,,,,"",,,,"B",,,,"",,,,"",,,,,"",,,,"",,,,"",,,,"",,,,,"",,,,"",,,,"",,,,"",,,,,"",,,,"",,,,"",,,,"",,,,,"",,,,"",,,,"",,,,"",,,,,"",,,,"",,,,"",,,,"",,,,,"",,,,"",,,,"",,,,"",,,,,"",,,,"",,,,"",,,,"",,,,,"",,,,"",,,,"",,,,"",,,,,"",,,,"",,,,"",,,,"",,,,,"",,,,"",,,,"",,,,"",,,,,"",,,,"",,,,"",,,,"",,,,,"",,,,"",,,,"",,,,"",,,,,"",,,,"",,,,"",,,,"",,,,,"",,,,"",,,,"",,,,"",,,,,"",,,,"",,,,"",,,,"",,,,,"",,,,"",,,,"",,,,"",,,,,"",,,,"",,,,"",,,,"",,,,,"",,,,"",,,,"",,,,"",,,,,"",,,,"",,,,"",,,,"",,,,,"",,,,"",,,,"",,,,"",,,,,"",,,,"",,,,"",,,,"",,,,,"",,,,"",,,,"",,,,"",,,,,"",,,,"",,,,"",,,,"",,,,,"",,,,"",,,,"",,,,"",,,,,"",,,,"",,,,"",,,,"",,,,,"",,,,"",,,,"",,,,"",,,,,"",,,,"",,,,"",,,,"",,,,,"",,,,"",,,,"",,,,"",,,,,"",,,,"",,,,"",,,,"",,,,,"",,,,"",,,,"",,,,"",,,,,"",,,,"",,,,"",,,,"",,,,,"",,,,"",,,,"",,,,"",,,,,"",,,,"",,,,"",,,,"",,,,,"",,,,"",,,,,,,,
"Italy","136","Financial, Interest Rates, Lending Rate, Percent per annum","FILR_PA","Status",,,,,,,,,,,,,,,,,,,,,,,,,,,,,,,,,,,,,,,,,,,,,,,,,,,,,,,,,,,,,,,,,,,,,,,,,,,,,,,,,,,,,,,,,,,,,,,,,,,,,,,,,,,,,,,,,,,,,,,,,,,,,,,,,,,,,,,,,,,,,,,,,,,,,,,,,,,,,,,,,,,,,,,,,,,,,,,,,,,,,,,,,,,,,,,,,,,,,,,,,,,,,,,,,,,,,,,,,,,,,,,,,,,,,,,,,,,,,,,,,,,,,,,,,,,,,,,,,,,,,,,,,,,,,,,,,,,,,,,,,,,,,,,,,,,,,,,,,,,,,,,,,,,,,,,,,,,,,,,,,,,,,,,,,,,,,,,,,,,,,,,,,,,,,,,,,,,,,,,,,,,,,,,,,,,,,,,,,,,,,,,,,,,,,,,,,,,,,,,,,,,,,,,,,,,,,,,,,,,,,,,,,,,,,,,,,,,,,,,,,,,,,,,,,,,,,,,,,,,,,,,,,,,,,,,,,,,,,,,,,,,,,,,,,,,,,,,,,,,,,,,,,,,,,,,,,,,,,,,,,,,,,,,,,,,,,,,,,,,,,,,,,,,,,,,,,,,,,,,,,,,,,,,,,,,,,,,,,,,,,,,,,,,,,,,,,,,,,,,,,,,,,,,,,,,,,,,,,,,,,,,,,,,,,,,,,,,,,,,,,,,,,,,,,,,,,,,,,,,,,,,,,,,,,,,,,,,,,,,,,,,,,,,,,,,,,,,,,,,,,,,,,,,,,,,,,,,,,,,,,,,,,,,,,,,,,,,,,,,,,,,,,,,,,,,,,,,,,,,,,,,,,,,,,,,,,,,,,,,,,,,,,,,,,,,,,,,,,,,,,,,,,,,,,,,,,,,,,,,,,,,,,,,,,,,,,,,,,,,,,,,,,,,,,,,,,,,,,,,,,,,,,,,,,,,,,,,,,,,,,,,,,,,,,,,,,,,,,,,,,,,,,,,,,,,,,,,,,,,,,,,,,,,,,,,,,,,,,,,,,,,,,,,,,,,,,,,,,,,,,,,,,,,,,,,,,,,,,,,,,,,,,,,,,,,,,,,,,,,,,,,,,,,,,,,,,,,,,,,,,,,,,,,,,,,,,,,,,,,,,,,,,,,,,,,,,,,,,,,,,,,,,,,,,,,,,,,,,,,,,,,,,,,,,,,,,,,,,,,,,,,,,,,,,,,,,,,,,,,,,,,,,,,,,,,,,,,,,,,,,,,,,,,,,,,,,,,,,,,,,,,,,,,,,,,,,,,,,"B","",,"","","",,"","","",,"","","",,,"","","",,"","","",,"","","",,"","","",,,"","","",,"","","",,"","","",,"","","",,,"","","",,"","","",,"","","",,"","","",,,"","","",,"","","",,"","","",,"","","",,,"","","",,"","","",,"","","",,"","","",,,"","","",,"","","",,"","","",,"","","",,,"","","",,"","","",,"","","",,"","","",,,"","","",,"","","",,"","","",,"","","",,,"","","",,"","","",,"","","",,"","","",,,"","","",,"","","",,"","","",,"","","",,,"","","",,"","","",,"","","",,"","","",,,"","","",,"","","",,"","","",,"","","",,,"","","",,"","","",,"","","",,"","","",,,"","","",,"","","",,"","","",,"","","",,,"","","",,"","","",,"","","",,"","","",,,"","","",,"","","",,"","","",,"","","",,,"","","",,"","","",,"","","",,"","","",,,"","","",,"","","",,"","","",,"","","",,,"","","",,"","","",,"","","",,"","","",,,"","","",,"","","",,"","","",,"","","",,,"","","",,"","","",,"","","",,"","","",,,"","","",,"","","",,"","","",,"","","",,,"","","",,"","","",,"","","",,"","","",,,"","","",,"","","",,"","","",,"","","",,,"","","",,"","","",,"","","",,"","","",,,"","","",,"","","",,"","","",,"","","",,,"","","",,"","","",,"","","",,"","","",,,"","","",,"","","",,"","","",,"","","",,,"","","",,"","","",,"","","",,"","","",,,"","","",,"","","",,"","","",,"","","",,,"","","",,"","","",,"","","",,"","","",,,"","","",,"","","",,"","","",,"","","",,,"","","",,"","","",,"","","",,"","","",,,"","","",,"","","",,"",,,
"Italy","136","Financial, Interest Rates, Lending Rate, Percent per annum","FILR_PA","Value",,,,,,,,,,,,,,,,,,,,,,,,,,,,,,,,,,,,,,,,,,,,,,,,,,,,,,,,,,,,,,,,,,,,,,,,,,,,,,,,,,,,,,,,,,,,,,,,,,,,,,,,,,,,,,,,,,,,,,,,,,,,,,,,,,,,,,,,,,,,,,,,,,,,,,,,,,,,,,,,,,,,,,,,,,,,,,,,,,,,,,,,,,,,,,,,,,,,,,,,,,,,,,,,,,,,,,,,,,,,,,,,,,,,,,,,,,,,,,,,,,,,,,,,,,,,,,,,,,,,,,,,,,,,,,,,,,,,,,,,,,,,,,,,,,,,,,,,,,,,,,,,,,,,,,,,,,,,,,,,,,,,,,,,,,,,,,,,,,,,,,,,,,,,,,,,,,,,,,,,,,,,,,,,,,,,,,,,,,,,,,,,,,,,,,,,,,,,,,,,,,,,,,,,,,,,,,,,,,,,,,,,,,,,,,,,,,,,,,,,,,,,,,,,,,,,,,,,,,,,,,,,,,,,,,,,,,,,,,,,,,,,,,,,,,,,,,,,,,,,,,,,,,,,,,,,,,,,,,,,,,,,,,,,,,,,,,,,,,,,,,,,,,,,,,,,,,,,,,,,,,,,,,,,,,,,,,,,,,,,,,,,,,,,,,,,,,,,,,,,,,,,,,,,,,,,,,,,,,,,,,,,,,,,,,,,,,,,,,,,,,,,,,,,,,,,,,,,,,,,,,,,,,,,,,,,,,,,,,,,,,,,,,,,,,,,,,,,,,,,,,,,,,,,,,,,,,,,,,,,,,,,,,,,,,,,,,,,,,,,,,,,,,,,,,,,,,,,,,,,,,,,,,,,,,,,,,,,,,,,,,,,,,,,,,,,,,,,,,,,,,,,,,,,,,,,,,,,,,,,,,,,,,,,,,,,,,,,,,,,,,,,,,,,,,,,,,,,,,,,,,,,,,,,,,,,,,,,,,,,,,,,,,,,,,,,,,,,,,,,,,,,,,,,,,,,,,,,,,,,,,,,,,,,,,,,,,,,,,,,,,,,,,,,,,,,,,,,,,,,,,,,,,,,,,,,,,,,,,,,,,,,,,,,,,,,,,,,,,,,,,,,,,,,,,,,,,,,,,,,,,,,,,,,,,,,,,,,,,,,,,,,,,,,,,,,,,,,,,,,,,,,,,,,,,,,,,,,,,,,,,,,,,,,,,,,,,,,,,,,,,,,,,,,,,,,,,,,,,,,,,,,,,,,,,,,,,,,,,,,,,,,,,,,,,,,,,,,,,,,,,,,,,,,,,,,,,"15.0025833333333",,,,,,,,,,,,,,,,,"14.85225",,,,,,,,,,,,,,,,,"14.6664166666667",,,,,,,,,,,,,,,,,"16.5239166666667",,,,,,,,,,,,,,,,,"14.6278333333333",,,,,,,,,,,,,,,,,"11.9838333333333",,,,,,,,,,,,,,,,,"13.236",,,,,,,,,,,,,,,,,"12.8183333333333",,,,,,,,,,,,,,,,,"10.5094833333333",,,,,,,,,,,,,,,,,"8.64310833333333",,,,,,,,,,,,,,,,,"6.345525",,,,,,,,,,,,,,,,,"7.02274166666667",,,,,,,,,,,,,,,,,"7.28775",,,,,,,,,,,,,,,,,"6.53650833333333",,,,,,,,,,,,,,,,,"5.83035",,,,,,,,,,,,,,,,,"5.50616666666667",,,,,,,,,,,,,,,,,"5.313935",,,,,,,,,,,,,,,,,"5.62177916666667",,,,,,,,,,,,,,,,,"6.3347",,,,,,,,,,,,,,,,,"6.83731",,,,,,,,,,,,,,,,,"4.75666666666667",,,,,,,,,,,,,,,,,"4.03166666666667",,,,,,,,,,,,,,,,,"4.59916666666667",,,,,,,,,,,,,,,,,"5.2225",,,,,,,,,,,,,,,,,"5.14416666666667",,,,,,,,,,,,,,,,,"4.86666666666667",,,,,,,,,,,,,,,,,"4.12925",,,,,,,,,,,,,,,,,"3.49616666666667",,,,,,,,,,,,,,,,,"3.00083333333333",,,,,,,,,,,,,,,,,"2.68",,,,,,,,,,,,,,,,,"2.6025",,,,,,,,,,,,,,,,,"2.32833333333333",,,,,,,,,,,,,,,,,"2.02591666666667",,,,,,,,,,,,,,,,,"2.264455",,,,,,,,,,,,,,,,,,,,,,,,,,,,,,"",
"Italy","136","Financial, Interest Rates, Lending Rate, Percent per annum","FILR_PA","Value",,,,,,,,,,,,,,,,,,,,,,,,,,,,,,,,,,,,,,,,,,,,,,,,,,,,,,,,,,,,,,,,,,,,,,,,,,,,,,,,,,,,,,,,,,,,,,,,,,,,,,,,,,,,,,,,,,,,,,,,,,,,,,,,,,,,,,,,,,,,,,,,,,,,,,,,,,,,,,,,,,,,,,,,,,,,,,,,,,,,,,,,,,,,,,,,,,,,,,,,,,,,,,,,,,,,,,,,,,,,,,,,,,,,,,,,,,,,,,,,,,,,,,,,,,,,,,,,,,,,,,,,,,,,,,,,,,,,,,,,,,,,,,,,,,,,,,,,,,,,,,,,,,,,,,,,,,,,,,,,,,,,,,,,,,,,,,,,,,,,,,,,,,,,,,,,,,,,,,,,,,,,,,,,,,,,,,,,,,,,,,,,,,,,,,,,,,,,,,,,,,,,,,,,,,,,,,,,,,,,,,,,,,,,,,,,,,,,,,,,,,,,,,,,,,,,,,,,,,,,,,,,,,,,,,,,,,,,,,,,,,,,,,,,,,,,,,,,,,,,,,,,,,,,,,,,,,,,,,,,,,,,,,,,,,,,,,,,,,,,,,,,,,,,,,,,,,,,,,,,,,,,,,,,,,,,,,,,,,,,,,,,,,,,,,,,,,,,,,,,,,,,,,,,,,,,,,,,,,,,,,,,,,,,,,,,,,,,,,,,,,,,,,,,,,,,,,,,,,,,,,,,,,,,,,,,,,,,,,,,,,,,,,,,,,,,,,,,,,,,,,,,,,,,,,,,,,,,,,,,,,,,,,,,,,,,,,,,,,,,,,,,,,,,,,,,,,,,,,,,,,,,,,,,,,,,,,,,,,,,,,,,,,,,,,,,,,,,,,,,,,,,,,,,,,,,,,,,,,,,,,,,,,,,,,,,,,,,,,,,,,,,,,,,,,,,,,,,,,,,,,,,,,,,,,,,,,,,,,,,,,,,,,,,,,,,,,,,,,,,,,,,,,,,,,,,,,,,,,,,,,,,,,,,,,,,,,,,,,,,,,,,,,,,,,,,,,,,,,,,,,,,,,,,,,,,,,,,,,,,,,,,,,,,,,,,,,,,,,,,,,,,,,,,,,,,,,,,,,,,,,,,,,,,,,,,,,,,,,,,,,,,,,,,,,,,,,,,,,,,,,,,,,,,,,,,,,,,,,,,,,,,,,,,,,,,,,,,,,,,,,,,,,,,,,,,,,,,,,,,,,,,,,,,,,,,,,,,,,,,,,,,,,,,,,,,,,,,,,,,,,,,,,,,,,,,,,,"14.8215",,,,"15.1551666666667",,,,"15.0181666666667",,,,"15.0155",,,,,"15.1891666666667",,,,"15.1531666666667",,,,"14.6048333333333",,,,"14.4618333333333",,,,,"14.9488333333333",,,,"14.7928333333333",,,,"14.4365",,,,"14.4875",,,,,"14.8758333333333",,,,"15.0951666666667",,,,"17.5805",,,,"18.5441666666667",,,,,"16.4028333333333",,,,"15.0965",,,,"13.9778333333333",,,,"13.0341666666667",,,,,"12.3238333333333",,,,"11.7828333333333",,,,"11.8871666666667",,,,"11.9415",,,,,"12.2601666666667",,,,"13.3371666666667",,,,"13.6678333333333",,,,"13.6788333333333",,,,,"13.4925",,,,"13.1698333333333",,,,"12.6565",,,,"11.9545",,,,,"11.1668333333333",,,,"10.7078333333333",,,,"10.2414333333333",,,,"9.92183333333333",,,,,"9.43766666666667",,,,"8.87453333333333",,,,"8.38483333333333",,,,"7.8754",,,,,"6.83203333333333",,,,"6.29316666666667",,,,"6.04206666666667",,,,"6.21483333333333",,,,,"6.3976",,,,"6.79703333333333",,,,"7.26816666666667",,,,"7.62816666666667",,,,,"7.5615",,,,"7.43203333333333",,,,"7.2965",,,,"6.86096666666667",,,,,"6.5665",,,,"6.5293",,,,"6.54873333333333",,,,"6.5015",,,,,"6.19766666666667",,,,"5.92896666666667",,,,"5.6572",,,,"5.53756666666667",,,,,"5.5554",,,,"5.46736666666667",,,,"5.53566666666667",,,,"5.46623333333333",,,,,"5.46662666666667",,,,"5.34266666666667",,,,"5.2243",,,,"5.22214666666667",,,,,"5.40493",,,,"5.49876",,,,"5.68007666666667",,,,"5.90335",,,,,"6.07761666666667",,,,"6.20147",,,,"6.39670333333333",,,,"6.66301",,,,,"6.65812333333333",,,,"6.77778333333333",,,,"6.99",,,,"6.92333333333333",,,,,"5.59666666666667",,,,"4.76666666666667",,,,"4.39",,,,"4.27333333333333",,,,,"4.18333333333333",,,,"4.01",,,,"3.93333333333333",,,,"4",,,,,"4.2",,,,"4.41333333333333",,,,"4.67666666666667",,,,"5.10666666666667",,,,,"5.35666666666667",,,,"5.25",,,,"5.12333333333333",,,,"5.16",,,,,"5.19",,,,"5.12333333333333",,,,"5.13666666666667",,,,"5.12666666666667",,,,,"5.14",,,,"5.01",,,,"4.76333333333333",,,,"4.55333333333333",,,,,"4.45333333333333",,,,"4.16866666666667",,,,"4.004",,,,"3.891",,,,,"3.828",,,,"3.58333333333333",,,,"3.34",,,,"3.23333333333333",,,,,"3.18",,,,"3.04",,,,"2.94",,,,"2.84333333333333",,,,,"2.77333333333333",,,,"2.69",,,,"2.63",,,,"2.62666666666667",,,,,"2.7",,,,"2.66",,,,"2.54666666666667",,,,"2.50333333333333",,,,,"2.49",,,,"2.37333333333333",,,,"2.22333333333333",,,,"2.22666666666667",,,,,"2.15333333333333",,,,"2.06033333333333",,,,"1.97333333333333",,,,"1.91666666666667",,,,,"1.94",,,,"1.91732",,,,"2.1045",,,,"3.096",,,,,"4.115925",,,,"4.78666666666667",,,,,,,,"",
"Italy","136","Financial, Interest Rates, Lending Rate, Percent per annum","FILR_PA","Value",,,,,,,,,,,,,,,,,,,,,,,,,,,,,,,,,,,,,,,,,,,,,,,,,,,,,,,,,,,,,,,,,,,,,,,,,,,,,,,,,,,,,,,,,,,,,,,,,,,,,,,,,,,,,,,,,,,,,,,,,,,,,,,,,,,,,,,,,,,,,,,,,,,,,,,,,,,,,,,,,,,,,,,,,,,,,,,,,,,,,,,,,,,,,,,,,,,,,,,,,,,,,,,,,,,,,,,,,,,,,,,,,,,,,,,,,,,,,,,,,,,,,,,,,,,,,,,,,,,,,,,,,,,,,,,,,,,,,,,,,,,,,,,,,,,,,,,,,,,,,,,,,,,,,,,,,,,,,,,,,,,,,,,,,,,,,,,,,,,,,,,,,,,,,,,,,,,,,,,,,,,,,,,,,,,,,,,,,,,,,,,,,,,,,,,,,,,,,,,,,,,,,,,,,,,,,,,,,,,,,,,,,,,,,,,,,,,,,,,,,,,,,,,,,,,,,,,,,,,,,,,,,,,,,,,,,,,,,,,,,,,,,,,,,,,,,,,,,,,,,,,,,,,,,,,,,,,,,,,,,,,,,,,,,,,,,,,,,,,,,,,,,,,,,,,,,,,,,,,,,,,,,,,,,,,,,,,,,,,,,,,,,,,,,,,,,,,,,,,,,,,,,,,,,,,,,,,,,,,,,,,,,,,,,,,,,,,,,,,,,,,,,,,,,,,,,,,,,,,,,,,,,,,,,,,,,,,,,,,,,,,,,,,,,,,,,,,,,,,,,,,,,,,,,,,,,,,,,,,,,,,,,,,,,,,,,,,,,,,,,,,,,,,,,,,,,,,,,,,,,,,,,,,,,,,,,,,,,,,,,,,,,,,,,,,,,,,,,,,,,,,,,,,,,,,,,,,,,,,,,,,,,,,,,,,,,,,,,,,,,,,,,,,,,,,,,,,,,,,,,,,,,,,,,,,,,,,,,,,,,,,,,,,,,,,,,,,,,,,,,,,,,,,,,,,,,,,,,,,,,,,,,,,,,,,,,,,,,,,,,,,,,,,,,,,,,,,,,,,,,,,,,,,,,,,,,,,,,,,,,,,,,,,,,,,,,,,,,,,,,,,,,,,,,,,,,,,,,,,,,,,,,,,,,,,,,,,,,,,,,,,,,,,,,,,,,,,,,,,,,,,,,,,,,,,,,,,,,,,,,,,,,,,,,,,,,,,,,,,,,,,,,,,,,,,,,,,,,,,,,,,,,,,,,,,,,,,,,,,,,,,,,,,,,,,,,,,,,,,,,,,,,,,,,,,,,,,,,"14.5875","15.0555",,"15.2265","15.1845","15.0545",,"15.0045","15.0035","15.0465",,"15.0705","15.0265","14.9495",,,"15.0565","15.2195","15.2915",,"15.2925","15.2155","14.9515",,"14.6625","14.5755","14.5765",,"14.4435","14.3935","14.5485",,,"14.7845","15.0105","15.0515",,"14.9945","14.8725","14.5115",,"14.3755","14.4425","14.4915",,"14.4535","14.4115","14.5975",,,"14.8925","14.8995","14.8355",,"14.9205","15.0465","15.3185",,"16.6245","17.5075","18.6095",,"19.2955","18.6445","17.6925",,,"17.0015","16.4115","15.7955",,"15.4475","15.1335","14.7085",,"14.3245","13.9445","13.6645",,"13.3115","13.0385","12.7525",,,"12.4915","12.3585","12.1215",,"11.9575","11.8355","11.5555",,"11.7015","11.8965","12.0635",,"11.9975","11.9625","11.8645",,,"11.9895","12.1385","12.6525",,"13.1515","13.2495","13.6105",,"13.6725","13.6975","13.6335",,"13.6295","13.7655","13.6415",,,"13.5845","13.4915","13.4015",,"13.3125","13.1915","13.0055",,"12.8735","12.6475","12.4485",,"12.2955","11.9855","11.5825",,,"11.3995","11.1365","10.9645",,"10.8595","10.7237","10.5403",,"10.375","10.2205","10.1288",,"10.036","9.9535","9.776",,,"9.5903","9.4489","9.2738",,"9.0923","8.8765","8.6548",,"8.4898","8.3532","8.3115",,"8.2365","7.9265","7.4632",,,"7.0398","6.8448","6.6115",,"6.4848","6.2682","6.1265",,"6.0832","6.0332","6.0098",,"6.0632","6.2715","6.3098",,,"6.3298","6.3915","6.4715",,"6.5998","6.7965","6.9948",,"7.2198","7.1915","7.3932",,"7.5898","7.6565","7.6382",,,"7.6015","7.5648","7.5182",,"7.4765","7.4498","7.3698",,"7.3482","7.3015","7.2398",,"7.0532","6.8615","6.6682",,,"6.5965","6.5715","6.5315",,"6.5165","6.5232","6.5482",,"6.5732","6.5482","6.5248",,"6.5548","6.5332","6.4165",,,"6.2982","6.1801","6.1147",,"6.0098","5.9859","5.7912",,"5.7101","5.6278","5.6337",,"5.6099","5.5502","5.4526",,,"5.5687","5.587","5.5105",,"5.5176","5.4903","5.3942",,"5.5136","5.5497","5.5437",,"5.5406","5.4789","5.3792",,,"5.55283","5.46986","5.37719",,"5.41934","5.36824","5.24042",,"5.21105","5.23979","5.22206",,"5.2129","5.18949","5.26405",,,"5.39365","5.38451","5.43663",,"5.49753","5.47318","5.52557",,"5.6034","5.67218","5.76465",,"5.86752","5.92346","5.91907",,,"6.0632","6.07329","6.09636",,"6.20025","6.19708","6.20708",,"6.28606","6.37075","6.5333",,"6.64909","6.60198","6.73796",,,"6.72444","6.61518","6.63475",,"6.72335","6.75","6.86",,"6.93","6.97","7.07",,"7.16","6.96","6.65",,,"6.01","5.56","5.22",,"4.89","4.76","4.65",,"4.43","4.39","4.35",,"4.33","4.28","4.21",,,"4.23","4.18","4.14",,"4.1","4.06","3.87",,"3.86","3.96","3.98",,"3.99","4.04","3.97",,,"4.19","4.22","4.19",,"4.34","4.42","4.48",,"4.56","4.7","4.77",,"4.98","5.05","5.29",,,"5.37","5.33","5.37",,"5.27","5.27","5.21",,"5.17","5.12","5.08",,"5.2","5.13","5.15",,,"5.25","5.19","5.13",,"5.17","5.11","5.09",,"5.1","5.13","5.18",,"5.2","5.1","5.08",,,"5.21","5.14","5.07",,"5.09","5.01","4.93",,"4.82","4.76","4.71",,"4.62","4.53","4.51",,,"4.53","4.47","4.36",,"4.29","4.15","4.066",,"4.012","4.02","3.98",,"3.95","3.92","3.803",,,"3.894","3.85","3.74",,"3.68","3.64","3.43",,"3.34","3.35","3.33",,"3.3","3.29","3.11",,,"3.22","3.19","3.13",,"3.09","3.05","2.98",,"2.96","2.97","2.89",,"2.91","2.86","2.76",,,"2.79","2.8","2.73",,"2.75","2.7","2.62",,"2.64","2.66","2.59",,"2.67","2.64","2.57",,,"2.71","2.71","2.68",,"2.73","2.66","2.59",,"2.56","2.52","2.56",,"2.56","2.49","2.46",,,"2.53","2.47","2.47",,"2.46","2.34","2.32",,"2.23","2.21","2.23",,"2.21","2.27","2.2",,,"2.21","2.17","2.08",,"2.098","2.079","2.004",,"1.96","1.98","1.98",,"1.95","1.95","1.85",,,"1.96","1.93","1.93",,"1.91","1.90116","1.9408",,"1.93","2.0495","2.334",,"2.81","3.108","3.37",,,"3.894775","4.127","4.326",,"4.62","4.79","4.95",,"5.12",,,"",
"Italy","136","Gross Domestic Product, Nominal, Domestic Currency","NGDP_XDC","Value",,,,,,,,,,,,,,,,,,,,,,,,,,,,,,,,,,,,,,,,,,,,,,,,,,,,,,,,,,,,,,,,,,,,,,,,,,,,,,,,,,,,,,,,,,,,,,,,,,,,,,,,,,,,,,,,,,,,,,,,,,,,,,,,,,,,,,,,,,,,,,,,,,,,,,,,,,,,,,,,,,,,,,,,,,,,,,,,,,,,,,,,,,,,,,,,,,,,,,,,,,,,,,,,,,,,,,,,,,,,,,,,,,,,,,,,,,,,,,,,,,,,,,,,,,,,,,,,,,,,,,,,,,,,,,,,,,,,,,,,,,,,,,,,,,,,,,,,,,,,,,,,,,,,,,,,,,,,,,,,,,,,,,,,,,,,,,,,,,,,,,,,,,,,,,,,,,,,,,,,,,,,,,,,,,,,,,,,,,,,,,,,,,,,,,,,,,,,,,,,,,,,,,,,,,,,,,,,,,,,,,,,,,,,,,,,,,,,,,,,,,,,,,,,,,,,,,,,,,,,,,,,,,,,,,,,,,,,,,,,,,,,,,,,,,,,,,,,,,,,,,,,,,,,,,,,,,,,,,,,,,,,,,,,,,,,,,,,,,,,,,,,,,,,,,,,,,,,,,,,,,,,,,,,,,,,,,,,,,,,,,,,,,,,,,,,,,,,,,,,,,,,,,,,,,,,,,,,,,,,,,,,,,,,,,,,,,,,,,,,,,,,,,,,,,,,,,,,,,,,,,,,,,,,,,,,,,,,,,,,,,,,,,,,,,,,,,,,,,,,,,,,,,,,,,,,,,,,,,,,,,,,,,,,,,,,,,,,,,,,,,,,,,,,,,,,,,,,,,,,,,,,,,,,,,,,,,,,,,,,,,,,,,,,,,,,,,,,,,,,,,,,,,,,,,,,,,,,,,,,,,,,,,,,,,,,,,,,,,,,,,,,,,,,,,,,,,,,,,,,,,,,,,,,,,,,,,,,,,,,,,,,,,,,,,,,,,,,,,,,,,,,,,,,,,,,,,,,,,,,,,,,,,,,,,,,,,,,,,,,,,,,,,,,,,,,,,,,,,,,,,,,,,,,,,,,,,,,,,,,,,,,,,,,,,,,,,,,,,,,,,,,,,,,,,,,,,,,,,,,,,,,,,,,,,,,,,,,,,,,,,,,,,,,,,,,,,,,,,,,,,,,,,,,,,,,,,,,,,,,,,,,,,,,,,,,,,,,,,,,,,,,,,,,,,,,,,,,,,,,,,,,,,,,,,,,,,,,,,,,,,,,,,,,,,,,,,,,,,,,,,,,,,,,,,,,,,,,,,,,,,,,,,,,,,,,,,,,,,,,,,,,,,,,,,,,,,,,,,,,,,,,,,,,,,,,,,,,,,,,,,,,,,,,,,,,,,,,,,,,,,,,,,,,,,,,,,,,"988243200000",,,,,,,,,,,,,,,,,"1045872700000",,,,,,,,,,,,,,,,,"1092357300000",,,,,,,,,,,,,,,,,"1138856100000",,,,,,,,,,,,,,,,,"1175149500000",,,,,,,,,,,,,,,,,"1241512900000",,,,,,,,,,,,,,,,,"1304136800000",,,,,,,,,,,,,,,,,"1350258900000",,,,,,,,,,,,,,,,,"1394693200000",,,,,,,,,,,,,,,,,"1452319000000",,,,,,,,,,,,,,,,,"1493635300000",,,,,,,,,,,,,,,,,"1552686800000",,,,,,,,,,,,,,,,,"1614839800000",,,,,,,,,,,,,,,,,"1637699400000",,,,,,,,,,,,,,,,,"1577255900000",,,,,,,,,,,,,,,,,"1611279400000",,,,,,,,,,,,,,,,,"1648755800000",,,,,,,,,,,,,,,,,"1624358700000",,,,,,,,,,,,,,,,,"1612751300000",,,,,,,,,,,,,,,,,"1627405600000",,,,,,,,,,,,,,,,,"1655355000000",,,,,,,,,,,,,,,,,"1695786800000",,,,,,,,,,,,,,,,,"1736592800000",,,,,,,,,,,,,,,,,"1771391200000",,,,,,,,,,,,,,,,,"1796648500000",,,,,,,,,,,,,,,,,"1661019900000",,,,,,,,,,,,,,,,,"1787675400000",,,,,,,,,,,,,,,,,"1909153600000",,,,,,,,,,,,,,,,,,,,,,,,,,,,,,"",
"Italy","136","Prices, Consumer Price Index, All items, Index","PCPI_IX","Status",,,,,,,,,,,,,,,,,,,,,,,,,,,,,,,,,,,,,,,,,,,,,,,,,,,,,,,,,,,,,,,,,,,,,,,,,,,,,,,,,,,,,,,,,,,,,,,,,,,,,,,,,,,,,,,,,,,,,,,,,,,,,,,,,,,,,,,,,,,,,,,,,,,,,,,,,,,,,,,,,,,,,,,,,,,,,,,,,,,,,,,,,,,,,,,,,,,,,,,,,,,,,,,,,,,,,,,,,,,,,,,,,,,,,,,,,,,,,,,,,,,,,,,,,,,,,,,,,,,,,,,,,,,,,,,,,,,,,,,,,,,,,,,,,,,,,,,,,,,,,,,,,,,,,,,,,,,,,,,,,,,,,,,,,,,,,,,,,,,,,,,,,,,,,,,,,,,,,,,,,,,,,,,,,,,,,,,,,,,,,,,,,,,,,,,,,,,,,,,,,,,,,,,,,,,,,,,,,,,,,,,,,,,,,,,,,,,,,,,,,,,,,,,,,,,,,,,,,,,,,,,,,,,,,,,,,,,,,,,,,,,,,,,,,,,,,,,,,,,,,,,,,,,,,,,"",,,,,,,,,,,,,,,,,"",,,,,,,,,,,,,,,,,"",,,,,,,,,,,,,,,,,"",,,,,,,,,,,,,,,,,"",,,,,,,,,,,,,,,,,"",,,,,,,,,,,,,,,,,"",,,,,,,,,,,,,,,,,"",,,,,,,,,,,,,,,,,"",,,,,,,,,,,,,,,,,"",,,,,,,,,,,,,,,,,"",,,,,,,,,,,,,,,,,"",,,,,,,,,,,,,,,,,"",,,,,,,,,,,,,,,,,"",,,,,,,,,,,,,,,,,"",,,,,,,,,,,,,,,,,"",,,,,,,,,,,,,,,,,"",,,,,,,,,,,,,,,,,"",,,,,,,,,,,,,,,,,"",,,,,,,,,,,,,,,,,"",,,,,,,,,,,,,,,,,"",,,,,,,,,,,,,,,,,"",,,,,,,,,,,,,,,,,"",,,,,,,,,,,,,,,,,"",,,,,,,,,,,,,,,,,"",,,,,,,,,,,,,,,,,"",,,,,,,,,,,,,,,,,"",,,,,,,,,,,,,,,,,"",,,,,,,,,,,,,,,,,"",,,,,,,,,,,,,,,,,"",,,,,,,,,,,,,,,,,"",,,,,,,,,,,,,,,,,"",,,,,,,,,,,,,,,,,"",,,,,,,,,,,,,,,,,"",,,,,,,,,,,,,,,,,"",,,,,,,,,,,,,,,,,"",,,,,,,,,,,,,,,,,"",,,,,,,,,,,,,,,,,"",,,,,,,,,,,,,,,,,"",,,,,,,,,,,,,,,,,"",,,,,,,,,,,,,,,,,"",,,,,,,,,,,,,,,,,"",,,,,,,,,,,,,,,,,"",,,,,,,,,,,,,,,,,"",,,,,,,,,,,,,,,,,"",,,,,,,,,,,,,,,,,"B",,,,,,,,,,,,,,,,,"",,,,,,,,,,,,,,,,,"",,,,,,,,,,,,,,,,,"",,,,,,,,,,,,,,,,,"B",,,,,,,,,,,,,,,,,"",,,,,,,,,,,,,,,,,"",,,,,,,,,,,,,,,,,"",,,,,,,,,,,,,,,,,"",,,,,,,,,,,,,,,,,"",,,,,,,,,,,,,,,,,"",,,,,,,,,,,,,,,,,"",,,,,,,,,,,,,,,,,"",,,,,,,,,,,,,,,,,"",,,,,,,,,,,,,,,,,"",,,,,,,,,,,,,,,,,"",,,,,,,,,,,,,,,,,"",,,,,,,,,,,,,,,,,"",,,,,,,,,,,,,,,,,"",,,,,,,,,,,,,,,,,"",,,,,,,,,,,,,,,,,"B",,,,,,,,,,,,,,,,,"",,,,,,,,,,,,,,,,,"",,,,,,,,,,,,,,,,,"",,,,,,,,,,,,,,,,,"",,,,,,,,,,,,,,,,,"",,,,,,,,,,,,,,,,,"",,,,,,,,,,,,,,,,,"",,,,,,,,,,,,,,,,,,,,,,,,,,,,,,
"Italy","136","Prices, Consumer Price Index, All items, Index","PCPI_IX","Status",,,,,,,,,,,,,,,,,,,,,,,,,,,,,,,,,,,,,,,,,,,,,,,,,,,,,,,,,,,,,,,,,,,,,,,,,,,,,,,,,,,,,,,,,,,,,,,,,,,,,,,,,,,,,,,,,,,,,,,,,,,,,,,,,,,,,,,,,,,,,,,,,,,,,,,,,,,,,,,,,,,,,,,,,,,,,,,,,,,,,,,,,,,,,,,,,,,,,,,,,,,,,,,,,,,,,,,,,,,,,,,,,,,,,,,,,,,,,,,,,,,,,,,,,,,,,,,,,,,,,,,,,,,,,,,,,,,,,,,,,,,,,,,,,,,,,,,,,,,,,,,,,,,,,,,,,,,,,,,,,,,,,,,,,,,,,,,,,,,,,,,,,,,,,,,,,,,,,,,,,,,,,,,,,,,,,,,,,,,,,,,,,,,,,,,,,,,,,,,,,,,,,,,,,,,,,,,,,,,,,,,,,,,,,,,,,,,,,,,,,,,,,,,,,,,,,,,,,,,,,,,,,,,,,,,,,,,,,,,,,,,,,,,,,,,,,,,,,,,,,,,,,,,,,,,,,,,,,,,,,,,,,,,,,,,,,,,,,,,,,,,,,,,,,,,,,,,,,,,,,,,,,,,,,,,,,,,,,,,,,,,,,,,,,,,,,,,,,"",,,,"",,,,"",,,,"",,,,,"",,,,"",,,,"",,,,"",,,,,"",,,,"",,,,"",,,,"",,,,,"",,,,"",,,,"",,,,"",,,,,"",,,,"",,,,"",,,,"",,,,,"",,,,"",,,,"",,,,"",,,,,"",,,,"",,,,"",,,,"",,,,,"",,,,"",,,,"",,,,"",,,,,"",,,,"",,,,"",,,,"",,,,,"",,,,"",,,,"",,,,"",,,,,"",,,,"",,,,"",,,,"",,,,,"",,,,"",,,,"",,,,"",,,,,"",,,,"",,,,"",,,,"",,,,,"",,,,"",,,,"",,,,"",,,,,"",,,,"",,,,"",,,,"",,,,,"",,,,"",,,,"",,,,"",,,,,"",,,,"",,,,"",,,,"",,,,,"",,,,"",,,,"",,,,"",,,,,"",,,,"",,,,"",,,,"",,,,,"",,,,"",,,,"",,,,"",,,,,"",,,,"",,,,"",,,,"",,,,,"",,,,"",,,,"",,,,"",,,,,"",,,,"",,,,"",,,,"",,,,,"",,,,"",,,,"",,,,"",,,,,"",,,,"",,,,"",,,,"",,,,,"",,,,"",,,,"",,,,"",,,,,"",,,,"",,,,"",,,,"",,,,,"",,,,"",,,,"",,,,"",,,,,"",,,,"",,,,"",,,,"",,,,,"",,,,"",,,,"",,,,"",,,,,"",,,,"",,,,"",,,,"",,,,,"",,,,"",,,,"",,,,"",,,,,"",,,,"",,,,"",,,,"",,,,,"",,,,"",,,,"",,,,"",,,,,"",,,,"",,,,"",,,,"",,,,,"",,,,"",,,,"",,,,"",,,,,"",,,,"",,,,"",,,,"",,,,,"",,,,"",,,,"",,,,"",,,,,"",,,,"",,,,"",,,,"",,,,,"",,,,"",,,,"",,,,"",,,,,"B",,,,"",,,,"",,,,"",,,,,"",,,,"",,,,"",,,,"",,,,,"",,,,"",,,,"",,,,"",,,,,"",,,,"",,,,"",,,,"",,,,,"B",,,,"",,,,"",,,,"",,,,,"",,,,"",,,,"",,,,"",,,,,"",,,,"",,,,"",,,,"",,,,,"",,,,"",,,,"",,,,"",,,,,"",,,,"",,,,"",,,,"",,,,,"",,,,"",,,,"",,,,"",,,,,"",,,,"",,,,"",,,,"",,,,,"",,,,"",,,,"",,,,"",,,,,"",,,,"",,,,"",,,,"",,,,,"",,,,"",,,,"",,,,"",,,,,"",,,,"",,,,"",,,,"",,,,,"",,,,"",,,,"",,,,"",,,,,"",,,,"",,,,"",,,,"",,,,,"",,,,"",,,,"",,,,"",,,,,"",,,,"",,,,"",,,,"",,,,,"",,,,"",,,,"",,,,"",,,,,"B",,,,"",,,,"",,,,"",,,,,"",,,,"",,,,"",,,,"",,,,,"",,,,"",,,,"",,,,"",,,,,"",,,,"",,,,"",,,,"",,,,,"",,,,"",,,,"",,,,"",,,,,"",,,,"",,,,"",,,,"",,,,,"",,,,"",,,,"",,,,"",,,,,"",,,,"",,,,"",,,,"",,,,,"",,,,"",,,,,,,,
"Italy","136","Prices, Consumer Price Index, All items, Index","PCPI_IX","Status",,,,,,,,,,,,,,,,,,,,,,,,,,,,,,,,,,,,,,,,,,,,,,,,,,,,,,,,,,,,,,,,,,,,,,,,,,,,,,,,,,,,,,,,,,,,,,,,,,,,,,,,,,,,,,,,,,,,,,,,,,,,,,,,,,,,,,,,,,,,,,,,,,,,,,,,,,,,,,,,,,,,,,,,,,,,,,,,,,,,,,,,,,,,,,,,,,,,,,,,,,,,,,,,,,,,,,,,,,,,,,,,,,,,,,,,,,,,,,,,,,,,,,,,,,,,,,,,,,,,,,,,,,,,,,,,,,,,,,,,,,,,,,,,,,,,,,,,,,,,,,,,,,,,,,,,,,,,,,,,,,,,,,,,,,,,,,,,,,,,,,,,,,,,,,,,,,,,,,,,,,,,,,,,,,,,,,,,,,,,,,,,,,,,,,,,,,,,,,,,,,,,,,,,,,,,,,,,,,,,,,,,,,,,,,,,,,,,,,,,,,,,,,,,,,,,,,,,,,,,,,,,,,,,,,,,,,,,,,,,,,,,,,,,,,,,,,,,,,,,,,,,,,,,,,,,,,,,,,,,,,,,,,,,,,,,,,,,,,,,,,,,,,,,,,,,,,,,,,,,,,,,,,,,,,,,,,,,,,,,,,,,,,,,,,,,,,,,,,"","","",,"","","",,"","","",,"","","",,,"","","",,"","","",,"","","",,"","","",,,"","","",,"","","",,"","","",,"","","",,,"","","",,"","","",,"","","",,"","","",,,"","","",,"","","",,"","","",,"","","",,,"","","",,"","","",,"","","",,"","","",,,"","","",,"","","",,"","","",,"","","",,,"","","",,"","","",,"","","",,"","","",,,"","","",,"","","",,"","","",,"","","",,,"","","",,"","","",,"","","",,"","","",,,"","","",,"","","",,"","","",,"","","",,,"","","",,"","","",,"","","",,"","","B",,,"","","",,"","","",,"","","",,"","","",,,"","","",,"","","",,"","","",,"","","",,,"","","",,"","","",,"","","",,"","","",,,"","","",,"","","",,"","","",,"","","",,,"","","",,"","","",,"","","",,"","","",,,"","","",,"","","",,"","","",,"","","",,,"","","",,"","","",,"","","",,"","","",,,"","","",,"","","",,"","","",,"","","",,,"","","",,"","","",,"","","",,"","","",,,"","","",,"","","",,"","","",,"","","",,,"","","",,"","","",,"","","",,"","","",,,"","","",,"","","",,"","","",,"","","",,,"","","",,"","","",,"","","",,"","","",,,"","","",,"","","",,"","","",,"","","",,,"","","",,"","","",,"","","",,"","","",,,"","","",,"","","",,"","","",,"","","",,,"","","",,"","","",,"","","",,"","","",,,"","","",,"","","",,"","","",,"","","",,,"","","",,"","","",,"","","",,"","","",,,"","","",,"","","",,"","","",,"","","",,,"","","",,"","","",,"","","",,"","","",,,"","","",,"","","",,"","","",,"","","",,,"","","",,"","","",,"","","",,"","","",,,"","","",,"","","",,"","","",,"","","",,,"","","",,"","","",,"","","",,"","","",,,"","","",,"","","",,"","","",,"","","",,,"","","",,"","","",,"","","",,"","","",,,"","","",,"","","",,"","","",,"","","",,,"B","","",,"","","",,"","","",,"","","",,,"","","",,"","","",,"","","",,"","","",,,"","","",,"","","",,"","","",,"","","",,,"","","",,"","","",,"","","",,"","","",,,"B","","",,"","","",,"","","",,"","","",,,"","","",,"","","",,"","","",,"","","",,,"","","",,"","","",,"","","",,"","","",,,"","","",,"","","",,"","","",,"","","",,,"","","",,"","","",,"","","",,"","","",,,"","","",,"","","",,"","","",,"","","",,,"","","",,"","","",,"","","",,"","","",,,"","","",,"","","",,"","","",,"","","",,,"","","",,"","","",,"","","",,"","","",,,"","","",,"","","",,"","","",,"","","",,,"","","",,"","","",,"","","",,"","","",,,"","","",,"","","",,"","","",,"","","",,,"","","",,"","","",,"","","",,"","","",,,"","","",,"","","",,"","","",,"","","",,,"","","",,"","","",,"","","",,"","","",,,"","","",,"","","",,"","","",,"","","",,,"B","","",,"","","",,"","","",,"","","",,,"","","",,"","","",,"","","",,"","","",,,"","","",,"","","",,"","","",,"","","",,,"","","",,"","","",,"","","",,"","","",,,"","","",,"","","",,"","","",,"","","",,,"","","",,"","","",,"","","",,"","","",,,"","","",,"","","",,"","","",,"","","",,,"","","",,"","","",,"","","",,"","","",,,"","","",,"","","",,"",,,
"Italy","136","Prices, Consumer Price Index, All items, Index","PCPI_IX","Value",,,,,,,,,,,,,,,,,,,,,,,,,,,,,,,,,,,,,,,,,,,,,,,,,,,,,,,,,,,,,,,,,,,,,,,,,,,,,,,,,,,,,,,,,,,,,,,,,,,,,,,,,,,,,,,,,,,,,,,,,,,,,,,,,,,,,,,,,,,,,,,,,,,,,,,,,,,,,,,,,,,,,,,,,,,,,,,,,,,,,,,,,,,,,,,,,,,,,,,,,,,,,,,,,,,,,,,,,,,,,,,,,,,,,,,,,,,,,,,,,,,,,,,,,,,,,,,,,,,,,,,,,,,,,,,,,,,,,,,,,,,,,,,,,,,,,,,,,,,,,,,,,,,,,,,,,,,,,,,,,,,,,,,,,,,,,,,,,,,,,,,,,,,,,,,,,,,,,,,,,,,,,,,,,,,,,,,,,,,,,,,,,,,,,,,,,,,,,,,,,,,,,,,,,,,,,,,,,,,,,,,,,,,,,,,,,,,,,,,,,,,,,,,,,,,,,,,,,,,,,,,,,,,,,,,,,,,,,,,,,,,,,,,,,,,,,,,,,,,,,,,,,,,,,,,"3.01383990609217",,,,,,,,,,,,,,,,,"3.44438846406976",,,,,,,,,,,,,,,,,"3.5084370098899",,,,,,,,,,,,,,,,,"3.55825254556337",,,,,,,,,,,,,,,,,"3.66944793761222",,,,,,,,,,,,,,,,,"3.78064332966108",,,,,,,,,,,,,,,,,"3.90853164386385",,,,,,,,,,,,,,,,,"3.96004630580948",,,,,,,,,,,,,,,,,"4.07325900437312",,,,,,,,,,,,,,,,,"4.0525931367114",,,,,,,,,,,,,,,,,"4.1478356168675",,,,,,,,,,,,,,,,,"4.23289517040142",,,,,,,,,,,,,,,,,"4.43146636159585",,,,,,,,,,,,,,,,,"4.76181969210581",,,,,,,,,,,,,,,,,"5.04335383070425",,,,,,,,,,,,,,,,,"5.27127652200706",,,,,,,,,,,,,,,,,"5.39497171356003",,,,,,,,,,,,,,,,,"5.59638425993536",,,,,,,,,,,,,,,,,"5.66786762342352",,,,,,,,,,,,,,,,,"5.81847719079905",,,,,,,,,,,,,,,,,"6.10755774939256",,,,,,,,,,,,,,,,,"6.400211418762",,,,,,,,,,,,,,,,,"6.76819182627925",,,,,,,,,,,,,,,,,"7.49906297020349",,,,,,,,,,,,,,,,,"8.93586615636377",,,,,,,,,,,,,,,,,"10.4505403785668",,,,,,,,,,,,,,,,,"12.1868105543459",,,,,,,,,,,,,,,,,"14.274417147842",,,,,,,,,,,,,,,,,"16.0007671336392",,,,,,,,,,,,,,,,,"18.3686524290589",,,,,,,,,,,,,,,,,"22.2378562869468",,,,,,,,,,,,,,,,,"26.2338431191814",,,,,,,,,,,,,,,,,"30.557289236041",,,,,,,,,,,,,,,,,"35.0328860337616",,,,,,,,,,,,,,,,,"38.8145095180515",,,,,,,,,,,,,,,,,"42.3877699427438",,,,,,,,,,,,,,,,,"44.8562416131162",,,,,,,,,,,,,,,,,"46.9856951996717",,,,,,,,,,,,,,,,,"49.3623479415055",,,,,,,,,,,,,,,,,"52.4523476876402",,,,,,,,,,,,,,,,,"55.838990721391",,,,,,,,,,,,,,,,,"59.328927249434",,,,,,,,,,,,,,,,,"62.455911747802",,,,,,,,,,,,,,,,,"65.3455810784169",,,,,,,,,,,,,,,,,"67.9932808957477",,,,,,,,,,,,,,,,,"71.5530164769477",,,,,,,,,,,,,,,,,"74.4201291680352",,,,,,,,,,,,,,,,,"75.9406126299779",,,,,,,,,,,,,,,,,"77.4253165947392",,,,,,,,,,,,,,,,,"78.7132557275131",,,,,,,,,,,,,,,,,"80.7107504637521",,,,,,,,,,,,,,,,,"82.9586783816502",,,,,,,,,,,,,,,,,"85.0038779193305",,,,,,,,,,,,,,,,,"87.2756537574471",,,,,,,,,,,,,,,,,"89.201597564227",,,,,,,,,,,,,,,,,"90.9725106234272",,,,,,,,,,,,,,,,,"92.8746038216872",,,,,,,,,,,,,,,,,"94.5739686397295",,,,,,,,,,,,,,,,,"97.740146777842",,,,,,,,,,,,,,,,,"98.497406286648",,,,,,,,,,,,,,,,,"100",,,,,,,,,,,,,,,,,"102.780632728793",,,,,,,,,,,,,,,,,"105.90656520528",,,,,,,,,,,,,,,,,"107.198618335037",,,,,,,,,,,,,,,,,"107.457017849343",,,,,,,,,,,,,,,,,"107.498700856028",,,,,,,,,,,,,,,,,"107.397634171255",,,,,,,,,,,,,,,,,"108.714901774357",,,,,,,,,,,,,,,,,"109.951520340534",,,,,,,,,,,,,,,,,"110.623595648239",,,,,,,,,,,,,,,,,"110.471258578492",,,,,,,,,,,,,,,,,"112.541250526224",,,,,,,,,,,,,,,,,"121.771084752039",,,,,,,,,,,,,,,,,,,,,,,,,,,,,,"2010=100",
"Italy","136","Prices, Consumer Price Index, All items, Index","PCPI_IX","Value",,,,,,,,,,,,,,,,,,,,,,,,,,,,,,,,,,,,,,,,,,,,,,,,,,,,,,,,,,,,,,,,,,,,,,,,,,,,,,,,,,,,,,,,,,,,,,,,,,,,,,,,,,,,,,,,,,,,,,,,,,,,,,,,,,,,,,,,,,,,,,,,,,,,,,,,,,,,,,,,,,,,,,,,,,,,,,,,,,,,,,,,,,,,,,,,,,,,,,,,,,,,,,,,,,,,,,,,,,,,,,,,,,,,,,,,,,,,,,,,,,,,,,,,,,,,,,,,,,,,,,,,,,,,,,,,,,,,,,,,,,,,,,,,,,,,,,,,,,,,,,,,,,,,,,,,,,,,,,,,,,,,,,,,,,,,,,,,,,,,,,,,,,,,,,,,,,,,,,,,,,,,,,,,,,,,,,,,,,,,,,,,,,,,,,,,,,,,,,,,,,,,,,,,,,,,,,,,,,,,,,,,,,,,,,,,,,,,,,,,,,,,,,,,,,,,,,,,,,,,,,,,,,,,,,,,,,,,,,,,,,,,,,,,,,,,,,,,,,,,,,,,,,,,,,,,,,,,,,,,,,,,,,,,,,,,,,,,,,,,,,,,,,,,,,,,,,,,,,,,,,,,,,,,,,,,,,,,,,,,,,,,,,,,,,,,,,,,,"3.76297258801066",,,,"3.77016074706171",,,,"3.77854681314121",,,,"3.81089317043076",,,,,"3.87319007095296",,,,"3.9175169322877",,,,"3.91512075979063",,,,"3.92829881242411",,,,,"3.94746711708019",,,,"3.92829845398395",,,,"3.95585354159985",,,,"4.00856611057393",,,,,"4.03971456083503",,,,"4.09602120933464",,,,"4.09841738183171",,,,"4.05888286549111",,,,,"4.03731838833796",,,,"4.03252640178399",,,,"4.03372430881244",,,,"4.10680344791121",,,,,"4.13675399114386",,,,"4.13076373912126",,,,"4.15472438877148",,,,"4.16910034843341",,,,,"4.19905125010622",,,,"4.21582374070539",,,,"4.23738750097821",,,,"4.27931818981588",,,,,"4.34161509033808",,,,"4.4075060703858",,,,"4.45303048030883",,,,"4.5237138053507",,,,,"4.67705988415913",,,,"4.73935714312149",,,,"4.76331743433154",,,,"4.86754430681109",,,,,"4.94062380435002",,,,"4.9993266253467",,,,"5.08079183052497",,,,"5.15267306259529",,,,,"5.21496996311749",,,,"5.24491978946981",,,,"5.29643516829577",,,,"5.32878116714516",,,,,"5.3647219624004",,,,"5.3814940945594",,,,"5.39347388172426",,,,"5.44019691555608",,,,,"5.54423273942815",,,,"5.57840104807187",,,,"5.62156082823227",,,,"5.64134242400914",,,,,"5.655729136876",,,,"5.67191378560602",,,,"5.661124019786",,,,"5.68270355142604",,,,,"5.72766198432995",,,,"5.78520811891704",,,,"5.85174608346098",,,,"5.90929257648824",,,,,"6.00100666127889",,,,"6.08013304438635",,,,"6.12689013003376",,,,"6.22220116187125",,,,,"6.29689184794785",,,,"6.36611094491933",,,,"6.42311511797829",,,,"6.5147277642025",,,,,"6.59616214352667",,,,"6.68573992493923",,,,"6.80585537457324",,,,"6.98500986207787",,,,,"7.17638034881551",,,,"7.42475465017194",,,,"7.59576573558817",,,,"7.79935114623833",,,,,"8.21670130975918",,,,"8.64219451692826",,,,"9.15930108720189",,,,"9.72526771156575",,,,,"10.0693268978508",,,,"10.3441666287243",,,,"10.5416449358583",,,,"10.8470230518336",,,,,"11.2989838391607",,,,"12.0135665659274",,,,"12.349482350124",,,,"13.0852094621716",,,,,"13.5871296395722",,,,"14.1036132408406",,,,"14.4614906538923",,,,"14.9454350570628",,,,,"15.3358480838107",,,,"15.8075947681966",,,,"16.1858064917582",,,,"16.6738191907914",,,,,"17.3163733665803",,,,"17.954855662105",,,,"18.5811438232466",,,,"19.6222368643038",,,,,"20.8910756168327",,,,"21.708498411084",,,,"22.6316610537476",,,,"23.720190066123",,,,,"24.7234210726453",,,,"25.8144878413826",,,,"26.5863994879969",,,,"27.811064074701",,,,,"28.9318240266331",,,,"29.8076438924211",,,,"31.0323120635268",,,,"32.4573769615828",,,,,"33.6003960477061",,,,"34.5727080056724",,,,"35.3668859552812",,,,"36.5915541263869",,,,,"37.6603510077281",,,,"38.5139117393249",,,,"39.07057648299",,,,"40.013198842163",,,,,"41.1764877195667",,,,"42.1511617982144",,,,"42.6455654853736",,,,"43.5778647678203",,,,,"44.2558973510528",,,,"44.7079226576094",,,,"44.962185772422",,,,"45.4989606713807",,,,,"46.1487481696813",,,,"46.6855230686399",,,,"47.16579704453",,,,"47.9427125158353",,,,,"48.5218657953966",,,,"49.0303920250218",,,,"49.5106695853135",,,,"50.38646436029",,,,,"51.3611348545361",,,,"52.1945512489099",,,,"52.6748288092016",,,,"53.5788758379133",,,,,"54.6806814739672",,,,"55.3728401840673",,,,"56.1215069860391",,,,"57.1809342414905",,,,,"58.1470021717979",,,,"58.9845872252804",,,,"59.6732654813869",,,,"60.510854119271",,,,,"61.4601147902833",,,,"62.2232482372786",,,,"62.6885752583254",,,,"63.4517087053207",,,,,"64.2706799610809",,,,"65.0524272057984",,,,"65.7038814508622",,,,"66.355335695926",,,,,"67.0812451318785",,,,"67.6954753658995",,,,"68.2166366113096",,,,"68.9797664739032",,,,,"70.0034823358044",,,,"71.3063944103335",,,,"72.0695278573288",,,,"72.8326613043241",,,,,"73.6270937464495",,,,"74.4380180205255",,,,"74.6288228886842",,,,"74.9865820164817",,,,,"75.46359777128",,,,"75.845211091999",,,,"75.988314743118",,,,"76.4653269135147",,,,,"76.990040300951",,,,"77.3955042301898",,,,"77.5386078813088",,,,"77.7771139665072",,,,,"78.0633284375485",,,,"78.5164828306221",,,,"78.8742491272228",,,,"79.3989625146592",,,,,"79.8998288779774",,,,"80.4722434824534",,,,"80.94925565285",,,,"81.5216738417277",,,,,"82.2133414888029",,,,"82.9288669132012",,,,"83.2150742154392",,,,"83.4774309091574",,,,,"84.1929527491541",,,,"84.8130721550714",,,,"85.2185360843102",,,,"85.7909506887862",,,,,"86.4826183358614",,,,"87.1027377417788",,,,"87.5558993036556",,,,"87.9613596484928",,,,,"88.462226011811",,,,"89.1300466347679",,,,"89.5116563710853",,,,"89.702461239244",,,,,"90.1556263855225",,,,"90.7757386226365",,,,"91.3243133717976",,,,"91.6343641137522",,,,,"92.0875328444323",,,,"92.803054684429",,,,"93.3039138789438",,,,"93.3039138789438",,,,,"93.6855307840645",,,,"94.281799581462",,,,"94.8303635774181",,,,"95.4981806159735",,,,,"96.5476109752478",,,,"97.6447461359635",,,,"98.5987704767569",,,,"98.1694595233999",,,,,"97.9786546552412",,,,"98.4795174341577",,,,"98.7180271037577",,,,"98.8134259534354",,,,,"99.242740491194",,,,"99.8628527283081",,,,"100.31602504339",,,,"100.578381737108",,,,,"101.563601125384",,,,"102.530557987298",,,,"103.130737366886",,,,"103.897634435605",,,,,"104.864587713117",,,,"105.898225198761",,,,"106.398381850554",,,,"106.465066058685",,,,,"106.865182060676",,,,"107.131929646404",,,,"107.598744194132",,,,"107.198617438937",,,,,"107.398673647731",,,,"107.59871910332",,,,"107.532034895189",,,,"107.298643751133",,,,,"107.131933230806",,,,"107.665424817861",,,,"107.732094688385",,,,"107.465350687059",,,,,"107.030233003043",,,,"107.245297101509",,,,"107.711269314851",,,,"107.603737265618",,,,,"108.46399365948",,,,"108.858277840001",,,,"108.929965872822",,,,"108.607369725124",,,,,"109.252562020521",,,,"109.861910299507",,,,"110.542946611314",,,,"110.148662430794",,,,,"110.292038496438",,,,"110.793854726191",,,,"110.937230791835",,,,"110.471258578492",,,,,"110.614634644136",,,,"110.650478660547",,,,"110.399570545671",,,,"110.220350463616",,,,,"111.259826939533",,,,"111.976707267752",,,,"112.801119645203",,,,"114.127348252407",,,,,"117.568373827857",,,,"119.719014812513",,,,"122.263939977689",,,,"127.533010390096",,,,,"128.034826619849",,,,"128.572486866013",,,,,,,,"2010=100",
"Italy","136","Prices, Consumer Price Index, All items, Index","PCPI_IX","Value",,,,,,,,,,,,,,,,,,,,,,,,,,,,,,,,,,,,,,,,,,,,,,,,,,,,,,,,,,,,,,,,,,,,,,,,,,,,,,,,,,,,,,,,,,,,,,,,,,,,,,,,,,,,,,,,,,,,,,,,,,,,,,,,,,,,,,,,,,,,,,,,,,,,,,,,,,,,,,,,,,,,,,,,,,,,,,,,,,,,,,,,,,,,,,,,,,,,,,,,,,,,,,,,,,,,,,,,,,,,,,,,,,,,,,,,,,,,,,,,,,,,,,,,,,,,,,,,,,,,,,,,,,,,,,,,,,,,,,,,,,,,,,,,,,,,,,,,,,,,,,,,,,,,,,,,,,,,,,,,,,,,,,,,,,,,,,,,,,,,,,,,,,,,,,,,,,,,,,,,,,,,,,,,,,,,,,,,,,,,,,,,,,,,,,,,,,,,,,,,,,,,,,,,,,,,,,,,,,,,,,,,,,,,,,,,,,,,,,,,,,,,,,,,,,,,,,,,,,,,,,,,,,,,,,,,,,,,,,,,,,,,,,,,,,,,,,,,,,,,,,,,,,,,,,,,,,,,,,,,,,,,,,,,,,,,,,,,,,,,,,,,,,,,,,,,,,,,,,,,,,,,,,,,,,,,,,,,,,,,,,,,,,,,,,,,,,,,,,"3.77016074706171","3.75937850848513","3.75937850848513",,"3.76656702597635","3.77016074706171","3.77375446814707",,"3.77375446814707","3.78094298563828","3.78094298563828",,"3.79531894530021","3.80610118387678","3.83125938211529",,,"3.8384478996065","3.87798205750694","3.90314025574544",,"3.91751729072787","3.92470473289859","3.91032877323666",,"3.91032877323666","3.91392249432202","3.92111101181323",,"3.91392249432202","3.92470473289859","3.94626921005173",,,"3.96064516971367","3.94626921005173","3.93548697147516",,"3.92829845398395","3.92829845398395","3.92829845398395",,"3.94986293113709","3.95345772754295","3.96423996611952",,"3.98580444327266","4.00736784510532","4.03252604334382",,,"4.04330828192039","4.03612083974967","4.03971456083503",,"4.07565499765011","4.10081319588862","4.11159543446519",,"4.10440799229447","4.10081319588862","4.09003095731204",,"4.06487275907354","4.06127903798818","4.05049679941161",,,"4.04330828192039","4.03971456083503","4.02893232225846",,"4.02174380476725","4.03971456083503","4.03612083974967",,"4.02174380476725","4.03252604334382","4.04690307832625",,"4.09003095731204","4.10800171337983","4.12237767304176",,,"4.1439421501949","4.13675363270369","4.12956619053297",,"4.12597139412712","4.13315991161833","4.13315991161833",,"4.15113066768612","4.15831810985684","4.15472438877148",,"4.15472438877148","4.17269406951877","4.17988258700998",,,"4.19785334307777","4.19785334307777","4.20144706416313",,"4.20863558165434","4.21941782023091","4.21941782023091",,"4.23019898348699","4.2373875009782","4.24457601846942",,"4.25535825704599","4.28411017636985","4.29848613603179",,,"4.31645689209957","4.34161509033808","4.36677328857658",,"4.40271372539166","4.40271372539166","4.41709076037408",,"4.44584267969795","4.44943640078331","4.46381236044524",,"4.48178311651303","4.51053503583689","4.57882326370218",,,"4.62913966017919","4.69383201631813","4.70820797598006",,"4.73696097062442","4.73696097062442","4.74414948811563",,"4.74055469170978","4.75852544777757","4.79087216350728",,"4.84478228106965","4.86275196181695","4.89509867754666",,,"4.93104018968223","4.93822763185295","4.95260359151488",,"4.9597921090061","5.00292106331239","5.03526670372161",,"5.06401969836597","5.0783956580279","5.09996013518105",,"5.12152461233419","5.15746504914927","5.17902952630241",,,"5.20418772454092","5.21496996311749","5.22575220169406",,"5.23293964386478","5.24372188244136","5.25809784210329",,"5.28685083674765","5.29403935423886","5.30841531390079",,"5.30841531390079","5.32638499464808","5.35154319288659",,,"5.36592022786901","5.36592022786901","5.36232543146316",,"5.37670246644559","5.38388990861631","5.38388990861631",,"5.38748362970167","5.39467214719288","5.39826586827824",,"5.40545438576945","5.43780110149917","5.47733525939961",,,"5.52984638500146","5.54603103373149","5.55682079955151",,"5.56221568246151","5.57840140651203","5.59458605524206",,"5.60537582106208","5.6161655868821","5.64314107675264",,"5.63774511852214","5.64314107675264","5.64314107675264",,,"5.65393084257266","5.65393084257266","5.65932572548267",,"5.67011549130269","5.6755103742127","5.67011549130269",,"5.65932572548267","5.65932572548267","5.66472060839268",,"5.67011549130269","5.6809052571227","5.69708990585273",,,"5.71327562990325","5.72406539572327","5.74564492736331",,"5.76722445900335","5.78341018305387","5.8049897146939",,"5.83735901215396","5.85354473620448","5.8643345020245",,"5.88051915075453","5.91288952353508","5.93446905517512",,,"5.96144346972516","6.00999849123574","6.03157802287578",,"6.05855351274632","6.08552792729636","6.09631769311638",,"6.10710853425689","6.11789830007691","6.15566355576747",,"6.18263797031752","6.23119299182809","6.25277252346813",,,"6.27246164168265","6.29689184794785","6.32132205421305",,"6.33964444008183","6.37629028713987","6.3823981075363",,"6.40072049340507","6.41293613419792","6.45568872633189",,"6.48622567767302","6.51676370433464","6.54119391059984",,,"6.56562411686504","6.60226996392309","6.62059234979186",,"6.63280799058471","6.69388296858746","6.7305288156455",,"6.7549590219107","6.79771161404468","6.86489548776434",,"6.93818503123945","6.99315326416627","7.02369129082789",,,"7.09698190962349","7.17638034881551","7.25577878800753",,"7.32906940680312","7.43900587265676","7.50618867105594",,"7.54894126318991","7.59780167572031","7.64055426785429",,"7.70163032117753","7.7932433258419","7.90317979169554",,,"8.03143864341796","8.20245008727435","8.41621519858521",,"8.52004276872194","8.64219487536843","8.76434590669442",,"8.94146517094724","9.13690682106883","9.39953126958959",,"9.57665053384241","9.75987761849165","9.83927498236318",,,"9.96753383408559","10.1141161469973","10.1263307124696",,"10.260696309268","10.3462025688564","10.4256010080484",,"10.4683546755029","10.5355374739021","10.62104265817",,"10.7370858690996","10.8592422770281","10.9447410093731",,,"11.0607895969051","11.3050916595571","11.5310702610198",,"11.836450527636","12.0746447698916","12.1296044002545",,"12.1906826042187","12.32505465294","12.5327097932134",,"12.8930496901925","13.1739986752231","13.188580021099",,,"13.3593839281004","13.6156005418074","13.7864044488088",,"13.9572083558101","14.1280122628115","14.2256191039001",,"14.3110210574008","14.4452210548433","14.6282298494326",,"14.8234327784049","14.9698376634354","15.0430347293481",,,"15.1650405924077","15.3236503650261","15.5188532939983",,"15.6652581790288","15.8116630640593","15.9458630615018",,"16.0434699025904","16.1288718560911","16.3850777165931",,"16.5314826016236","16.702286508625","16.7876884621256",,,"17.0682933445986","17.3245099583056","17.5563167968368",,"17.77591874778","17.9711216767523","18.1175265617827",,"18.2761363344011","18.4957382853443","18.9715568499945",,"19.3253587983802","19.5937695464702","19.9475822480609",,,"20.5819998321245","20.9358125337152","21.1554144846584",,"21.4970222986612","21.7166350028093","21.9118379317816",,"22.3022545429311","22.5706545378162","23.0220740804955",,"23.41247993844","23.9004926374732","23.8475976224556",,,"24.2929308511483","24.7605339672372","25.1167983995503",,"25.4508036976723","25.8515971515728","26.1410626749026",,"26.2969303802655","26.541866882008","26.9204012017172",,"27.3879935646011","27.8778665680861","28.1673320914158",,,"28.5681362985212","28.9911996398178","29.2361361415603",,"29.4810618900978","29.8150671882198","30.1268025989457",,"30.505336918655","31.0619980779184","31.5296011940072",,"32.0639924658745","32.5093364477721","32.7988019711019",,,"33.1995954250024","33.6449286536951","33.9566640644209",,"34.3129284967341","34.6023940200639","34.802801500219",,"35.0922670235488","35.2703938631029","35.7379969791917",,"36.272399004264","36.6731924581645","36.8290709167323",,,"37.2743933922201","37.7197266209128","37.9869330100514",,"38.2763985333811","38.5213350351236","38.7440016494699",,"38.8330596926445","39.0334671727997","39.3452025835256",,"39.7237369032349","40.0354615607558","40.2803980624983",,,"40.72446241301","41.2329922270369","41.5720085186531",,"41.8686464296667","42.1652843406803","42.4195546242961",,"42.5043113855014","42.5890573935018","42.8433276771177",,"43.2671007299392","43.6061170215554","43.8603765519664",,,"44.0722577017747","44.2417712241853","44.4536631271985",,"44.5384091351988","44.7503010382121","44.8350577994174",,"44.8350577994174","44.9621821880204","45.0893173298283",,"45.3011984796366","45.5130903826498","45.6825931518555",,,"45.9368634354714","46.1911229658823","46.3182581076902",,"46.4877608768959","46.6996527799091","46.8691555491148",,"46.9539123103201","47.1234150795257","47.4200637437442",,"47.8014584159631","47.9709611851688","48.0557179463741",,,"48.309977476785","48.5218693797982","48.7337505296065",,"48.8608856714145","49.0303884406201","49.1999019630307",,"49.284658724236","49.4965398740443","49.7508101576602",,"50.0898264492764","50.4288427408926","50.6407238907009",,,"50.9797401823172","51.4035132351387","51.7001511461523",,"51.9544106765632","52.2086809601791","52.4205621099874",,"52.5053188711927","52.6324540130006","52.8867135434116",,"53.3104865962331","53.6071245072467","53.8190164102599",,,"54.3275354710818","54.7513085239033","54.9632004269166",,"55.1750815767249","55.3445843459305","55.5988546295464",,"55.768357398752","56.1497628241759","56.4464007351894",,"56.9125414154087","57.2515684602298","57.3786928488329",,,"57.7375165439178","58.1842261828407","58.5192637886353",,"58.7426186080967","58.9659734275582","59.2451696401862",,"59.4685244596476","59.6360378859425","59.9152340985705",,"60.1944303111985","60.5853093101598","60.7528227364546",,,"61.1436909822109","61.4787285880055","61.7579248006336",,"61.981279620095","62.260475832723","62.4279892590179",,"62.5396720453511","62.7071854716459","62.8188682579791",,"63.0980644706071","63.54477410953","63.7122875358248",,,"64.0473251416195","64.2706799610809","64.4940347805424",,"64.7732309931704","64.9965858126318","65.387464811593",,"65.6108196310545","65.6666502710162","65.8341744505159",,"66.1692013031056","66.392566875772","66.5042389089002",,,"66.8392765146949","67.1184727273229","67.2859861536178",,"67.3976689399509","67.7885371857072","67.9002199720404",,"68.0677333983353","68.1794054314635","68.4027710041299",,"68.7377978567196","69.0169940693476","69.1845074956425",,,"69.4637037082705","69.96625474036","70.5804885587826",,"70.8596847714106","71.3063944103335","71.7531040492564",,"71.8647868355896","72.088141655051","72.2556550813459",,"72.5348512939739","72.9257302929351","73.0374023260634",,,"73.3408792754082","73.6270973308511","73.9133046330891",,"74.1995119353271","74.4857192375651","74.6288228886842",,"74.5572710631246","74.6288228886842","74.7003747142437",,"74.7719265398031","75.0581338420412","75.1296856676007",,,"75.3443411442792","75.4159037230436","75.6305484465172",,"75.7021002720767","75.9167665019601","75.9167665019601",,"75.9167665019601","75.9883075743147","76.0598701530791",,"76.2745148765527","76.5607329319956","76.5607329319956",,,"76.7753776554692","76.9900438853526","77.2046993620312",,"77.2762511875907","77.4193548387097","77.4909066642692",,"77.4909066642692","77.5624584898287","77.5624584898287",,"77.7055621409477","77.7771139665072","77.8486657920667",,,"77.9202176176262","78.0633320219501","78.2064356730691",,"78.4210803965427","78.5641840476617","78.5641840476617",,"78.7788395243402","78.8504021031046","78.9935057542236",,"79.2797130564617","79.4228059543757","79.4943685331402",,,"79.6374721842592","79.9236794864972","80.1383349631757",,"80.2098867887352","80.4960940909732","80.7107495676517",,"80.8538532187707","80.9254050443302","81.0685086954492",,"81.3547159976872","81.5693714743657","81.6409340531302",,,"81.9986824277227","82.2849004831657","82.3564415555203",,"82.7142114365227","82.9288669132012","83.1435223898797",,"83.2150742154392","83.2150742154392","83.2150742154392",,"83.3581778665582","83.5012815176772","83.5728333432367",,,"83.9305924710342","84.2167997732722","84.4314660031557",,"84.6461107266293","84.8607769565127","84.9323287820722",,"85.0754324331912","85.2185360843102","85.3616397354292",,"85.5762952121077","85.8625025143457","85.9340543399052",,,"86.2918134677027","86.4349171188218","86.7211244210598",,"86.9357798977383","87.1504353744168","87.2219979531812",,"87.3651016043002","87.5797463277738","87.7228499788928",,"87.7944018044523","88.0090680343357","88.0806091066903",,,"88.2237127578093","88.4383789876927","88.7245862899308",,"88.9392417666093","89.1538972432877","89.2970008944068",,"89.3685527199663","89.5832081966448","89.5832081966448",,"89.5832081966448","89.6547600222043","89.8694154988828",,,"89.8694154988828","90.1556335543257","90.4418301033588",,"90.5849337544778","90.8711410567158","90.8711410567158",,"91.2289109377183","91.3720145888373","91.3720145888373",,"91.5866700655158","91.6582111378704","91.6582111378704",,,"91.8728773677538","92.0875328444323","92.3021883211108",,"92.5883956233488","92.8746029255868","92.9461655043512",,"93.2323620533843","93.3754657045033","93.3039138789438",,"93.2323620533843","93.3039138789438","93.3754657045033",,,"93.4470175300628","93.7332355855058","93.8763392366248",,"94.0194428877438","94.3056501899818","94.5203056666603",,"94.7349611433388","94.8780647944578","94.8780647944578",,"95.1642720966958","95.5220312244933","95.8082385267313",,,"96.2375494800883","96.4522049567669","96.9530784888883",,"97.1677339655668","97.6685967444833","98.0979076978403",,"98.5987704767568","98.7418741278759","98.4556668256378",,"98.4556668256378","98.0979076978403","97.9548040467214",,,"97.8117003956023","98.0263558722808","98.0979076978403",,"98.3125631745188","98.5272186511974","98.5987704767568",,"98.5987704767568","98.8849777789949","98.6703330555213",,"98.7418741278759","98.7418741278759","98.9565296045544",,,"99.0996332556734","99.1711850812329","99.4574031366758",,"99.8151515112684","99.8867033368279","99.8867033368279",,"100.24447321783","100.459128694509","100.24447321783",,"100.459128694509","100.459128694509","100.816887822306",,,"101.230165747123","101.530255436917","101.930382192112",,"102.430524506299","102.5305615717","102.630587883896",,"102.93067757369","103.230767263484","103.230767263484",,"103.830946643072","103.730920330876","104.131036332866",,,"104.43112602266","104.83124202465","105.331395092042",,"105.831537406229","105.831537406229","106.031600783826",,"106.131637849227","106.531753851218","106.531753851218",,"106.531753851218","106.33169047362","106.531753851218",,,"106.73180647561","106.831843541012","107.031896165404",,"107.031896165404","107.031896165404","107.331996608403",,"107.432012167395","107.832171182205","107.532049232796",,"107.331996608403","107.031896165404","107.231959543002",,,"107.432012167395","107.331996608403","107.432012167395",,"107.632054038583","107.532049232796","107.632054038583",,"107.532049232796","107.732058844369","107.331996608403",,"107.432012167395","107.231959543002","107.231959543002",,,"106.831843541012","107.231959543002","107.331996608403",,"107.532049232796","107.632054038583","107.832171182205",,"107.732058844369","107.932175987991","107.532049232796",,"107.732058844369","107.331996608403","107.331996608403",,,"107.101921035865","106.886856937399","107.101921035865",,"106.994388986632","107.31698513433","107.424517183563",,"107.639581282029","107.854645380494","107.639581282029",,"107.532049232796","107.424517183563","107.854645380494",,,"108.177241528193","108.607369725124","108.607369725124",,"109.037497922055","108.82243382359","108.714901774357",,"108.82243382359","109.145029971288","108.82243382359",,"108.607369725124","108.392305626658","108.82243382359",,,"109.145029971288","109.145029971288","109.467626118986",,"109.575158168219","109.897754315918","110.112818414383",,"110.435414562082","110.865542759013","110.327882512849",,"110.327882512849","110.112818414383","110.00528636515",,,"110.112818414383","110.220350463616","110.542946611314",,"110.75801070978","110.75801070978","110.865542759013",,"110.865542759013","111.295670955944","110.650478660547",,"110.542946611314","110.327882512849","110.542946611314",,,"110.650478660547","110.542946611314","110.650478660547",,"110.75801070978","110.542946611314","110.650478660547",,"110.435414562082","110.75801070978","110.00528636515",,"110.220350463616","110.112818414383","110.327882512849",,,"111.080606857478","111.188138906711","111.510735054409",,"111.940863251341","111.940863251341","112.048395300573",,"112.586055546737","113.016183743669","112.801119645203",,"113.553843989833","114.199036285229","114.629164482161",,,"116.457209319118","117.532529811446","118.715382353007",,"118.607850303774","119.575638746869","120.973555386896",,"121.511215633059","122.479004076155","122.801600223853",,"126.995350143932","127.640542439329","127.963138587027",,,"128.07067063626","128.285734734726","127.748074488562",,"128.285734734726","128.715862931657","128.715862931657",,"128.715862931657",,,"2010=100",
ITA,136,Italy,Index,Energy Price Index,5.3,5.3,5.4,5.4,5.4,5.4,5.4,5.5,5.5,5.5,5.5,5.5,5.1,5.2,5.2,5.2,5.2,5.2,5.2,5.2,5.2,5.2,5.2,5.2,5.2,5.2,5.2,5.2,5.2,5.2,5.2,5.3,5.3,5.3,5.3,5.4,5.4,5.4,5.5,5.5,5.6,5.7,5.8,5.8,5.9,6.3,6.3,6.7,7.0,7.3,8.4,8.5,8.6,8.7,9.4,9.5,9.6,9.6,9.6,9.6,9.6,9.6,9.6,9.6,9.6,9.6,9.6,9.6,9.7,9.7,9.7,10.0,8.9,9.0,9.5,10.3,10.5,10.6,10.6,10.6,10.6,12.3,12.8,12.9,12.5,12.6,12.6,12.7,12.7,12.8,12.8,12.8,12.9,12.9,13.0,13.0,13.1,13.1,13.2,13.2,13.3,13.3,13.4,13.4,13.5,13.5,13.6,13.7,13.8,14.0,14.1,14.2,14.4,14.5,14.6,15.4,16.1,16.3,16.4,16.6,17.5,17.8,17.9,18.3,18.4,18.8,19.3,19.4,19.6,19.1,20.1,21.1,21.3,21.5,21.9,22.1,22.7,22.9,23.0,23.5,23.7,23.8,24.8,24.9,25.1,24.8,24.9,25.0,25.0,25.4,26.0,27.4,27.6,28.0,28.5,28.5,32.2,32.2,32.0,32.1,32.4,32.4,32.7,32.7,33.6,33.8,34.1,34.2,35.9,36.2,36.5,36.3,36.1,36.0,36.0,36.1,36.2,36.9,36.9,36.9,37.5,38.0,38.8,39.3,39.1,39.1,38.6,38.5,38.3,38.5,38.6,39.8,39.1,37.4,37.3,37.0,37.0,36.7,35.9,35.9,35.9,35.7,35.4,35.4,35.8,36.1,35.9,36.1,36.1,36.2,36.4,36.8,37.7,37.8,37.9,37.9,37.6,37.9,37.9,38.0,38.0,37.9,37.9,38.7,38.8,38.8,38.9,39.1,39.2,39.2,39.2,39.3,39.3,39.4,39.6,39.6,39.8,41.5,41.8,42.7,43.2,42.9,43.0,43.3,43.2,43.1,43.1,45.2,46.2,48.2,48.0,47.7,50.5,51.1,51.2,51.0,48.2,48.1,48.6,48.7,49.2,49.6,50.3,50.2,50.6,50.9,50.6,50.5,50.4,50.3,50.3,50.3,50.3,50.5,50.8,50.8,51.3,51.5,51.8,52.5,52.5,53.7,53.7,52.9,52.9,53.1,53.3,53.3,54.7,54.8,54.8,54.7,54.7,54.7,54.7,54.8,54.8,54.8,55.0,55.0,55.2,55.4,57.4,57.5,58.0,58.0,58.0,58.0,57.7,57.7,57.8,58.0,59.3,59.3,59.5,60.0,59.8,59.6,57.9,58.0,58.4,58.8,59.7,59.8,60.2,60.4,60.6,60.3,60.3,60.2,60.1,60.2,60.0,60.3,60.6,60.4,60.5,60.3,60.0,59.9,59.7,59.7,59.4,59.3,59.0,59.0,58.7,58.5,57.7,57.9,58.1,59.0,59.4,59.3,60.2,60.5,61.8,62.0,62.3,63.2,63.2,63.8,65.5,64.8,66.0,67.1,68.0,67.8,69.6,69.4,70.3,69.8,69.0,68.9,69.0,69.1,69.2,69.6,68.4,67.5,67.5,66.9,66.7,66.3,65.3,65.6,65.6,66.4,66.5,66.3,66.5,66.4,66.9,67.2,67.0,66.8,68.2,69.0,69.8,69.4,68.3,67.8,67.9,68.3,68.8,68.0,68.1,68.0,68.1,68.3,68.7,68.8,69.5,70.1,70.2,70.7,70.9,72.0,72.2,71.7,71.6,72.3,73.4,75.3,75.2,75.0,77.1,77.6,78.9,80.8,79.0,78.3,79.3,80.1,80.5,82.4,83.2,83.0,85.1,85.7,83.6,82.1,81.8,81.8,81.7,81.2,81.9,82.2,83.0,84.1,84.4,83.9,83.6,84.6,86.1,87.0,88.5,88.4,89.9,90.9,93.9,96.5,98.3,96.0,94.9,93.4,88.9,85.9,83.7,84.2,84.0,83.3,83.4,85.2,84.0,84.5,84.0,82.9,84.1,83.7,84.4,84.6,86.0,87.4,88.2,87.7,88.4,88.0,88.0,87.9,88.6,90.1,92.2,93.0,94.9,96.7,96.8,95.9,97.9,98.4,98.3,100.0,100.7,102.5,106.4,107.6,109.4,111.8,111.5,109.8,109.6,111.6,113.9,113.8,112.4,112.0,112.3,113.0,113.2,110.8,109.0,109.3,109.9,110.5,111.0,109.7,108.8,109.5,109.8,109.3,109.0,107.7,107.8,107.8,106.8,106.5,106.1,107.1,105.6,103.7,99.8,100.0,102.0,100.8,101.6,101.6,101.0,99.7,98.0,98.8,98.5,98.1,95.7,94.7,95.0,92.6,93.1,94.1,94.0,93.3,94.8,95.3,95.6,96.2,98.3,99.2,99.3,99.4,99.0,98.3,97.3,97.5,98.0,99.2,99.9,100.1,102.7,102.8,102.4,100.1,101.2,102.4,105.0,105.0,105.4,109.2,109.1,106.7,106.6,107.0,108.0,105.1,105.7,105.1,103.1,102.9,102.5,104.1,104.0,104.3,104.4,103.5,101.9,94.9,92.1,92.4,92.5,92.6,92.4,95.0,95.1,96.3,99.3,100.2,102.3,104.2,105.0,105.4,109.7,110.9,111.0,118.8,124.3,124.3,137.7,146.4,154.4,145.3,149.5,156.7,156.8,160.7,160.4,203.3,208.4,204.7,196.2,187.6,171.0,,OECDstat,2015,Energy price ,,,,,,,,,,,,,,,,,,,,,,,,,,,,,,,,,,,,,,,,,,,,,,,,,,,,,,,,,,,,,,,,,,,,,,,,,,,,,,,,,,,,,,,,,,,,,,,,,,,,,,,,,,,,,,,,,,,,,,,,,,,,,,,,,,,,,,,,,,,,,,,,,,,,,,,,,,,,,,,,,,,,,,,,,,,,,,,,,,,,,,,,,,,,,,,,,,,,,,,,,,,,,,,,,,,,,,,,,,,,,,,,,,,,,,,,,,,,,,,,,,,,,,,,,,,,,,,,,,,,,,,,,,,,,,,,,,,,,,,,,,,,,,,,,,,,,,,,,,,,,,,,,,,,,,,,,,,,,,,,,,,,,,,,,,,,,,,,,,,,,,,,,,,,,,,,,,,,,,,,,,,,,,,,,,,,,,,,,,,,,,,,,,,,,,,,,,,,,,,,,,,,,,,,,,,,,,,,,,,,,,,,,,,,,,,,,,,,,,,,,,,,,,,,,,,,,,,,,,,,,,,,,,,,,,,,,,,,,,,,,,,,,,,,,,,,,,,,,,,,,,,,,,,,,,,,,,,,,,,,,,,,,,,,,,,,,,,,,,,,,,,,,,,,,,,,,,,,,,,,,,,,,,,,,,,,,,,,,,,,,,,,,,,,,,,,,,,,,,,,,,,,,,,,,,,,,,,,,,,,
ITA,136,Italy,index,Energy Price Index,5.3,5.4,5.5,5.5,5.1,5.2,5.2,5.2,5.2,5.2,5.3,5.3,5.4,5.6,5.8,6.4,7.6,8.6,9.5,9.6,9.6,9.6,9.6,9.8,9.1,10.5,10.6,12.7,12.6,12.7,12.8,13.0,13.1,13.3,13.4,13.6,14.0,14.4,15.3,16.4,17.7,18.5,19.4,20.1,21.6,22.6,23.4,24.5,24.9,25.1,27.0,28.3,32.1,32.3,33.0,34.0,36.2,36.1,36.1,36.9,38.1,39.1,38.5,38.9,37.9,36.9,35.9,35.5,35.9,36.1,37.0,37.9,37.8,38.0,38.5,38.9,39.2,39.3,39.7,42.0,43.1,43.2,44.8,47.9,50.9,49.1,48.8,50.1,50.7,50.4,50.3,50.7,51.5,52.9,53.1,53.2,54.8,54.7,54.8,55.0,56.0,57.9,57.9,57.8,59.3,59.8,58.1,59.4,60.4,60.3,60.1,60.4,60.3,59.8,59.2,58.7,57.9,59.2,60.8,62.5,64.2,66.0,68.5,69.8,69.0,69.3,67.8,66.7,65.5,66.4,66.6,67.0,69.0,68.5,68.3,68.0,68.4,69.5,70.6,71.9,72.4,75.2,77.8,79.4,80.0,82.9,84.8,81.9,81.6,83.1,83.9,85.9,88.9,93.7,96.4,89.4,84.0,84.0,84.2,83.5,85.0,87.8,88.1,88.9,93.4,96.5,98.2,101.1,107.8,111.1,111.7,112.7,112.8,109.7,110.5,109.3,109.4,107.8,106.5,105.5,100.6,101.3,99.6,98.5,95.1,93.3,94.0,95.7,98.9,98.9,97.6,99.7,102.6,101.2,105.2,108.3,107.2,105.3,102.9,104.1,103.2,93.1,92.5,95.5,100.6,104.9,110.5,122.5,146.2,150.5,159.3,205.5,184.9,,OECD,2015,Energy
ITA,136,Italy,Inflation,Energy Consumer Price Inflation,7.9,-4.7,1.7,10.6,51.4,9.6,11.0,19.1,4.6,12.4,26.1,21.5,14.4,24.8,10.6,6.4,-5.5,0.5,4.3,4.6,11.7,11.1,1.6,4.3,4.0,4.7,3.1,4.1,2.2,1.6,5.8,3.1,0.3,3.3,2.0,4.9,5.7,2.6,6.5,-0.1,1.2,5.2,7.0,2.1,0.0,-0.8,-1.6,1.8,2.6,0.5,-8.2,14.1,50.2,,
ITA,136,Italy,Index,Food Price Index,6.2,6.2,6.3,6.3,6.3,6.3,6.4,6.4,6.4,6.4,6.4,6.5,6.5,6.5,6.5,6.5,6.6,6.6,6.6,6.6,6.7,6.7,6.8,6.8,6.8,6.8,6.8,6.9,7.0,7.0,7.1,7.2,7.3,7.4,7.4,7.4,7.5,7.6,7.6,7.8,7.9,8.0,8.0,8.1,8.1,8.1,8.2,8.3,8.5,8.6,8.8,9.0,9.1,9.2,9.4,9.7,10.1,10.3,10.5,10.6,10.8,10.9,11.0,11.1,11.2,11.3,11.4,11.5,11.6,11.7,11.8,12.0,12.1,12.4,12.8,13.2,13.4,13.4,13.4,13.6,14.0,14.4,14.6,14.9,14.8,15.0,15.2,15.4,15.6,15.8,15.9,16.1,16.4,16.6,16.7,16.8,17.0,17.1,17.3,17.5,17.7,17.9,18.1,18.2,18.4,18.6,18.7,18.8,19.1,19.4,19.7,19.9,20.2,20.4,20.5,20.6,21.0,21.2,21.4,21.7,22.2,22.6,22.8,23.0,23.1,23.3,23.6,23.9,24.3,24.6,24.9,25.2,25.2,25.7,26.1,26.6,27.0,27.5,27.7,27.8,28.4,28.7,29.0,29.4,29.8,30.1,30.3,30.5,30.8,31.3,31.6,32.1,32.7,33.1,33.4,33.6,33.9,34.2,34.5,34.8,35.0,35.3,35.4,35.4,35.8,36.2,36.6,36.8,37.1,37.5,37.8,38.1,38.4,38.7,38.7,38.8,39.0,39.3,39.5,39.7,40.1,40.6,41.0,41.4,41.8,42.2,42.3,42.3,42.5,42.8,43.0,43.2,43.5,43.7,43.8,43.8,44.0,44.3,44.2,44.2,44.4,44.6,44.7,44.9,45.1,45.2,45.4,45.5,45.7,45.9,45.8,45.8,46.0,46.3,46.4,46.4,46.6,46.7,46.7,46.9,46.9,47.3,47.3,47.4,47.9,48.1,48.2,48.4,48.9,49.2,49.6,49.9,50.1,50.5,50.4,50.5,50.9,51.1,51.4,51.7,52.0,52.7,52.4,52.7,53.0,53.4,53.5,53.7,53.9,54.1,54.4,54.6,55.1,55.4,55.7,56.0,56.4,56.8,57.0,57.2,57.5,57.7,58.1,58.4,58.8,59.0,59.2,59.4,59.6,59.9,59.7,59.6,59.8,60.0,60.0,60.0,60.1,60.1,60.1,60.4,60.6,60.8,60.9,60.9,61.2,61.4,61.5,61.6,61.9,62.1,62.2,62.3,62.4,62.8,63.0,63.0,63.4,63.9,64.1,64.5,64.9,65.4,65.8,66.2,66.8,67.2,67.2,67.2,67.6,67.8,67.9,68.1,68.3,68.6,68.9,69.5,70.0,70.2,70.1,69.9,69.7,69.7,69.6,69.6,69.6,69.5,69.5,69.5,69.5,69.5,69.3,69.1,69.1,69.3,69.4,69.6,69.9,69.9,69.9,70.1,70.2,70.3,70.1,70.0,70.1,70.2,70.3,70.5,70.7,70.8,70.9,71.1,71.1,70.9,70.6,70.5,70.4,70.5,70.7,70.8,71.0,71.2,71.5,71.8,71.9,72.0,71.9,71.8,71.9,72.1,72.3,72.8,73.1,73.7,73.9,74.4,74.8,75.1,75.2,75.1,75.2,75.4,75.5,75.9,76.7,76.9,77.1,77.5,77.8,77.6,77.4,77.3,77.5,77.8,78.1,78.4,78.7,78.7,78.9,79.3,79.6,79.9,79.9,80.1,80.6,81.1,81.3,81.5,81.8,81.9,81.9,82.0,82.1,82.2,81.8,81.6,81.5,81.4,81.1,81.2,81.3,81.6,81.7,81.8,82.0,82.0,81.6,81.5,81.6,81.6,81.6,81.9,82.2,82.3,82.5,82.6,82.8,83.0,83.1,83.3,83.6,83.8,84.0,84.1,84.3,84.4,84.4,84.8,85.0,85.1,85.1,85.3,86.0,86.6,87.1,87.6,88.1,88.5,89.0,89.5,89.9,90.3,90.4,90.6,90.9,91.1,91.2,91.3,91.4,91.6,91.7,91.9,92.1,92.0,91.8,91.6,91.6,91.6,91.6,91.7,91.7,91.7,91.7,91.7,91.7,91.8,91.7,91.7,91.9,92.2,92.2,92.4,93.2,93.6,93.8,93.8,94.5,94.6,93.8,93.8,94.0,94.5,95.1,95.1,95.4,96.1,96.2,96.1,96.4,97.2,96.2,96.1,96.7,97.0,97.3,97.6,98.3,98.4,98.5,98.7,99.4,99.9,99.1,98.7,98.5,98.3,98.6,99.3,99.6,99.4,99.1,99.1,99.2,99.3,98.3,98.3,98.4,98.4,99.1,99.1,99.7,100.4,100.2,100.1,100.2,100.3,99.2,99.2,99.9,100.3,100.6,100.3,100.1,100.0,99.8,100.0,100.4,100.5,99.8,100.1,100.0,100.1,100.6,101.1,102.4,103.8,102.6,102.2,102.3,101.5,100.7,100.9,101.4,102.2,102.5,102.6,103.7,103.0,103.1,103.4,104.2,103.9,103.1,103.1,102.9,102.9,103.4,103.4,104.4,104.8,104.2,103.8,104.6,104.2,103.9,104.0,103.6,103.7,104.2,104.2,105.0,105.1,105.3,106.7,107.3,106.7,105.4,105.1,104.8,105.1,105.6,105.0,105.7,105.5,105.5,106.2,106.5,106.1,105.5,105.9,106.0,106.3,107.2,108.0,109.5,110.6,111.6,113.0,114.4,115.7,116.0,117.0,118.4,120.7,121.8,122.2,123.3,125.2,126.3,,OECDstat,2015,Food and non-acoholic beverage,
ITA,136,Italy,index,Food Price Index,6.2,6.3,6.4,6.4,6.5,6.6,6.6,6.8,6.8,7.0,7.2,7.4,7.6,7.9,8.1,8.2,8.7,9.1,9.7,10.5,10.9,11.2,11.5,11.8,12.4,13.3,13.7,14.6,15.0,15.6,16.2,16.7,17.1,17.7,18.2,18.7,19.4,20.2,20.7,21.4,22.6,23.1,23.9,24.9,25.7,27.0,28.0,29.0,30.1,30.9,32.1,33.4,34.2,35.0,35.5,36.5,37.5,38.4,38.8,39.5,40.6,41.8,42.4,43.0,43.7,44.0,44.3,44.7,45.2,45.7,45.9,46.4,46.7,47.0,47.5,48.2,49.2,50.1,50.6,51.4,52.4,53.0,53.7,54.4,55.4,56.4,57.2,58.1,59.0,59.6,59.7,60.0,60.1,60.6,61.0,61.5,62.0,62.5,63.1,64.2,65.4,66.7,67.3,67.9,68.6,69.9,69.9,69.6,69.5,69.5,69.1,69.4,69.9,70.2,70.0,70.3,70.8,71.0,70.5,70.7,71.2,71.9,71.9,72.4,73.6,74.8,75.2,75.6,76.9,77.7,77.4,78.1,78.8,79.6,80.2,81.3,81.9,82.1,81.6,81.2,81.5,81.9,81.6,81.7,82.3,82.8,83.3,83.9,84.4,84.9,85.5,87.1,88.5,89.9,90.7,91.2,91.6,92.0,91.6,91.7,91.7,91.7,91.8,92.3,93.5,94.3,93.9,94.9,95.9,96.6,96.4,97.3,98.4,99.3,98.8,98.7,99.4,99.2,98.3,98.9,100.1,100.2,99.4,100.4,100.0,100.3,100.0,100.6,102.9,102.0,101.0,102.4,103.3,103.8,103.0,103.2,104.5,104.2,103.8,104.0,105.1,106.9,105.1,105.2,105.6,106.3,105.8,107.2,110.6,114.4,117.1,121.6,124.9,,OECD,2015,Food and non-acoholic beverage,
ITA,136,Italy,Inflation,Food Consumer Price Inflation,4.3,4.2,7.2,12.0,19.6,19.7,19.0,17.5,13.0,13.8,15.7,16.1,15.3,11.7,9.2,8.8,5.4,3.6,3.5,6.3,6.0,6.4,5.0,2.0,3.6,6.2,3.9,-0.2,1.0,1.0,1.6,4.1,3.6,3.2,2.2,-0.1,1.7,2.9,5.4,1.8,0.2,2.5,2.5,2.4,0.1,1.1,0.2,1.9,1.2,0.8,1.4,0.6,9.1,,Food and non-acoholic beverage
ITA,136,Italy,Index,Headline Consumer Price Index,5.5,5.6,5.6,5.6,5.7,5.7,5.7,5.7,5.7,5.7,5.8,5.8,5.8,5.9,5.9,5.9,5.9,5.9,6.0,6.0,6.0,6.0,6.1,6.1,6.1,6.1,6.2,6.2,6.2,6.3,6.3,6.3,6.4,6.5,6.5,6.5,6.6,6.7,6.7,6.8,6.9,7.0,7.0,7.1,7.1,7.2,7.2,7.3,7.5,7.6,7.8,7.9,8.0,8.2,8.3,8.5,8.7,8.9,9.1,9.2,9.3,9.4,9.4,9.5,9.6,9.7,9.7,9.8,9.9,10.0,10.1,10.2,10.3,10.5,10.7,11.0,11.2,11.3,11.3,11.5,11.7,12.0,12.3,12.3,12.4,12.7,12.8,13.0,13.1,13.2,13.3,13.4,13.6,13.8,13.9,14.0,14.1,14.3,14.4,14.6,14.7,14.8,14.9,15.0,15.2,15.4,15.5,15.6,15.9,16.1,16.3,16.5,16.7,16.8,17.0,17.2,17.6,18.0,18.2,18.6,19.1,19.5,19.7,20.0,20.2,20.4,20.7,21.0,21.4,21.8,22.2,22.2,22.6,23.0,23.4,23.7,24.0,24.3,24.5,24.7,25.0,25.5,25.9,26.2,26.6,27.0,27.2,27.4,27.7,28.0,28.4,28.9,29.3,29.8,30.2,30.5,30.9,31.3,31.6,31.9,32.2,32.4,32.6,32.8,33.2,33.7,34.1,34.2,34.7,35.1,35.3,35.6,35.8,36.0,36.1,36.3,36.6,36.9,37.2,37.5,37.9,38.3,38.7,38.9,39.2,39.4,39.5,39.6,39.8,40.2,40.6,40.8,41.0,41.1,41.3,41.4,41.6,41.7,41.7,41.8,41.9,42.1,42.3,42.5,42.7,43.0,43.1,43.2,43.4,43.6,43.7,43.8,44.1,44.5,44.6,44.7,44.9,45.1,45.3,45.4,45.6,45.8,45.8,46.0,46.3,46.6,46.9,47.1,47.4,47.8,48.1,48.3,48.6,48.7,48.8,48.9,49.2,49.6,49.9,50.0,50.5,50.9,51.1,51.3,51.5,51.7,51.9,52.2,52.5,52.9,53.2,53.4,53.7,54.1,54.4,54.6,54.8,55.1,55.3,55.5,55.7,56.0,56.3,56.5,56.9,57.2,57.4,57.6,57.9,58.1,58.2,58.3,58.4,58.7,59.1,59.2,59.6,59.8,60.0,60.2,60.4,60.8,61.0,61.1,61.2,61.5,61.7,61.8,62.2,62.4,62.6,62.7,63.0,63.1,63.3,63.4,63.6,63.9,64.2,64.3,64.6,65.1,65.6,65.9,66.3,66.7,66.8,67.0,67.2,67.5,67.8,67.9,68.2,68.5,68.7,69.0,69.3,69.4,69.3,69.4,69.5,69.5,69.8,69.9,70.1,70.1,70.3,70.4,70.6,70.6,70.6,70.7,70.7,70.9,71.2,71.2,71.4,71.6,71.8,71.9,72.0,72.1,72.1,72.1,72.1,72.3,72.3,72.4,72.5,72.6,72.7,72.9,73.1,73.1,73.3,73.3,73.5,73.7,73.9,73.9,74.1,74.3,74.5,74.6,74.9,75.1,75.2,75.3,75.4,75.7,75.9,75.9,76.3,76.5,76.6,76.9,77.1,77.3,77.4,77.4,77.4,77.5,77.7,77.7,78.1,78.3,78.5,78.7,78.9,79.0,79.1,79.2,79.4,79.6,79.8,79.9,80.2,80.4,80.6,80.8,81.0,81.1,81.2,81.4,81.6,81.6,81.8,81.9,82.0,82.2,82.5,82.7,82.9,83.0,83.1,83.3,83.3,83.3,83.4,83.6,83.6,83.8,84.1,84.2,84.5,84.5,84.8,85.0,85.0,85.2,85.2,85.2,85.4,85.6,85.8,86.1,86.4,86.4,86.7,86.8,86.8,86.7,86.8,86.8,86.9,87.2,87.3,87.4,87.7,87.9,88.1,88.2,88.2,88.5,88.8,89.1,89.5,89.7,90.2,90.4,90.8,91.2,91.7,91.8,91.6,91.6,91.2,91.1,91.0,91.2,91.2,91.4,91.6,91.7,91.7,92.0,91.8,91.8,91.8,92.0,92.2,92.2,92.5,92.8,92.9,92.9,93.2,93.4,93.2,93.4,93.4,93.8,94.1,94.4,94.8,95.3,95.3,95.4,95.7,96.0,96.0,96.6,96.5,96.8,97.1,97.5,98.0,98.4,98.4,98.6,98.7,99.1,99.1,99.1,98.9,99.1,99.3,99.3,99.5,99.5,99.5,99.8,99.9,100.3,100.0,99.8,99.5,99.7,99.9,99.8,99.9,100.1,100.0,100.1,100.0,100.2,99.8,99.9,99.7,99.7,99.3,99.7,99.8,100.0,100.1,100.3,100.2,100.4,100.0,100.2,99.8,99.8,99.6,99.4,99.6,99.5,99.8,99.9,100.1,100.3,100.1,100.0,99.9,100.3,100.6,101.0,101.0,101.4,101.2,101.1,101.2,101.5,101.2,101.0,100.8,101.2,101.5,101.5,101.8,101.9,102.2,102.4,102.7,103.1,102.6,102.6,102.4,102.3,102.4,102.5,102.8,103.0,103.0,103.1,103.1,103.5,102.9,102.8,102.6,102.8,102.9,102.8,102.9,103.0,102.8,102.9,102.7,103.0,102.3,102.5,102.4,102.6,103.3,103.4,103.7,104.1,104.1,104.2,104.7,105.1,104.9,105.6,106.2,106.6,108.3,109.3,110.4,110.3,111.2,112.5,113.0,113.9,114.2,118.1,118.7,119.0,119.1,119.3,118.8,,OECDstat,2015,
ITA,136,Italy,index,Headline Consumer Price Index,5.6,5.7,5.7,5.8,5.9,5.9,6.0,6.1,6.1,6.2,6.3,6.5,6.7,6.9,7.1,7.3,7.6,8.0,8.5,9.0,9.4,9.6,9.8,10.1,10.5,11.2,11.5,12.2,12.6,13.1,13.4,13.9,14.3,14.7,15.1,15.5,16.1,16.7,17.3,18.2,19.4,20.2,21.0,22.1,23.0,24.0,24.7,25.9,26.9,27.7,28.9,30.2,31.2,32.2,32.9,34.0,35.0,35.8,36.3,37.2,38.3,39.2,39.7,40.5,41.2,41.6,41.8,42.3,42.9,43.4,43.9,44.6,45.1,45.6,46.0,46.9,47.8,48.5,49.0,49.8,50.9,51.5,52.2,53.2,54.1,54.9,55.5,56.3,57.2,57.9,58.3,59.0,59.8,60.5,61.1,61.7,62.4,63.0,63.4,64.1,65.1,66.3,67.0,67.7,68.5,69.2,69.4,69.7,70.2,70.5,70.7,71.1,71.6,72.0,72.1,72.3,72.6,73.0,73.3,73.8,74.3,74.8,75.3,75.8,76.5,77.1,77.4,77.6,78.3,78.9,79.2,79.8,80.4,81.0,81.4,81.8,82.3,82.9,83.2,83.4,83.8,84.4,84.9,85.2,85.6,86.3,86.8,86.8,87.1,87.7,88.2,88.8,89.8,90.8,91.7,91.3,91.1,91.6,91.8,91.9,92.3,92.9,93.3,93.5,94.4,95.3,95.9,96.6,97.5,98.5,98.9,99.0,99.4,99.6,100.1,99.7,99.9,100.1,100.0,99.8,99.6,100.1,100.2,99.9,99.5,99.7,100.2,100.1,100.9,101.2,101.3,101.0,101.6,102.2,102.8,102.4,102.6,103.0,103.2,102.7,102.9,102.9,102.7,102.5,103.5,104.1,104.9,106.1,109.3,111.3,113.7,118.6,119.1,,OECDstat,2015,
ITA,136,Italy,Inflation,Headline Consumer Price Inflation,4.8,4.8,5.7,10.8,19.2,17.0,16.6,17.1,12.1,14.8,21.1,18.0,16.5,14.6,10.8,9.2,5.8,4.7,5.1,6.3,6.5,6.3,5.3,4.6,4.1,5.2,4.0,2.0,2.0,1.7,2.5,2.8,2.5,2.7,2.2,2.0,2.1,1.8,3.3,0.8,1.5,2.8,3.0,1.2,0.2,0.0,-0.1,1.3,1.1,0.6,-0.1,1.9,8.2,,Annual average inflation
