"India","534","Financial, Interest Rates, Lending Rate, Percent per annum","FILR_PA","Status",,,,,,,,,,,,,,,,,,,,,,,,,,,,,,,,,,,,,,,,,,,,,,,,,,,,,,,,,,,,,,,,,,,,,,,,,,,,,,,,,,,,,,,,,,,,,,,,,,,,,,,,,,,,,,,,,,,,,,,,,,,,,,,,,,,,,,,,,,,,,,,,,,,,,,,,,,,,,,,,,,,,,,,,,,,,,,,,,,,,,,,,,,,,,,,,,,,,,,,,,,,,,,,,,,,,,,,,,,,,,,,,,,,,,,,,,,,,,,,,,,,,,,,,,,,,,,,,,,,,,,,,,,,,,,,,,,,,,,,,,,,,,,,,,,,,,,,,,,,,,,,,,,,,,,,,,,,,,,,,,,,,,,,,,,,,,,,,,,,,,,,,,,,,,,,,,,,,,,,,,,,,,,,,,,,,,,,,,,,,,,,,,,,,,,,,,,,,,,,,,,,,,,,,,,,,,,,,,,,,,,,,,,,,,,,,,,,,,,,,,,,,,,,,,,,,,,,,,,,,,,,,,,,,,,,,,,,,,,,,,,,,,,,,,,,,,,,,,,,,,,,,,,,,,,,,,,,,,,,,,,,,,,,,,,,,,,,,,,,,,,,,,,,,,,,,,,,,,,,,,,,,,,,,,,,,,,,,,,,,,,,,,,,,,,,,,,,,,,,,,,,,,,,,,,,,,,,,,,,,,,,,,,,,,,,,,,,,,,,,,,,,,,,,,,,,,,,,,,,,,,,,,,,,,,,,,,,,,,,,,,,,,,,,,,,,,,,,,,,,,,,,,,,,,,,,,,,,,,,,,,,,,,,,,,,,,,,,,,,,,,,,,,,,,,,,,,,,,,,,,,,,,,,,,,,,,,,,,,,,,,,,,,,,,,,,,,,,,,,,,,,,,,,,,,,,,,,,,,,,,,,,,,,,,,,,,,,,,,,,,,,,,,,,,,,,,,,,,,,,,,,,,,,,,,,,,,,,,,,,,,,,,,,,,,,,,,,,,,,,,,,,,,,,,,,,,,,,,,,,,,,,,,,,,,,,,,,,,,,,,,,,,,,,,,,,,,,,,,,,,,,,,,,,,,,,,,,,,,,,,,,,,,,"",,,,,,,,,,,,,,,,,"",,,,,,,,,,,,,,,,,"",,,,,,,,,,,,,,,,,"",,,,,,,,,,,,,,,,,"",,,,,,,,,,,,,,,,,"",,,,,,,,,,,,,,,,,"",,,,,,,,,,,,,,,,,"",,,,,,,,,,,,,,,,,"",,,,,,,,,,,,,,,,,"",,,,,,,,,,,,,,,,,"",,,,,,,,,,,,,,,,,"",,,,,,,,,,,,,,,,,"",,,,,,,,,,,,,,,,,"",,,,,,,,,,,,,,,,,"",,,,,,,,,,,,,,,,,"",,,,,,,,,,,,,,,,,"",,,,,,,,,,,,,,,,,"",,,,,,,,,,,,,,,,,"",,,,,,,,,,,,,,,,,"",,,,,,,,,,,,,,,,,"",,,,,,,,,,,,,,,,,"",,,,,,,,,,,,,,,,,"",,,,,,,,,,,,,,,,,"",,,,,,,,,,,,,,,,,"",,,,,,,,,,,,,,,,,"",,,,,,,,,,,,,,,,,"",,,,,,,,,,,,,,,,,"",,,,,,,,,,,,,,,,,"",,,,,,,,,,,,,,,,,"",,,,,,,,,,,,,,,,,"",,,,,,,,,,,,,,,,,"",,,,,,,,,,,,,,,,,"B",,,,,,,,,,,,,,,,,"",,,,,,,,,,,,,,,,,"",,,,,,,,,,,,,,,,,"",,,,,,,,,,,,,,,,,"",,,,,,,,,,,,,,,,,"",,,,,,,,,,,,,,,,,"",,,,,,,,,,,,,,,,,"",,,,,,,,,,,,,,,,,"",,,,,,,,,,,,,,,,,"",,,,,,,,,,,,,,,,,"",,,,,,,,,,,,,,,,,"",,,,,,,,,,,,,,,,,"",,,,,,,,,,,,,,,,,,,,,,,,,,,,,,
"India","534","Financial, Interest Rates, Lending Rate, Percent per annum","FILR_PA","Status",,,,,,,,,,,,,,,,,,,,,,,,,,,,,,,,,,,,,,,,,,,,,,,,,,,,,,,,,,,,,,,,,,,,,,,,,,,,,,,,,,,,,,,,,,,,,,,,,,,,,,,,,,,,,,,,,,,,,,,,,,,,,,,,,,,,,,,,,,,,,,,,,,,,,,,,,,,,,,,,,,,,,,,,,,,,,,,,,,,,,,,,,,,,,,,,,,,,,,,,,,,,,,,,,,,,,,,,,,,,,,,,,,,,,,,,,,,,,,,,,,,,,,,,,,,,,,,,,,,,,,,,,,,,,,,,,,,,,,,,,,,,,,,,,,,,,,,,,,,,,,,,,,,,,,,,,,,,,,,,,,,,,,,,,,,,,,,,,,,,,,,,,,,,,,,,,,,,,,,,,,,,,,,,,,,,,,,,,,,,,,,,,,,,,,,,,,,,,,,,,,,,,,,,,,,,,,,,,,,,,,,,,,,,,,,,,,,,,,,,,,,,,,,,,,,,,,,,,,,,,,,,,,,,,,,,,,,,,,,,,,,,,,,,,,,,,,,,,,,,,,,,,,,,,,,,,,,,,,,,,,,,,,,,,,,,,,,,,,,,,,,,,,,,,,,,,,,,,,,,,,,,,,,,,,,,,,,,,,,,,,,,,,,,,,,,,,,,,,,,,,,,,,,,,,,,,,,,,,,,,,,,,,,,,,,,,,,,,,,,,,,,,,,,,,,,,,,,,,,,,,,,,,,,,,,,,,,,,,,,,,,,,,,,,,,,,,,,,,,,,,,,,,,,,,,,,,,,,,,,,,,,,,,,,,,,,,,,,,,,,,,,,,,,,,,,,,,,,,,,,,,,,,,,,,,,,,,,,,,,,,,,,,,,,,,,,,,,,,,,,,,,,,,,,,,,,,,,,,,,,,,,,,,,,,,,,,,,,,,,,,,,,,,,,,,,,,,,,,,,,,,,,,,,,,,,,,,,,,,,,,,,,,,,,,,,,,,,,,,,,,,,,,,,,,,,,,,,,,,,,,,,,,,,,,,,,,,,,,,,,,,,,,,,,,,,,,,,,,,,,,,,,,,,,,,,,,,,,,,,,,,,,,,,,,,,,,,,,,,,"",,,,,"",,,,"",,,,"",,,,"",,,,,"",,,,"",,,,"",,,,"",,,,,"",,,,"",,,,"",,,,"",,,,,"",,,,"",,,,"",,,,"",,,,,"",,,,"",,,,"",,,,"",,,,,"",,,,"",,,,"",,,,"",,,,,"",,,,"",,,,"",,,,"",,,,,"",,,,"",,,,"",,,,"",,,,,"",,,,"",,,,"",,,,"",,,,,"",,,,"",,,,"",,,,"",,,,,"",,,,"",,,,"",,,,"",,,,,"",,,,"",,,,"",,,,"",,,,,"",,,,"",,,,"",,,,"",,,,,"",,,,"",,,,"",,,,"",,,,,"",,,,"",,,,"",,,,"",,,,,"",,,,"",,,,"",,,,"",,,,,"",,,,"",,,,"",,,,"",,,,,"",,,,"",,,,"",,,,"",,,,,"",,,,"",,,,"",,,,"",,,,,"",,,,"",,,,"",,,,"",,,,,"",,,,"",,,,"",,,,"",,,,,"",,,,"",,,,"",,,,"",,,,,"",,,,"",,,,"",,,,"",,,,,"",,,,"",,,,"",,,,"",,,,,"",,,,"",,,,"",,,,"",,,,,"",,,,"",,,,"",,,,"",,,,,"",,,,"",,,,"",,,,"",,,,,"",,,,"",,,,"",,,,"",,,,,"",,,,"",,,,"",,,,"",,,,,"",,,,"",,,,"",,,,"",,,,,"",,,,"",,,,"",,,,"",,,,,"",,,,"",,,,"B",,,,"",,,,,"",,,,"",,,,"",,,,"",,,,,"",,,,"",,,,"",,,,"",,,,,"",,,,"",,,,"",,,,"",,,,,"",,,,"",,,,"",,,,"",,,,,"",,,,"",,,,"",,,,"",,,,,"",,,,"",,,,"",,,,"",,,,,"",,,,"",,,,"",,,,"",,,,,"",,,,"",,,,"",,,,"",,,,,"",,,,"",,,,"",,,,"",,,,,"",,,,"",,,,"",,,,"",,,,,"",,,,"",,,,"",,,,"",,,,,"",,,,"",,,,"",,,,,,,,,,,,,,,,,,,,,
"India","534","Financial, Interest Rates, Lending Rate, Percent per annum","FILR_PA","Status",,,,,,,,,,,,,,,,,,,,,,,,,,,,,,,,,,,,,,,,,,,,,,,,,,,,,,,,,,,,,,,,,,,,,,,,,,,,,,,,,,,,,,,,,,,,,,,,,,,,,,,,,,,,,,,,,,,,,,,,,,,,,,,,,,,,,,,,,,,,,,,,,,,,,,,,,,,,,,,,,,,,,,,,,,,,,,,,,,,,,,,,,,,,,,,,,,,,,,,,,,,,,,,,,,,,,,,,,,,,,,,,,,,,,,,,,,,,,,,,,,,,,,,,,,,,,,,,,,,,,,,,,,,,,,,,,,,,,,,,,,,,,,,,,,,,,,,,,,,,,,,,,,,,,,,,,,,,,,,,,,,,,,,,,,,,,,,,,,,,,,,,,,,,,,,,,,,,,,,,,,,,,,,,,,,,,,,,,,,,,,,,,,,,,,,,,,,,,,,,,,,,,,,,,,,,,,,,,,,,,,,,,,,,,,,,,,,,,,,,,,,,,,,,,,,,,,,,,,,,,,,,,,,,,,,,,,,,,,,,,,,,,,,,,,,,,,,,,,,,,,,,,,,,,,,,,,,,,,,,,,,,,,,,,,,,,,,,,,,,,,,,,,,,,,,,,,,,,,,,,,,,,,,,,,,,,,,,,,,,,,,,,,,,,,,,,,,,,,,,,,,,,,,,,,,,,,,,,,,,,,,,,,,,,,,,,,,,,,,,,,,,,,,,,,,,,,,,,,,,,,,,,,,,,,,,,,,,,,,,,,,,,,,,,,,,,,,,,,,,,,,,,,,,,,,,,,,,,,,,,,,,,,,,,,,,,,,,,,,,,,,,,,,,,,,,,,,,,,,,,,,,,,,,,,,,,,,,,,,,,,,,,,,,,,,,,,,,,,,,,,,,,,,,,,,,,,,,,,,,,,,,,,,,,,,,,,,,,,,,,,,,,,,,,,,,,,,,,,,,,,,,,,,,,,,,,,,,,,,,,,,,,,,,,,,,,,,,,,,,,,,,,,,,,,,,,,,,,,,,,,,,,,,,,,,,,,,,,,,,,,,,,,,,,,,,,,,,,,,,,,,,,,,,,,,,,,,,,,,,,,,,,,,,,,,,,,,,,,,,,,,"",,,"","","",,"","","",,"","","",,"","","",,,"","","",,"","","",,"","","",,"","","",,,"","","",,"","","",,"","","",,"","","",,,"","","",,"","","",,"","","",,"","","",,,"","","",,"","","",,"","","",,"","","",,,"","","",,"","","",,"","","",,"","","",,,"","","",,"","","",,"","","",,"","","",,,"","","",,"","","",,"","","",,"","","",,,"","","",,"","","",,"","","",,"","","",,,"","","",,"","","",,"","","",,"","","",,,"","","",,"","","",,"","","",,"","","",,,"","","",,"","","",,"","","",,"","","",,,"","","",,"","","",,"","","",,"","","",,,"","","",,"","","",,"","","",,"","","",,,"","","",,"","","",,"","","",,"","","",,,"","","",,"","","",,"","","",,"","","",,,"","","",,"","","",,"","","",,"","","",,,"","","",,"","","",,"","","",,"","","",,,"","","",,"","","",,"","","",,"","","",,,"","","",,"","","",,"","","",,"","","",,,"","","",,"","","",,"","","",,"","","",,,"","","",,"","","",,"","","",,"","","",,,"","","",,"","","",,"","","",,"","","",,,"","","",,"","","",,"","","",,"","","",,,"","","",,"","","",,"","","",,"","","",,,"","","",,"","","",,"","","",,"","","",,,"","","",,"","","",,"","","",,"","","",,,"","","",,"","","",,"","","",,"","","",,,"","","",,"","","",,"","","",,"","","",,,"","","",,"","","",,"","","",,"","","",,,"","","",,"","","",,"","","",,"","","",,,"","","",,"","","",,"B","","",,"","","",,,"","","",,"","","",,"","","",,"","","",,,"","","",,"","","",,"","","",,"","","",,,"","","",,"","","",,"","","",,"","","",,,"","","",,"","","",,"","","",,"","","",,,"","","",,"","","",,"","","",,"","","",,,"","","",,"","","",,"","","",,"","","",,,"","","",,"","","",,"","","",,"","","",,,"","","",,"","","",,"","","",,"","","",,,"","","",,"","","",,"","","",,"","","",,,"","","",,"","","",,"","","",,"","","",,,"","","",,"","","",,"","","",,"","","",,,"","","",,"","","",,"",,,,,,,,,,,,,,,,,,,,
"India","534","Financial, Interest Rates, Lending Rate, Percent per annum","FILR_PA","Value",,,,,,,,,,,,,,,,,,,,,,,,,,,,,,,,,,,,,,,,,,,,,,,,,,,,,,,,,,,,,,,,,,,,,,,,,,,,,,,,,,,,,,,,,,,,,,,,,,,,,,,,,,,,,,,,,,,,,,,,,,,,,,,,,,,,,,,,,,,,,,,,,,,,,,,,,,,,,,,,,,,,,,,,,,,,,,,,,,,,,,,,,,,,,,,,,,,,,,,,,,,,,,,,,,,,,,,,,,,,,,,,,,,,,,,,,,,,,,,,,,,,,,,,,,,,,,,,,,,,,,,,,,,,,,,,,,,,,,,,,,,,,,,,,,,,,,,,,,,,,,,,,,,,,,,,,,,,,,,,,,,,,,,,,,,,,,,,,,,,,,,,,,,,,,,,,,,,,,,,,,,,,,,,,,,,,,,,,,,,,,,,,,,,,,,,,,,,,,,,,,,,,,,,,,,,,,,,,,,,,,,,,,,,,,,,,,,,,,,,,,,,,,,,,,,,,,,,,,,,,,,,,,,,,,,,,,,,,,,,,,,,,,,,,,,,,,,,,,,,,,,,,,,,,,,,,,,,,,,,,,,,,,,,,,,,,,,,,,,,,,,,,,,,,,,,,,,,,,,,,,,,,,,,,,,,,,,,,,,,,,,,,,,,,,,,,,,,,,,,,,,,,,,,,,,,,,,,,,,,,,,,,,,,,,,,,,,,,,,,,,,,,,,,,,,,,,,,,,,,,,,,,,,,,,,,,,,,,,,,,,,,,,,,,,,,,,,,,,,,,,,,,,,,,,,,,,,,,,,,,,,,,,,,,,,,,,,,,,,,,,,,,,,,,,,,,,,,,,,,,,,,,,,,,,,,,,,,,,,,,,,,,,,,,,,,,,,,,,,,,,,,,,,,,,,,,,,,,,,,,,,,,,,,,,,,,,,,,,,,,,,,,,,,,,,,,,,,,,,,,,,,,,,,,,,,,,,,,,,,,,,,,,,,,,,,,,,,,,,,,,,,,,,,,,,,,,,,,,,,,,,,,,,,,,,,,,,,,,,,,,,,,,,,,,,,,,,,,,,,,,,,,,,,,,,,,,,,,,,,,,,,,,,"13.5",,,,,,,,,,,,,,,,,"14.5",,,,,,,,,,,,,,,,,"16.5",,,,,,,,,,,,,,,,,"16.5",,,,,,,,,,,,,,,,,"16.5",,,,,,,,,,,,,,,,,"16.5",,,,,,,,,,,,,,,,,"16.5",,,,,,,,,,,,,,,,,"16.5",,,,,,,,,,,,,,,,,"16.5",,,,,,,,,,,,,,,,,"16.5",,,,,,,,,,,,,,,,,"16.5",,,,,,,,,,,,,,,,,"16.5",,,,,,,,,,,,,,,,,"16.5",,,,,,,,,,,,,,,,,"17.875",,,,,,,,,,,,,,,,,"18.9166666666667",,,,,,,,,,,,,,,,,"16.25",,,,,,,,,,,,,,,,,"14.75",,,,,,,,,,,,,,,,,"15.4583333333333",,,,,,,,,,,,,,,,,"15.9583333333333",,,,,,,,,,,,,,,,,"13.8333333333333",,,,,,,,,,,,,,,,,"13.5416666666667",,,,,,,,,,,,,,,,,"12.5416666666667",,,,,,,,,,,,,,,,,"12.2916666666667",,,,,,,,,,,,,,,,,"12.0833333333333",,,,,,,,,,,,,,,,,"11.9166666666667",,,,,,,,,,,,,,,,,"11.4583333333333",,,,,,,,,,,,,,,,,"10.9166666666667",,,,,,,,,,,,,,,,,"10.75",,,,,,,,,,,,,,,,,"11.1875",,,,,,,,,,,,,,,,,"13.0208333333333",,,,,,,,,,,,,,,,,"13.3125",,,,,,,,,,,,,,,,,"12.1875",,,,,,,,,,,,,,,,,"8.33335",,,,,,,,,,,,,,,,,"10.1666666666667",,,,,,,,,,,,,,,,,"10.6041666666667",,,,,,,,,,,,,,,,,"10.2916666666667",,,,,,,,,,,,,,,,,"10.25",,,,,,,,,,,,,,,,,"10.0083333333333",,,,,,,,,,,,,,,,,"9.6725",,,,,,,,,,,,,,,,,"9.50833333333333",,,,,,,,,,,,,,,,,"9.45416666666667",,,,,,,,,,,,,,,,,"9.46625",,,,,,,,,,,,,,,,,"9.15",,,,,,,,,,,,,,,,,"8.69833333333333",,,,,,,,,,,,,,,,,"8.56714285714286",,,,,,,,,,,,,,,,,,,,,,,,,,,,,,"",
"India","534","Financial, Interest Rates, Lending Rate, Percent per annum","FILR_PA","Value",,,,,,,,,,,,,,,,,,,,,,,,,,,,,,,,,,,,,,,,,,,,,,,,,,,,,,,,,,,,,,,,,,,,,,,,,,,,,,,,,,,,,,,,,,,,,,,,,,,,,,,,,,,,,,,,,,,,,,,,,,,,,,,,,,,,,,,,,,,,,,,,,,,,,,,,,,,,,,,,,,,,,,,,,,,,,,,,,,,,,,,,,,,,,,,,,,,,,,,,,,,,,,,,,,,,,,,,,,,,,,,,,,,,,,,,,,,,,,,,,,,,,,,,,,,,,,,,,,,,,,,,,,,,,,,,,,,,,,,,,,,,,,,,,,,,,,,,,,,,,,,,,,,,,,,,,,,,,,,,,,,,,,,,,,,,,,,,,,,,,,,,,,,,,,,,,,,,,,,,,,,,,,,,,,,,,,,,,,,,,,,,,,,,,,,,,,,,,,,,,,,,,,,,,,,,,,,,,,,,,,,,,,,,,,,,,,,,,,,,,,,,,,,,,,,,,,,,,,,,,,,,,,,,,,,,,,,,,,,,,,,,,,,,,,,,,,,,,,,,,,,,,,,,,,,,,,,,,,,,,,,,,,,,,,,,,,,,,,,,,,,,,,,,,,,,,,,,,,,,,,,,,,,,,,,,,,,,,,,,,,,,,,,,,,,,,,,,,,,,,,,,,,,,,,,,,,,,,,,,,,,,,,,,,,,,,,,,,,,,,,,,,,,,,,,,,,,,,,,,,,,,,,,,,,,,,,,,,,,,,,,,,,,,,,,,,,,,,,,,,,,,,,,,,,,,,,,,,,,,,,,,,,,,,,,,,,,,,,,,,,,,,,,,,,,,,,,,,,,,,,,,,,,,,,,,,,,,,,,,,,,,,,,,,,,,,,,,,,,,,,,,,,,,,,,,,,,,,,,,,,,,,,,,,,,,,,,,,,,,,,,,,,,,,,,,,,,,,,,,,,,,,,,,,,,,,,,,,,,,,,,,,,,,,,,,,,,,,,,,,,,,,,,,,,,,,,,,,,,,,,,,,,,,,,,,,,,,,,,,,,,,,,,,,,,,,,,,,,,,,,,,,,,,,,,,,,,,,,,,,,,,,,,,,,,,,,,,,,,,"13.5",,,,,"13.5",,,,"13.5",,,,"14.5",,,,"16.5",,,,,"16.5",,,,"16.5",,,,"16.5",,,,"16.5",,,,,"16.5",,,,"16.5",,,,"16.5",,,,"16.5",,,,,"16.5",,,,"16.5",,,,"16.5",,,,"16.5",,,,,"16.5",,,,"16.5",,,,"16.5",,,,"16.5",,,,,"16.5",,,,"16.5",,,,"16.5",,,,"16.5",,,,,"16.5",,,,"16.5",,,,"16.5",,,,"16.5",,,,,"16.5",,,,"16.5",,,,"16.5",,,,"16.5",,,,,"16.5",,,,"16.5",,,,"16.5",,,,"16.5",,,,,"16.5",,,,"16.5",,,,"16.5",,,,"16.5",,,,,"16.5",,,,"16.5",,,,"16.5",,,,"16.5",,,,,"16.5",,,,"16.5",,,,"16.5",,,,"16.5",,,,,"16",,,,"17",,,,"18.5",,,,"20",,,,,"19.6666666666667",,,,"19",,,,"19",,,,"18",,,,,"17.6666666666667",,,,"16.6666666666667",,,,"15.6666666666667",,,,"15",,,,,"15",,,,"15",,,,"15",,,,"14",,,,,"14.6666666666667",,,,"15.5",,,,"15.5",,,,"16.1666666666667",,,,,"16.5",,,,"16.5",,,,"16",,,,"14.8333333333333",,,,,"14.5",,,,"13.8333333333333",,,,"13.5",,,,"13.5",,,,,"13.5",,,,"14",,,,"13.6666666666667",,,,"13",,,,,"13",,,,"12.3333333333333",,,,"12.3333333333333",,,,"12.5",,,,,"12.5",,,,"12",,,,"12.1666666666667",,,,"12.5",,,,,"12.3333333333333",,,,"12",,,,"12",,,,"12",,,,,"12",,,,"12",,,,"12",,,,"11.6666666666667",,,,,"11.5",,,,"11.5",,,,"11.5",,,,"11.3333333333333",,,,,"11",,,,"11",,,,"10.9166666666667",,,,"10.75",,,,,"10.75",,,,"10.75",,,,"10.75",,,,"10.75",,,,,"10.75",,,,"11.0833333333333",,,,"11.4166666666667",,,,"11.5",,,,,"12.3333333333333",,,,"13.25",,,,"13.25",,,,"13.25",,,,,"13.1666666666667",,,,"12.75",,,,"13.75",,,,"13.5833333333333",,,,,"12.5",,,,"12.25",,,,"12",,,,"12",,,,,"12",,,,"12",,,,"8",,,,"8.66666666666667",,,,,"9.33333333333333",,,,"9.83333333333333",,,,"10.75",,,,"10.75",,,,,"10.75",,,,"10.6666666666667",,,,"10.5",,,,"10.5",,,,,"10.4166666666667",,,,"10.25",,,,"10.25",,,,"10.25",,,,,"10.25",,,,"10.25",,,,"10.25",,,,"10.25",,,,,"10.25",,,,"10.0833333333333",,,,"10",,,,"9.7",,,,,"9.7",,,,"9.7",,,,"9.65",,,,"9.64",,,,,"9.59",,,,"9.5",,,,"9.49333333333333",,,,"9.45",,,,,"9.45",,,,"9.45",,,,"9.45",,,,"9.46666666666667",,,,,"9.49333333333333",,,,"9.48",,,,"9.45",,,,"9.44166666666667",,,,,"9.4",,,,"9.18333333333333",,,,"9.05",,,,"8.96666666666667",,,,,"8.8",,,,"8.73333333333333",,,,"8.67666666666667",,,,"8.58333333333333",,,,,"8.52",,,,"8.56",,,,"8.73",,,,,,,,,,,,,,,,,,,,,"",
"India","534","Financial, Interest Rates, Lending Rate, Percent per annum","FILR_PA","Value",,,,,,,,,,,,,,,,,,,,,,,,,,,,,,,,,,,,,,,,,,,,,,,,,,,,,,,,,,,,,,,,,,,,,,,,,,,,,,,,,,,,,,,,,,,,,,,,,,,,,,,,,,,,,,,,,,,,,,,,,,,,,,,,,,,,,,,,,,,,,,,,,,,,,,,,,,,,,,,,,,,,,,,,,,,,,,,,,,,,,,,,,,,,,,,,,,,,,,,,,,,,,,,,,,,,,,,,,,,,,,,,,,,,,,,,,,,,,,,,,,,,,,,,,,,,,,,,,,,,,,,,,,,,,,,,,,,,,,,,,,,,,,,,,,,,,,,,,,,,,,,,,,,,,,,,,,,,,,,,,,,,,,,,,,,,,,,,,,,,,,,,,,,,,,,,,,,,,,,,,,,,,,,,,,,,,,,,,,,,,,,,,,,,,,,,,,,,,,,,,,,,,,,,,,,,,,,,,,,,,,,,,,,,,,,,,,,,,,,,,,,,,,,,,,,,,,,,,,,,,,,,,,,,,,,,,,,,,,,,,,,,,,,,,,,,,,,,,,,,,,,,,,,,,,,,,,,,,,,,,,,,,,,,,,,,,,,,,,,,,,,,,,,,,,,,,,,,,,,,,,,,,,,,,,,,,,,,,,,,,,,,,,,,,,,,,,,,,,,,,,,,,,,,,,,,,,,,,,,,,,,,,,,,,,,,,,,,,,,,,,,,,,,,,,,,,,,,,,,,,,,,,,,,,,,,,,,,,,,,,,,,,,,,,,,,,,,,,,,,,,,,,,,,,,,,,,,,,,,,,,,,,,,,,,,,,,,,,,,,,,,,,,,,,,,,,,,,,,,,,,,,,,,,,,,,,,,,,,,,,,,,,,,,,,,,,,,,,,,,,,,,,,,,,,,,,,,,,,,,,,,,,,,,,,,,,,,,,,,,,,,,,,,,,,,,,,,,,,,,,,,,,,,,,,,,,,,,,,,,,,,,,,,,,,,,,,,,,,,,,,,,,,,,,,,,,,,,,,,,,,,,,,,,,,,,,,,,,,,,,,,,,,,,,,,,,,,,,,,,,,,,,,,,,,,,,,,,,,,,,,,,,,,,,,,,,,,,,,,,,,,"13.5",,,"13.5","13.5","13.5",,"13.5","13.5","13.5",,"13.5","13.5","16.5",,"16.5","16.5","16.5",,,"16.5","16.5","16.5",,"16.5","16.5","16.5",,"16.5","16.5","16.5",,"16.5","16.5","16.5",,,"16.5","16.5","16.5",,"16.5","16.5","16.5",,"16.5","16.5","16.5",,"16.5","16.5","16.5",,,"16.5","16.5","16.5",,"16.5","16.5","16.5",,"16.5","16.5","16.5",,"16.5","16.5","16.5",,,"16.5","16.5","16.5",,"16.5","16.5","16.5",,"16.5","16.5","16.5",,"16.5","16.5","16.5",,,"16.5","16.5","16.5",,"16.5","16.5","16.5",,"16.5","16.5","16.5",,"16.5","16.5","16.5",,,"16.5","16.5","16.5",,"16.5","16.5","16.5",,"16.5","16.5","16.5",,"16.5","16.5","16.5",,,"16.5","16.5","16.5",,"16.5","16.5","16.5",,"16.5","16.5","16.5",,"16.5","16.5","16.5",,,"16.5","16.5","16.5",,"16.5","16.5","16.5",,"16.5","16.5","16.5",,"16.5","16.5","16.5",,,"16.5","16.5","16.5",,"16.5","16.5","16.5",,"16.5","16.5","16.5",,"16.5","16.5","16.5",,,"16.5","16.5","16.5",,"16.5","16.5","16.5",,"16.5","16.5","16.5",,"16.5","16.5","16.5",,,"16.5","16.5","16.5",,"16.5","16.5","16.5",,"16.5","16.5","16.5",,"16.5","16.5","16.5",,,"16","16","16",,"17","17","17",,"18.5","18.5","18.5",,"20","20","20",,,"20","20","19",,"19","19","19",,"19","19","19",,"18","18","18",,,"18","18","17",,"17","17","16",,"16","16","15",,"15","15","15",,,"15","15","15",,"15","15","15",,"15","15","15",,"14","14","14",,,"14","15","15",,"15.5","15.5","15.5",,"15.5","15.5","15.5",,"15.5","16.5","16.5",,,"16.5","16.5","16.5",,"16.5","16.5","16.5",,"16.5","16","15.5",,"15.5","14.5","14.5",,,"14.5","14.5","14.5",,"14","14","13.5",,"13.5","13.5","13.5",,"13.5","13.5","13.5",,,"12.5","14","14",,"14","14","14",,"14","14","13",,"13","13","13",,,"13","13","13",,"12.5","12.5","12",,"12","12.5","12.5",,"12.5","12.5","12.5",,,"12.5","12.5","12.5",,"12.5","11.75","11.75",,"11.75","12.25","12.5",,"12.5","12.5","12.5",,,"12.5","12.5","12",,"12","12","12",,"12","12","12",,"12","12","12",,,"12","12","12",,"12","12","12",,"12","12","12",,"12","11.5","11.5",,,"11.5","11.5","11.5",,"11.5","11.5","11.5",,"11.5","11.5","11.5",,"11.5","11.5","11",,,"11","11","11",,"11","11","11",,"11","11","10.75",,"10.75","10.75","10.75",,,"10.75","10.75","10.75",,"10.75","10.75","10.75",,"10.75","10.75","10.75",,"10.75","10.75","10.75",,,"10.75","10.75","10.75",,"10.75","11.25","11.25",,"11.25","11.5","11.5",,"11.5","11.5","11.5",,,"12","12.5","12.5",,"13.25","13.25","13.25",,"13.25","13.25","13.25",,"13.25","13.25","13.25",,,"13.25","13.25","13",,"12.75","12.75","12.75",,"13.25","14","14",,"14","13.5","13.25",,,"12.5","12.5","12.5",,"12.25","12.25","12.25",,"12","12","12",,"12","12","12",,,"12","12","12",,"12","12","12",,"8","8","8",,"8.5","8.5","9",,,"9","9.5","9.5",,"9.5","10","10",,"10.75","10.75","10.75",,"10.75","10.75","10.75",,,"10.75","10.75","10.75",,"10.75","10.75","10.5",,"10.5","10.5","10.5",,"10.5","10.5","10.5",,,"10.5","10.5","10.25",,"10.25","10.25","10.25",,"10.25","10.25","10.25",,"10.25","10.25","10.25",,,"10.25","10.25","10.25",,"10.25","10.25","10.25",,"10.25","10.25","10.25",,"10.25","10.25","10.25",,,"10.25","10.25","10.25",,"10.25","10","10",,"10","10","10",,"9.7","9.7","9.7",,,"9.7","9.7","9.7",,"9.7","9.7","9.7",,"9.65","9.65","9.65",,"9.64","9.64","9.64",,,"9.62","9.6","9.55",,"9.5","9.5","9.5",,"9.48","9.5","9.5",,"9.45","9.45","9.45",,,"9.45","9.45","9.45",,"9.45","9.45","9.45",,"9.45","9.45","9.45",,"9.45","9.45","9.5",,,"9.5","9.5","9.48",,"9.48","9.48","9.48",,"9.45","9.45","9.45",,"9.425","9.45","9.45",,,"9.4","9.4","9.4",,"9.4","9.1","9.05",,"9.05","9.05","9.05",,"9","9","8.9",,,"8.8","8.8","8.8",,"8.8","8.7","8.7",,"8.7","8.7","8.63",,"8.6","8.6","8.55",,,"8.53","8.53","8.5",,"8.5","8.5","8.68",,"8.73",,,,,,,,,,,,,,,,,,,,"",
"India","534","Gross Domestic Product, Nominal, Domestic Currency","NGDP_XDC","Value",,,,,,,,,,,,,,,,,,,,,,,,,,,,,,,,,,,,,,,,,,,,,,,,,,,,,,,,,,,,,,,,,,,,,,,,,,,,,,,,,,,,,,,,,,,,,,,,,,,,,,,,,,,,,,,,,,,,,,,,,,,,,,,,,,,,,,,,,,,,,,,,,,,,,,,,,,,,,,,,,,,,,,,,,,,,,,,,,,,,,,,,,,,,,,,,,,,,,,,,,,,,,,,,,,,,,,,,,,,,,,,,,,,,,,,,,,,,,,,,,,,,,,,,,,,,,,,,,,,,,,,,,,,,,,,,,,,,,,,,,,,,,,,,,,,,,,,,,,,,,,,,,,,,,,,,,,,,,,,,,,,,,,,,,,,,,,,,,,,,,,,,,,,,,,,,,,,,,,,,,,,,,,,,,,,,,,,,,,,,,,,,,,,,,,,,,,,,,,,,,,,,,,,,,,,,,,,,,,,,,,,,,,,,,,,,,,,,,,,,,,,,,,,,,,,,,,,,,,,,,,,,,,,,,,,,,,,,,,,,,,,,,,,,,,,,,,,,,,,,,,,,,,,,,,,,,,,,,,,,,,,,,,,,,,,,,,,,,,,,,,,,,,,,,,,,,,,,,,,,,,,,,,,,,,,,,,,,,,,,,,,,,,,,,,,,,,,,,,,,,,,,,,,,,,,,,,,,,,,,,,,,,,,,,,,,,,,,,,,,,,,,,,,,,,,,,,,,,,,,,,,,,,,,,,,,,,,,,,,,,,,,,,,,,,,,,,,,,,,,,,,,,,,,,,,,,,,,,,,,,,,,,,,,,,,,,,,,,,,,,,,,,,,,,,,,,,,,,,,,,,,,,,,,,,,,,,,,,,,,,,,,,,,,,,,,,,,,,,,,,,,,,,,,,,,,,,,,,,,,,,,,,,,,,,,,,,,,,,,,,,,,,,,,,,,,,,,,,,,,,,,,,,,,,,,,,,,,,,,,,,,,,,,,,,,,,,,,,,,,,,,,,,,,,,,,,,,,,,,,,,,,,,,,,,,,,,,,,,,,,,,,,,,,,,,,,,,,,,,,,,,,,,,,,,,,,,,,,,,,,,,,,,,,,,,,,,,,,,,,,,,,,,,,,,,,,,,,,,,,,,,,,,,,,,,,,,,,,,,,,,,,,,,,,,,,,,,,,,,,,,,,,,,,,,,,,,,,,,,,,,,,,,,,,,,,,,,,,,,,,,,,,,,,,,,,,,,,,,,,,,,,,,,,,,,,,,,,,,,,,,,,,,,,,,,,,,,,,,,,,,,,,,,,,,,,,,,,,,,,,,,,,,,,,,,,,,,,,,,,,,,,,,,,,,,,,,,,,,,,,,,,,,,,,,,,,,,,,,,,,,,,,,,,,,,,,,,,,,,,,,,,,,,,,,,,,,,,,,,,,,,,,,,,,,,,,,,,,,,,,,,,,,,,,,,,,,,,,,,,,,,,,,,,,,,,,,,,,,,,,,,,,,,,,,,,,,,,,,,,,,,,,,,,,,,,,,,,,,,,,,,,,,,,,,,,,,,,,,,,,,,,,,,,,,,,,,,,,,,,,,,,,,,,,,,,,,,,,,,,,,,,,,"34958200000000",,,,,,,,,,,,,,,,,"40486400000000",,,,,,,,,,,,,,,,,"47141900000000",,,,,,,,,,,,,,,,,"54561900000000",,,,,,,,,,,,,,,,,"59895400000000",,,,,,,,,,,,,,,,,"72938200000000",,,,,,,,,,,,,,,,,"85651700000000",,,,,,,,,,,,,,,,,"96370500000000",,,,,,,,,,,,,,,,,"108981300000000",,,,,,,,,,,,,,,,,"122141700000000",,,,,,,,,,,,,,,,,"133907300000000",,,,,,,,,,,,,,,,,"149647100000000",,,,,,,,,,,,,,,,,"166281300000000",,,,,,,,,,,,,,,,,"186830700000000",,,,,,,,,,,,,,,,,"197561400000000",,,,,,,,,,,,,,,,,"192205900000000",,,,,,,,,,,,,,,,,"227242900000000",,,,,,,,,,,,,,,,,"265637600000000",,,,,,,,,,,,,,,,,,,,,,,,,,,,,,"",
"India","534","Prices, Consumer Price Index, All items, Index","PCPI_IX","Status",,,,,,,,,,,,,,,,,,,,,,,,,,,,,,,,,,,,,,,,,,,,,,,,,,,,,,,,,,,,,,,,,,,,,,,,,,,,,,,,,,,,,,,,,,,,,,,,,,,,,,,,,,,,,,,,,,,,,,,,,,,,,,,,,,,,,,,,,,,,,,,,,,,,,,,,,,,,,,,,,,,,,,,,,,,,,,,,,,,,,,,,,,,,,,,,,,,,,,,,,,,,,,,,,,,,,,,,,,,,,,,,,,,,,,,,,,,,,,,,,,,,,,,,,,,,,,,,,,,,,,,,,,,,,,,,,,,,,,,,,,,,,,,,,,,,,,,,,,,,,,,,,,,,,,,,,,,,,,,,,,,,,,,,,,,,,,,,,,,,,,,,,,,,,,,,,,,,,,,,,,,,,,,,,,,,,,,,,,,,,,,,,,,,,,,,,,,,,,,,,,,,,,,,,,,,,,,,,,,,,,,,,,,,,,,,,,,,,,,,,,,,,,,,,,,,,,,,,,,,,,,,,,,,,,,,,,,,,,,,,,,,,,,,,,,,,,,,,,,,,,,,,,,,,,,"",,,,,,,,,,,,,,,,,"",,,,,,,,,,,,,,,,,"",,,,,,,,,,,,,,,,,"",,,,,,,,,,,,,,,,,"",,,,,,,,,,,,,,,,,"",,,,,,,,,,,,,,,,,"",,,,,,,,,,,,,,,,,"",,,,,,,,,,,,,,,,,"",,,,,,,,,,,,,,,,,"",,,,,,,,,,,,,,,,,"",,,,,,,,,,,,,,,,,"",,,,,,,,,,,,,,,,,"",,,,,,,,,,,,,,,,,"",,,,,,,,,,,,,,,,,"",,,,,,,,,,,,,,,,,"",,,,,,,,,,,,,,,,,"",,,,,,,,,,,,,,,,,"",,,,,,,,,,,,,,,,,"B",,,,,,,,,,,,,,,,,"",,,,,,,,,,,,,,,,,"",,,,,,,,,,,,,,,,,"",,,,,,,,,,,,,,,,,"",,,,,,,,,,,,,,,,,"",,,,,,,,,,,,,,,,,"",,,,,,,,,,,,,,,,,"",,,,,,,,,,,,,,,,,"",,,,,,,,,,,,,,,,,"",,,,,,,,,,,,,,,,,"",,,,,,,,,,,,,,,,,"",,,,,,,,,,,,,,,,,"",,,,,,,,,,,,,,,,,"",,,,,,,,,,,,,,,,,"",,,,,,,,,,,,,,,,,"",,,,,,,,,,,,,,,,,"",,,,,,,,,,,,,,,,,"",,,,,,,,,,,,,,,,,"",,,,,,,,,,,,,,,,,"",,,,,,,,,,,,,,,,,"B",,,,,,,,,,,,,,,,,"",,,,,,,,,,,,,,,,,"",,,,,,,,,,,,,,,,,"",,,,,,,,,,,,,,,,,"",,,,,,,,,,,,,,,,,"",,,,,,,,,,,,,,,,,"",,,,,,,,,,,,,,,,,"",,,,,,,,,,,,,,,,,"",,,,,,,,,,,,,,,,,"",,,,,,,,,,,,,,,,,"",,,,,,,,,,,,,,,,,"",,,,,,,,,,,,,,,,,"",,,,,,,,,,,,,,,,,"",,,,,,,,,,,,,,,,,"",,,,,,,,,,,,,,,,,"",,,,,,,,,,,,,,,,,"",,,,,,,,,,,,,,,,,"",,,,,,,,,,,,,,,,,"B",,,,,,,,,,,,,,,,,"",,,,,,,,,,,,,,,,,"",,,,,,,,,,,,,,,,,"",,,,,,,,,,,,,,,,,"",,,,,,,,,,,,,,,,,"",,,,,,,,,,,,,,,,,"",,,,,,,,,,,,,,,,,"B",,,,,,,,,,,,,,,,,"",,,,,,,,,,,,,,,,,"",,,,,,,,,,,,,,,,,"",,,,,,,,,,,,,,,,,"",,,,,,,,,,,,,,,,,"",,,,,,,,,,,,,,,,,"",,,,,,,,,,,,,,,,,"",,,,,,,,,,,,,,,,,"",,,,,,,,,,,,,,,,,"",,,,,,,,,,,,,,,,,,,,,,,,,,,,,,
"India","534","Prices, Consumer Price Index, All items, Index","PCPI_IX","Status",,,,,,,,,,,,,,,,,,,,,,,,,,,,,,,,,,,,,,,,,,,,,,,,,,,,,,,,,,,,,,,,,,,,,,,,,,,,,,,,,,,,,,,,,,,,,,,,,,,,,,,,,,,,,,,,,,,,,,,,,,,,,,,,,,,,,,,,,,,,,,,,,,,,,,,,,,,,,,,,,,,,,,,,,,,,,,,,,,,,,,,,,,,,,,,,,,,,,,,,,,,,,,,,,,,,,,,,,,,,,,,,,,,,,,,,,,,,,,,,,,,,,,,,,,,,,,,,,,,,,,,,,,,,,,,,,,,,,,,,,,,,,,,,,,,,,,,,,,,,,,,,,,,,,,,,,,,,,,,,,,,,,,,,,,,,,,,,,,,,,,,,,,,,,,,,,,,,,,,,,,,,,,,,,,,,,,,,,,,,,,,,,,,,,,,,,,,,,,,,,,,,,,,,,,,,,,,,,,,,,,,,,,,,,,,,,,,,,,,,,,,,,,,,,,,,,,,,,,,,,,,,,,,,,,,,,,,,,,,,,,,,,,,,,,,,,,,,,,,,,,,,,,,,,,,,,,,,,,,,,,,,,,,,,,,,,,,,,,,,,,,,,,,,,,,,,,,,,,,,,,,,,,,,,,,,,,,,,,,,,,,,,,,,,,,,,,,,,,,,,,,,,,,,,,,,,,,,,,,,,,,,,,,,,,,"",,,,"",,,,"",,,,"",,,,,"",,,,"",,,,"",,,,"",,,,,"",,,,"",,,,"",,,,"",,,,,"",,,,"",,,,"",,,,"",,,,,"",,,,"",,,,"",,,,"",,,,,"",,,,"",,,,"",,,,"",,,,,"",,,,"",,,,"",,,,"",,,,,"",,,,"",,,,"",,,,"",,,,,"",,,,"",,,,"",,,,"",,,,,"",,,,"",,,,"",,,,"",,,,,"",,,,"",,,,"",,,,"",,,,,"",,,,"",,,,"",,,,"B",,,,,"",,,,"",,,,"",,,,"",,,,,"",,,,"",,,,"",,,,"",,,,,"",,,,"",,,,"",,,,"",,,,,"",,,,"",,,,"",,,,"",,,,,"",,,,"",,,,"",,,,"",,,,,"",,,,"",,,,"",,,,"",,,,,"",,,,"",,,,"",,,,"",,,,,"",,,,"",,,,"",,,,"",,,,,"",,,,"",,,,"",,,,"",,,,,"",,,,"",,,,"",,,,"",,,,,"",,,,"",,,,"",,,,"",,,,,"",,,,"",,,,"",,,,"",,,,,"",,,,"",,,,"",,,,"",,,,,"",,,,"",,,,"",,,,"",,,,,"",,,,"",,,,"",,,,"",,,,,"",,,,"",,,,"",,,,"",,,,,"",,,,"",,,,"",,,,"",,,,,"",,,,"",,,,"",,,,"",,,,,"",,,,"",,,,"",,,,"",,,,,"B",,,,"",,,,"",,,,"",,,,,"",,,,"",,,,"",,,,"",,,,,"",,,,"",,,,"",,,,"",,,,,"",,,,"",,,,"",,,,"",,,,,"",,,,"",,,,"",,,,"",,,,,"",,,,"",,,,"",,,,"",,,,,"",,,,"",,,,"",,,,"",,,,,"",,,,"",,,,"",,,,"",,,,,"",,,,"",,,,"",,,,"",,,,,"",,,,"",,,,"",,,,"",,,,,"",,,,"",,,,"",,,,"",,,,,"",,,,"",,,,"",,,,"",,,,,"",,,,"",,,,"",,,,"",,,,,"",,,,"",,,,"",,,,"",,,,,"",,,,"",,,,"",,,,"",,,,,"",,,,"",,,,"",,,,"",,,,,"",,,,"",,,,"",,,,"",,,,,"",,,,"",,,,"",,,,"",,,,,"B",,,,"",,,,"",,,,"",,,,,"",,,,"",,,,"",,,,"",,,,,"",,,,"",,,,"",,,,"",,,,,"",,,,"",,,,"",,,,"",,,,,"",,,,"",,,,"",,,,"",,,,,"",,,,"",,,,"",,,,"",,,,,"",,,,"",,,,"",,,,"",,,,,"B",,,,"",,,,"",,,,"",,,,,"",,,,"",,,,"",,,,"",,,,,"",,,,"",,,,"",,,,"",,,,,"",,,,"",,,,"",,,,"",,,,,"",,,,"",,,,"",,,,"",,,,,"",,,,"",,,,"",,,,"",,,,,"",,,,"",,,,"",,,,"",,,,,"",,,,"",,,,"",,,,"",,,,,"",,,,"",,,,"",,,,"",,,,,"",,,,"",,,,"",,,,"",,,,,"",,,,,,,,,,,,
"India","534","Prices, Consumer Price Index, All items, Index","PCPI_IX","Status",,,,,,,,,,,,,,,,,,,,,,,,,,,,,,,,,,,,,,,,,,,,,,,,,,,,,,,,,,,,,,,,,,,,,,,,,,,,,,,,,,,,,,,,,,,,,,,,,,,,,,,,,,,,,,,,,,,,,,,,,,,,,,,,,,,,,,,,,,,,,,,,,,,,,,,,,,,,,,,,,,,,,,,,,,,,,,,,,,,,,,,,,,,,,,,,,,,,,,,,,,,,,,,,,,,,,,,,,,,,,,,,,,,,,,,,,,,,,,,,,,,,,,,,,,,,,,,,,,,,,,,,,,,,,,,,,,,,,,,,,,,,,,,,,,,,,,,,,,,,,,,,,,,,,,,,,,,,,,,,,,,,,,,,,,,,,,,,,,,,,,,,,,,,,,,,,,,,,,,,,,,,,,,,,,,,,,,,,,,,,,,,,,,,,,,,,,,,,,,,,,,,,,,,,,,,,,,,,,,,,,,,,,,,,,,,,,,,,,,,,,,,,,,,,,,,,,,,,,,,,,,,,,,,,,,,,,,,,,,,,,,,,,,,,,,,,,,,,,,,,,,,,,,,,,,,,,,,,,,,,,,,,,,,,,,,,,,,,,,,,,,,,,,,,,,,,,,,,,,,,,,,,,,,,,,,,,,,,,,,,,,,,,,,,,,,,,,,,,,,,,,,,,,,,,,,,,,,,,,,,,,,,,,,,,,,"","","",,"","","",,"","","",,"","","",,,"","","",,"","","",,"","","",,"","","",,,"","","",,"","","",,"","","",,"","","",,,"","","",,"","","",,"","","",,"","","",,,"","","",,"","","",,"","","",,"","","",,,"","","",,"","","",,"","","",,"","","",,,"","","",,"","","",,"","","",,"","","",,,"","","",,"","","",,"","","",,"","","",,,"","","",,"","","",,"","","",,"","","",,,"","","",,"","","",,"","","",,"","","",,,"","","",,"","","",,"","","",,"","","",,,"","","",,"","","",,"","","",,"","","",,,"B","","",,"","","",,"","","",,"","","",,,"","","",,"","","",,"","","",,"","","",,,"","","",,"","","",,"","","",,"","","",,,"","","",,"","","",,"","","",,"","","",,,"","","",,"","","",,"","","",,"","","",,,"","","",,"","","",,"","","",,"","","",,,"","","",,"","","",,"","","",,"","","",,,"","","",,"","","",,"","","",,"","","",,,"","","",,"","","",,"","","",,"","","",,,"","","",,"","","",,"","","",,"","","",,,"","","",,"","","",,"","","",,"","","",,,"","","",,"","","",,"","","",,"","","",,,"","","",,"","","",,"","","",,"","","",,,"","","",,"","","",,"","","",,"","","",,,"","","",,"","","",,"","","",,"","","",,,"","","",,"","","",,"","","",,"","","",,,"","","",,"","","",,"","","",,"","","",,,"","","",,"","","",,"","","",,"","","",,,"","","",,"","","",,"","","",,"","","",,,"B","","",,"","","",,"","","",,"","","",,,"","","",,"","","",,"","","",,"","","",,,"","","",,"","","",,"","","",,"","","",,,"","","",,"","","",,"","","",,"","","",,,"","","",,"","","",,"","","",,"","","",,,"","","",,"","","",,"","","",,"","","",,,"","","",,"","","",,"","","",,"","","",,,"","","",,"","","",,"","","",,"","","",,,"","","",,"","","",,"","","",,"","","",,,"","","",,"","","",,"","","",,"","","",,,"","","",,"","","",,"","","",,"","","",,,"","","",,"","","",,"","","",,"","","",,,"","","",,"","","",,"","","",,"","","",,,"","","",,"","","",,"","","",,"","","",,,"","","",,"","","",,"","","",,"","","",,,"","","",,"","","",,"","","",,"","","",,,"","","",,"","","",,"","","",,"","","",,,"","","",,"","","",,"","","",,"","","",,,"B","","",,"","","",,"","","",,"","","",,,"","","",,"","","",,"","","",,"","","",,,"","","",,"","","",,"","","",,"","","",,,"","","",,"","","",,"","","",,"","","",,,"","","",,"","","",,"","","",,"","","",,,"","","",,"","","",,"","","",,"","","",,,"","","",,"","","",,"","","",,"","","",,,"B","","",,"","","",,"","","",,"","","",,,"","","",,"","","",,"","","",,"","","",,,"","","",,"","","",,"","","",,"","","",,,"","","",,"","","",,"","","",,"","","",,,"","","",,"","","",,"","","",,"","","",,,"","","",,"","","",,"","","",,"","","",,,"","","",,"","","",,"","","",,"","","",,,"","","",,"","","",,"","","",,"","","",,,"","","",,"","","",,"","","",,"","","",,,"","","",,"","","",,"","","",,"","","",,,"","","",,"","",,,,,,
"India","534","Prices, Consumer Price Index, All items, Index","PCPI_IX","Value",,,,,,,,,,,,,,,,,,,,,,,,,,,,,,,,,,,,,,,,,,,,,,,,,,,,,,,,,,,,,,,,,,,,,,,,,,,,,,,,,,,,,,,,,,,,,,,,,,,,,,,,,,,,,,,,,,,,,,,,,,,,,,,,,,,,,,,,,,,,,,,,,,,,,,,,,,,,,,,,,,,,,,,,,,,,,,,,,,,,,,,,,,,,,,,,,,,,,,,,,,,,,,,,,,,,,,,,,,,,,,,,,,,,,,,,,,,,,,,,,,,,,,,,,,,,,,,,,,,,,,,,,,,,,,,,,,,,,,,,,,,,,,,,,,,,,,,,,,,,,,,,,,,,,,,,,,,,,,,,,,,,,,,,,,,,,,,,,,,,,,,,,,,,,,,,,,,,,,,,,,,,,,,,,,,,,,,,,,,,,,,,,,,,,,,,,,,,,,,,,,,,,,,,,,,,,,,,,,,,,,,,,,,,,,,,,,,,,,,,,,,,,,,,,,,,,,,,,,,,,,,,,,,,,,,,,,,,,,,,,,,,,,,,,,,,,,,,,,,,,,,,,,,,,,,"2.06413360605123",,,,,,,,,,,,,,,,,"2.14588147163742",,,,,,,,,,,,,,,,,"2.10500753884432",,,,,,,,,,,,,,,,,"2.16631843803396",,,,,,,,,,,,,,,,,"2.06413360605123",,,,,,,,,,,,,,,,,"1.96194877406849",,,,,,,,,,,,,,,,,"2.14588147163742",,,,,,,,,,,,,,,,,"2.26680018948366",,,,,,,,,,,,,,,,,"2.37504367598295",,,,,,,,,,,,,,,,,"2.48328720985315",,,,,,,,,,,,,,,,,"2.52748668877309",,,,,,,,,,,,,,,,,"2.57033297015633",,,,,,,,,,,,,,,,,"2.66369298910469",,,,,,,,,,,,,,,,,"2.74216968261487",,,,,,,,,,,,,,,,,"3.10839360492657",,,,,,,,,,,,,,,,,"3.40290639507343",,,,,,,,,,,,,,,,,"3.77048318332544",,,,,,,,,,,,,,,,,"4.26299133112269",,,,,,,,,,,,,,,,,"4.40100194220749",,,,,,,,,,,,,,,,,"4.37529407863572",,,,,,,,,,,,,,,,,"4.59809549976314",,,,,,,,,,,,,,,,,"4.73971402179062",,,,,,,,,,,,,,,,,"5.04505101847466",,,,,,,,,,,,,,,,,"5.89972382756987",,,,,,,,,,,,,,,,,"7.58697015632402",,,,,,,,,,,,,,,,,"8.02310184746566",,,,,,,,,,,,,,,,,"7.41062245381336",,,,,,,,,,,,,,,,,"8.02625769777357",,,,,,,,,,,,,,,,,"8.228764092847",,,,,,,,,,,,,,,,,"8.74517527238276",,,,,,,,,,,,,,,,,"9.7374092846992",,,,,,,,,,,,,,,,,"11.0142316437707",,,,,,,,,,,,,,,,,"11.8833363334912",,,,,,,,,,,,,,,,,"13.2936603505448",,,,,,,,,,,,,,,,,"14.3995476077688",,,,,,,,,,,,,,,,,"15.1996475603979",,,,,,,,,,,,,,,,,"16.5265343439129",,,,,,,,,,,,,,,,,"17.9810554239697",,,,,,,,,,,,,,,,,"19.6683027001421",,,,,,,,,,,,,,,,,"21.0596935101847",,,,,,,,,,,,,,,,,"22.9490075793463",,,,,,,,,,,,,,,,,"26.1320914258645",,,,,,,,,,,,,,,,,"29.2124945523449",,,,,,,,,,,,,,,,,"31.0607370914259",,,,,,,,,,,,,,,,,"34.2438214116532",,,,,,,,,,,,,,,,,"37.7452131691142",,,,,,,,,,,,,,,,,"41.1336584557082",,,,,,,,,,,,,,,,,"44.0805774514448",,,,,,,,,,,,,,,,,"49.9128076740881",,,,,,,,,,,,,,,,,"52.2436461392705",,,,,,,,,,,,,,,,,"54.3383216485078",,,,,,,,,,,,,,,,,"56.3919261013738",,,,,,,,,,,,,,,,,"58.8151729038371",,,,,,,,,,,,,,,,,"61.0535954523922",,,,,,,,,,,,,,,,,"63.353638086215",,,,,,,,,,,,,,,,,"66.0438512553292",,,,,,,,,,,,,,,,,"69.8720985315016",,,,,,,,,,,,,,,,,"74.3249644718144",,,,,,,,,,,,,,,,,"80.5305542396969",,,,,,,,,,,,,,,,,"89.2941733775462",,,,,,,,,,,,,,,,,"100",,,,,,,,,,,,,,,,,"108.911793364834",,,,,,,,,,,,,,,,,"119.235538897084",,,,,,,,,,,,,,,,,"131.18041028234",,,,,,,,,,,,,,,,,"139.924446113916",,,,,,,,,,,,,,,,,"146.790501522573",,,,,,,,,,,,,,,,,"154.054013105394",,,,,,,,,,,,,,,,,"159.18119775209",,,,,,,,,,,,,,,,,"165.451068899504",,,,,,,,,,,,,,,,,"171.621576003377",,,,,,,,,,,,,,,,,"182.988822584425",,,,,,,,,,,,,,,,,"192.378724699015",,,,,,,,,,,,,,,,,"205.266241146235",,,,,,,,,,,,,,,,,,,,,,,,,,,,,,"2010=100",
"India","534","Prices, Consumer Price Index, All items, Index","PCPI_IX","Value",,,,,,,,,,,,,,,,,,,,,,,,,,,,,,,,,,,,,,,,,,,,,,,,,,,,,,,,,,,,,,,,,,,,,,,,,,,,,,,,,,,,,,,,,,,,,,,,,,,,,,,,,,,,,,,,,,,,,,,,,,,,,,,,,,,,,,,,,,,,,,,,,,,,,,,,,,,,,,,,,,,,,,,,,,,,,,,,,,,,,,,,,,,,,,,,,,,,,,,,,,,,,,,,,,,,,,,,,,,,,,,,,,,,,,,,,,,,,,,,,,,,,,,,,,,,,,,,,,,,,,,,,,,,,,,,,,,,,,,,,,,,,,,,,,,,,,,,,,,,,,,,,,,,,,,,,,,,,,,,,,,,,,,,,,,,,,,,,,,,,,,,,,,,,,,,,,,,,,,,,,,,,,,,,,,,,,,,,,,,,,,,,,,,,,,,,,,,,,,,,,,,,,,,,,,,,,,,,,,,,,,,,,,,,,,,,,,,,,,,,,,,,,,,,,,,,,,,,,,,,,,,,,,,,,,,,,,,,,,,,,,,,,,,,,,,,,,,,,,,,,,,,,,,,,,,,,,,,,,,,,,,,,,,,,,,,,,,,,,,,,,,,,,,,,,,,,,,,,,,,,,,,,,,,,,,,,,,,,,,,,,,,,,,,,,,,,,,,,,,,,,,,,,,,,,,,,,,,,,,,,,,,,,,,,,"2.18651937470393",,,,"2.25507380388441",,,,"2.30919564187589",,,,"2.31641193747039",,,,,"2.25326954050213",,,,"2.31641193747039",,,,"2.45171615348177",,,,"2.4787770724775",,,,,"2.39939838938891",,,,"2.43187153008053",,,,"2.54011501657982",,,,"2.56176390336334",,,,,"2.48779744197063",,,,"2.51305409758408",,,,"2.56898019895784",,,,"2.54011501657982",,,,,"2.51846612979631",,,,"2.54011501657982",,,,"2.60866925627665",,,,"2.61408147797253",,,,,"2.59784481288489",,,,"2.63573017527239",,,,"2.70969644718143",,,,"2.71150052108005",,,,,"2.65016257697774",,,,"2.70428441496921",,,,"2.7800551397442",,,,"2.83417659876835",,,,,"2.89551454287067",,,,"3.00375821885363",,,,"3.19498834675509",,,,"3.33931331122691",,,,,"3.31044831833254",,,,"3.29781999052582",,,,"3.47461771672193",,,,"3.52873955471341",,,,,"3.54858398863098",,,,"3.68569246802464",,,,"3.87511852202748",,,,"3.97253775461866",,,,,"4.05372032212222",,,,"4.21788990999526",,,,"4.37303893889152",,,,"4.40731615348176",,,,,"4.42716096636665",,,,"4.36041042160114",,,,"4.42535670298437",,,,"4.39107967787778",,,,,"4.24134268119375",,,,"4.34958616769304",,,,"4.4758703931786",,,,"4.4343770724775",,,,,"4.44339744197063",,,,"4.57509351018475",,,,"4.67431700615822",,,,"4.69957404073898",,,,,"4.60035035528186",,,,"4.62560720037897",,,,"4.83307418285173",,,,"4.89982434864993",,,,,"4.84029047844624",,,,"4.93229729985789",,,,"5.16682520132638",,,,"5.24079109426812",,,,,"5.32558218853624",,,,"5.68278540975841",,,,"6.15003694931312",,,,"6.44049076267172",,,,,"6.71470772145902",,,,"7.31545807674088",,,,"8.051514921838",,,,"8.26619990525818",,,,,"8.10022548555187",,,,"8.14893415442919",,,,"8.03527996210327",,,,"7.80796778777831",,,,,"7.28479014684983",,,,"7.25051255329228",,,,"7.4760189483657",,,,"7.63116816674562",,,,,"7.74121837991473",,,,"7.92522974893416",,,,"8.19042728564662",,,,"8.24815537659878",,,,,"8.04971103742302",,,,"8.09841970630034",,,,"8.30769114163904",,,,"8.45923448602558",,,,,"8.27702131691142",,,,"8.50974514448129",,,,"8.96797726196115",,,,"9.22595736617717",,,,,"9.27466792989105",,,,"9.52543249644719",,,,"9.94216958787305",,,,"10.2073671245855",,,,,"10.4076172430128",,,,"10.8243543344387",,,,"11.3078408337281",,,,"11.5171141639034",,,,,"11.4503628612032",,,,"11.5910791094268",,,,"12.1250800568451",,,,"12.3668233064898",,,,,"12.475069635244",,,,"13.0180900047371",,,,"13.7000246328754",,,,"13.9814571293226",,,,,"14.0157347228802",,,,"14.1239772619612",,,,"14.6669995262909",,,,"14.7914789199432",,,,,"14.6579782093794",,,,"14.9989464708669",,,,"15.433724301279",,,,"15.7079412600663",,,,,"15.8324225485552",,,,"16.2653964945523",,,,"16.8012013263856",,,,"17.2071170061582",,,,,"17.1674258645192",,,,"17.5751416390336",,,,"18.3743401231644",,,,"18.8073140691615",,,,,"18.7910810042634",,,,"19.298019895784",,,,"20.0070146849834",,,,"20.5770952155377",,,,,"20.3717366177168",,,,"20.7824576030317",,,,"21.4396096636665",,,,"21.644970156324",,,,,"21.6038995736618",,,,"22.4664102321175",,,,"23.4110677404074",,,,"24.3146527711985",,,,,"24.8485892941733",,,,"25.2593102794884",,,,"26.778976788252",,,,"27.6414893415443",,,,,"28.1754239696826",,,,"28.7915073424917",,,,"29.8593784936049",,,,"30.0236684036002",,,,,"29.7772373282804",,,,"30.4343874940786",,,,"31.5433330175273",,,,"32.4879905258172",,,,,"32.6522804358124",,,,"33.5969360492657",,,,"35.0344576030317",,,,"35.6916115585031",,,,,"35.8558995736617",,,,"37.0059156797726",,,,"38.8130876361913",,,,"39.3059497868309",,,,,"39.0184481288489",,,,"40.4559696826149",,,,"42.1399242065372",,,,"42.9202918048318",,,,,"43.1667247749882",,,,"43.5774438654667",,,,"44.2756684036002",,,,"45.3024727617243",,,,,"47.0685684509711",,,,"48.0953690194221",,,,"51.0936295594505",,,,"53.3936636665088",,,,,"51.2989881572714",,,,"51.5043505447655",,,,"52.5311511132165",,,,"53.6400947418286",,,,,"53.1883031738512",,,,"54.2151056371388",,,,"54.7079696826149",,,,"55.2419081004263",,,,,"54.7490402652772",,,,"55.6936996684036",,,,"57.2544386546661",,,,"57.8705258171483",,,,,"57.5419422074846",,,,"58.199109426812",,,,"59.5544670772146",,,,"59.965172903837",,,,,"59.7187494078636",,,,"60.9509237328281",,,,"61.5669919469446",,,,"61.9777167219327",,,,,"62.1009379441023",,,,"62.593803884415",,,,"64.1545428706774",,,,"64.5652676456655",,,,,"64.7295499763145",,,,"65.0991757460919",,,,"66.5367314069161",,,,"67.8099478919943",,,,,"67.6456655613453",,,,"68.9720511605874",,,,"70.6774040738986",,,,"72.1932733301754",,,,,"72.3827569872099",,,,"73.3301752723828",,,,"75.4144954997632",,,,"76.1724301279015",,,,,"76.9303647560398",,,,"79.0146849834202",,,,"82.2359071530081",,,,"83.9412600663193",,,,,"84.1307437233539",,,,"86.0255802936997",,,,"91.8995736617717",,,,"95.1207958313596",,,,,"97.0156324017053",,,,"97.7735670298437",,,,"101.373756513501",,,,"103.83704405495",,,,,"105.731880625296",,,,"106.489815253434",,,,"110.658455708195",,,,"112.767021872409",,,,,"113.716599042369",,,,"117.285733798711",,,,"121.7141047001",,,,"124.225718047156",,,,,"125.278186096027",,,,"128.100124932581",,,,"133.982476310186",,,,"137.360853790568",,,,,"135.691537859085",,,,"138.155766138893",,,,"142.925240228843",,,,"142.925240228843",,,,,"142.84574899401",,,,"145.190740421569",,,,"148.569117901951",,,,"150.556398772763",,,,,"150.357670685682",,,,"153.418083226734",,,,"156.240022063287",,,,"156.200276445871",,,,,"155.68358341946",,,,"156.836206324531",,,,"160.890259300989",,,,"163.31474196338",,,,,"162.877540171802",,,,"164.308382398787",,,,"167.090575617924",,,,"167.527777409503",,,,,"166.891847530843",,,,"169.356075810651",,,,"172.893435760697",,,,"177.344944911317",,,,,"178.020620407394",,,,"180.484848687201",,,,"184.817120985573",,,,"188.632700257533",,,,,"186.685165004137",,,,"190.580235510929",,,,"194.197086695808",,,,"198.052411585185",,,,,"198.52935899418",,,,"204.451455989201",,,,"207.869579086999",,,,"210.214570514558",,,,,"210.850500393218",,,,,,,,,,,,"2010=100",
"India","534","Prices, Consumer Price Index, All items, Index","PCPI_IX","Value",,,,,,,,,,,,,,,,,,,,,,,,,,,,,,,,,,,,,,,,,,,,,,,,,,,,,,,,,,,,,,,,,,,,,,,,,,,,,,,,,,,,,,,,,,,,,,,,,,,,,,,,,,,,,,,,,,,,,,,,,,,,,,,,,,,,,,,,,,,,,,,,,,,,,,,,,,,,,,,,,,,,,,,,,,,,,,,,,,,,,,,,,,,,,,,,,,,,,,,,,,,,,,,,,,,,,,,,,,,,,,,,,,,,,,,,,,,,,,,,,,,,,,,,,,,,,,,,,,,,,,,,,,,,,,,,,,,,,,,,,,,,,,,,,,,,,,,,,,,,,,,,,,,,,,,,,,,,,,,,,,,,,,,,,,,,,,,,,,,,,,,,,,,,,,,,,,,,,,,,,,,,,,,,,,,,,,,,,,,,,,,,,,,,,,,,,,,,,,,,,,,,,,,,,,,,,,,,,,,,,,,,,,,,,,,,,,,,,,,,,,,,,,,,,,,,,,,,,,,,,,,,,,,,,,,,,,,,,,,,,,,,,,,,,,,,,,,,,,,,,,,,,,,,,,,,,,,,,,,,,,,,,,,,,,,,,,,,,,,,,,,,,,,,,,,,,,,,,,,,,,,,,,,,,,,,,,,,,,,,,,,,,,,,,,,,,,,,,,,,,,,,,,,,,,,,,,,,,,,,,,,,,,,,,,,,"2.18651937470393","2.18651937470393","2.18651937470393",,"2.22981714827096","2.24605324490762","2.28935101847466",,"2.28935101847466","2.31099990525817","2.32723600189484",,"2.31099990525817","2.32723600189484","2.31099990525817",,,"2.26770213169114","2.24605324490762","2.24605324490762",,"2.26770213169114","2.31099990525817","2.37053377546187",,"2.43006764566557","2.4517159639981","2.47336485078162",,"2.5112498342018","2.49501373756513","2.43006764566557",,,"2.3921820937944","2.41383098057792","2.3921820937944",,"2.3921820937944","2.43006764566557","2.47336485078162",,"2.53289872098531","2.55454760776883","2.53289872098531",,"2.57619649455235","2.57619649455235","2.53289872098531",,,"2.49501373756513","2.49501373756513","2.47336485078162",,"2.49501373756513","2.5112498342018","2.53289872098531",,"2.57619649455235","2.57619649455235","2.55454760776883",,"2.55454760776883","2.53289872098531","2.53289872098531",,,"2.5112498342018","2.5112498342018","2.53289872098531",,"2.53289872098531","2.53289872098531","2.55454760776883",,"2.59784481288489","2.61408147797253","2.61408147797253",,"2.61408147797253","2.61408147797253","2.61408147797253",,,"2.59784481288489","2.59784481288489","2.59784481288489",,"2.61408147797253","2.63573036475604","2.65737868308859",,"2.69526423495974","2.71691255329227","2.71691255329227",,"2.73856144007579","2.71691255329227","2.67902756987209",,,"2.65737868308859","2.63573036475604","2.65737868308859",,"2.67902756987209","2.69526423495974","2.73856144007579",,"2.76021032685931","2.78185921364282","2.79809587873047",,"2.819744197063","2.819744197063","2.86304140217906",,,"2.86304140217906","2.90092695405021","2.92257527238276",,"2.94422415916628","3.00375802936996","3.06329246802463",,"3.14988687825675","3.18777186167693","3.2473063003316",,"3.33390127901468","3.33390127901468","3.35013737565135",,,"3.37178626243486","3.31225239223117","3.2473063003316",,"3.26895518711512","3.29060350544765","3.33390127901468",,"3.43132013263856","3.47461790620559","3.51791511132164",,"3.51791511132164","3.53415177640929","3.53415177640929",,,"3.53415177640929","3.55580009474182","3.55580009474182",,"3.57744898152535","3.69651672193273","3.78311170061583",,"3.84264557081951","3.88053055423969","3.90217944102321",,"3.92382832780672","3.96712553292279","4.02665940312648",,,"4.02665940312648","4.04830828991","4.08619327333018",,"4.1294910468972","4.21067380388441","4.31350487920417",,"4.35139043107532","4.39468763619137","4.37303874940787",,"4.43257318806252","4.41633652297489","4.37303874940787",,,"4.4975192799621","4.43257318806252","4.35139043107532",,"4.37303874940787","4.33515376598769","4.37303874940787",,"4.35139043107532","4.4488092846992","4.4758703931786",,"4.4975192799621","4.40009985788725","4.27561989578399",,,"4.24855878730459","4.22691046897206","4.24855878730459",,"4.27561989578399","4.32432932259592","4.4488092846992",,"4.4758703931786","4.4758703931786","4.4758703931786",,"4.4488092846992","4.42716096636665","4.42716096636665",,,"4.42716096636665","4.42716096636665","4.4758703931786",,"4.52457981999053","4.57328924680246","4.62741146376126",,"4.64906035054476","4.67612089057319","4.69776977735671",,"4.72483088583609","4.72483088583609","4.64906035054476",,,"4.60035035528186","4.60035035528186","4.60035035528186",,"4.60035035528186","4.60035035528186","4.67612089057319",,"4.75189142586452","4.84931084793937","4.8980202747513",,"4.8980202747513","4.9250813832307","4.8763713879678",,,"4.84931084793937","4.82224973945997","4.84931084793937",,"4.8763713879678","4.8980202747513","5.02250023685458",,"5.12533188062529","5.17404130743724","5.20110241591662",,"5.22275073424917","5.2498112742776","5.2498112742776",,,"5.2498112742776","5.3255823780199","5.40135291331123",,"5.52583230696352","5.6990222643297","5.82350165798199",,"6.07246044528659","6.17529322595926","6.20235717669351",,"6.34848318332544","6.47296257697773","6.50002652771198",,,"6.59744197063003","6.67321648507816","6.87346470866887",,"7.07371293225959","7.34973567029844","7.52292562766462",,"7.77729606821412","8.02626054002842","8.35098815727144",,"8.37264045476078","8.27521932733302","8.15073993368072",,,"8.15073993368072","8.12367598294647","8.02626054002842",,"8.0749654192326","8.17238654666036","8.1994504973946",,"8.10202936996684","8.02626054002842","7.97754997631455",,"7.90178114637613","7.87471719564188","7.64740502131691",,,"7.4525684509711","7.25231454287067","7.14948744670772",,"7.22525627664614","7.25231454287067","7.27396684036002",,"7.42550450023686","7.4525684509711","7.54998389388915",,"7.59869445760304","7.64740502131691","7.64740502131691",,,"7.67446897205116","7.75023780198957","7.79894836570346",,"7.826006631928","7.95048602558029","7.99919658929418",,"8.12367598294647","8.17238654666036","8.27521932733302",,"8.24815537659878","8.24815537659878","8.24815537659878",,,"8.12367598294647","7.99919658929418","8.02626054002842",,"8.04790715300805","8.0749654192326","8.17238654666036",,"8.24815537659878","8.27521932733302","8.39969872098532",,"8.50253150165798","8.50253150165798","8.37264045476078",,,"8.30227759355756","8.22650876361914","8.30227759355756",,"8.42675698720986","8.47546755092374","8.62701089531028",,"8.82725911890099","9.00044907626717","9.0762235907153",,"9.12492846991948","9.2007029843676","9.35224064424444",,,"9.27647181430602","9.22234959734722","9.32518237801991",,"9.37389294173378","9.55249455234486","9.64990999526291",,"9.85016390336334","9.92593273330176","10.050412126954",,"10.1478332543818","10.2723126480341","10.2019554713406",,,"10.2723126480341","10.4509142586452","10.4996248223591",,"10.6728147797252","10.8243524396021","10.9758957839886",,"11.1761440075793","11.3493339649455","11.3980445286594",,"11.5008773093321","11.5495878730459","11.5008773093321",,,"11.4738133585978","11.4521667456182","11.4251084793937",,"11.4738133585978","11.5495878730459","11.7498360966367",,"11.9500843202274","12.1990487920417","12.2261070582662",,"12.2748176219801","12.3992970156324","12.4263552818569",,,"12.3722387494079","12.5021297963051","12.550840360019",,"12.7023780198958","13.0271113216485","13.324780672667",,"13.5250288962577","13.7252828043581","13.8497621980104",,"13.9471776409285","14.0229521553766","13.9742415916627",,,"14.0770743723354","14.0229521553766","13.9471776409285",,"13.9742415916627","14.0500104216011","14.3476797726196",,"14.6237025106584","14.650760776883","14.7265352913311",,"14.8023041212695","14.8726612979631","14.6994713405969",,,"14.6994713405969","14.6237025106584","14.650760776883",,"14.8510146849834","14.9971406916154","15.148684036002",,"15.3759962103269","15.4517650402653","15.4734116532448",,"15.6249549976314","15.7494343912837","15.7494343912837",,,"15.7223761250593","15.8252032212222","15.9496882993842",,"16.0741676930365","16.2744159166272","16.4476058739934",,"16.7019763145429","16.7993974419707","16.9022302226433",,"17.1241307437234","17.2973207010896","17.1998995736617",,,"17.1998995736617","17.1511890099479","17.1511890099479",,"17.2756684036002","17.5733377546186","17.8764187588821",,"18.0983192799621","18.4014002842254","18.6233008053056",,"18.7477801989579","18.8722595926101","18.8019024159166",,,"18.823554713406","18.7261335859782","18.823554713406",,"19.0725135007106","19.2727617243013","19.5487844623401",,"19.8735120795831","19.9979971577451","20.149534817622",,"20.5770952155376","20.7003126480341","20.4538777830413",,,"20.3306660350545","20.3306660350545","20.4538777830413",,"20.5770952155376","20.8235300805305","20.946747513027",,"21.1931766935102","21.439611558503","21.6860407389862",,"21.6860407389862","21.6860407389862","21.5628289909996",,,"21.439611558503","21.5628289909996","21.8092581714827",,"22.1789047844624","22.4253396494553","22.7949862624349",,"23.287850307911","23.4110677404075","23.5342851729038",,"24.0271492183799","24.3967958313595","24.520013263856",,,"24.8896598768356","24.8896598768356","24.7664481288489",,"24.8896598768356","25.1360947418286","25.7521762198011",,"26.3682576977735","26.7379043107532","27.2307683562293",,"27.4772032212222","27.7236324017054","27.7236324017054",,,"28.093279014685","28.2164964471814","28.2164964471814",,"28.4629313121743","28.8325779251539","29.0790127901468",,"29.8183060161062","29.8183060161062","29.9415234486025",,"30.064740881099","30.064740881099","29.9415234486025",,,"29.6950942681193","29.6950942681193","29.9415234486025",,"30.1879583135955","30.3111700615822","30.8040341070582",,"31.1736864045476","31.5433330175273","31.9129796305069",,"32.2826319279962","32.6522785409758","32.5290611084795",,,"32.4058493604927","32.6522785409758","32.8987134059687",,"33.1451425864518","33.5147948839412","34.1308706774041",,"34.6237347228801","34.9933870203695","35.4862510658457",,"35.609468498342","35.8558976788252","35.609468498342",,,"35.609468498342","35.8558976788252","36.102332543818",,"36.3487617243013","36.9648432022737","37.7041421127428",,"38.5666584557082","38.8130876361913","39.0595168166745",,"39.3059516816675","39.5523808621507","39.0595168166745",,,"38.8130876361913","38.9363050686879","39.3059516816675",,"39.9220331596401","40.4148972051161","41.0309786830886",,"41.7702719090478","42.2631416390337","42.3863590715301",,"42.6327882520132","43.0024348649929","43.1256522974894",,,"43.1256522974894","43.1256522974894","43.2488697299858",,"43.6185163429654","43.3720814779726","43.741733775462",,"44.1113803884415","44.234597820938","44.4810270014211",,"44.9738967314069","45.0971141639034","45.8364073898626",,,"47.3149995262908","47.0685703458076","46.8221354808148",,"47.1917820937945","47.9310810042633","49.1632439602084",,"50.6418360966367","50.8882709616295","51.7507816200852",,"53.35259118901","53.9686726669825","52.8597271435339",,,"51.7507816200852","51.1347001421127","51.0114827096163",,"51.1347001421127","51.6275698720986","51.7507816200852",,"52.2436456655614","52.4900805305543","52.8597271435339",,"53.845455234486","53.9686726669825","53.1061563240171",,,"53.1061563240171","52.9829445760303","53.4758086215063",,"53.9686726669825","54.2151075319754","54.4615367124585",,"54.8311833254382","54.584754144955","54.7079715774514",,"55.3240530554239","55.4472704879204","54.9544007579346",,,"54.8311833254382","54.584754144955","54.8311833254382",,"55.2008356229276","55.5704822359071","56.3097811463761",,"57.0490573188062","57.418720985315","57.2955376598769",,"57.6651444812885","58.1580483183326","57.7883846518238",,,"57.5419611558503","57.418720985315","57.6651444812885",,"57.7883846518238","58.1580483183326","58.6508953102795",,"59.2669824727617","59.6365892941733","59.7598294647087",,"60.0062529606821","60.2526764566556","59.6365892941733",,,"59.5134059687352","59.6365892941733","60.0062529606821",,"60.7455802936997","60.8687636191378","61.2384272856466",,"61.7312742775935","61.4848507816201","61.4848507816201",,"61.977697773567","62.1009379441023","61.8545144481288",,,"62.1009379441023","62.1009379441023","62.1009379441023",,"62.1009379441023","62.5937849360492","63.0866887730933",,"63.7027759355756","64.3188062529606","64.442046423496",,"64.8117100900047","64.6884699194694","64.1956229275225",,,"64.8117100900047","64.6884699194694","64.6884699194694",,"65.1813169114163","64.9348934154429","65.1813169114163",,"66.2903079109427","66.5367314069161","66.7831549028896",,"67.52242539081","68.1385125532922","67.7689057318806",,,"67.6456655613453","67.6456655613453","67.6456655613453",,"68.214116532449","68.7825675035528","69.9194694457602",,"70.487920416864","70.487920416864","71.0563713879677",,"72.1932733301753","72.1932733301753","72.1932733301753",,,"72.1932733301753","72.7617243012791","72.1932733301753",,"72.7617243012791","73.3301752723828","73.8986262434865",,"75.035528185694","75.6039791567977","75.6039791567977",,"76.1724301279015","76.1724301279015","76.1724301279015",,,"76.1724301279015","76.7408810990052","77.8777830412127",,"78.4462340123165","79.0146849834202","79.5831359545239",,"81.2884888678351","82.4253908100426","82.9938417811464",,"84.1307437233539","84.1307437233539","83.5622927522501",,,"84.1307437233539","84.1307437233539","84.1307437233539",,"85.2676456655614","85.8360966366651","86.9729985788726",,"90.9521553765987","92.0890573188063","92.6575082899101",,"93.7944102321176","95.4997631454287","96.0682141165325",,,"97.7735670298437","96.6366650876362","96.6366650876362",,"96.6366650876362","97.7735670298437","98.9104689720512",,"101.184272856466","101.184272856466","101.75272382757",,"102.889625769777","103.458076740881","105.163429654192",,,"106.868782567504","105.163429654192","105.163429654192",,"105.731880625296","106.3003315964","107.437233538607",,"109.711037423022","110.279488394126","111.984841307437",,"112.553292278541","113.121743249645","112.626030089042",,,"113.022600617524","113.617456410248","114.509740099334",,"116.096022213264","117.186591166591","118.57458801628",,"120.359155394451","121.846294876261","122.936863829588",,"123.829147518673","124.324860679277","124.523145943518",,,"124.721747452199","125.556405417941","125.556405417941",,"126.510300235931","127.464195053921","130.325879507891",,"132.35290599612","134.022221927602","135.572301006836",,"136.883906381573","138.672459165304","136.526195824826",,,"135.453064154588","135.453064154588","136.16848526808",,"137.241616938319","138.07627490406","139.149406574299",,"142.130327880518","143.441933255254","143.203459550757",,"143.203459550757","143.203459550757","142.368801585015",,,"142.488038437264","142.726512141762","143.322696403005",,"143.918880664249","144.992012334488","146.661328265971",,"147.376749379463","148.807591606448","149.523012719941",,"150.357670685682","150.953854946926","150.357670685682",,,"150.59614439018","150.238433833433","150.238433833433",,"151.788512912667","153.338591991901","155.127144775632",,"156.31951329812","156.31951329812","156.081039593622",,"156.677223854866","156.438750150369","155.484855332379",,,"155.36561848013","155.723329036876","155.961802741374",,"156.31951329812","156.677223854866","157.511881820608",,"160.015855717831","161.446697944816","161.208224240319",,"162.281355910558","164.069908694289","163.592961285294",,,"163.235250728548","162.639066467304","162.758303319553",,"163.473724433045","164.308382398787","165.143040364528",,"166.693119443762","167.408540557254","167.170066852757",,"167.647014261752","167.885487966249","167.050830000508",,,"166.454645739264","166.812356296011","167.408540557254",,"168.362435375244","169.316330193234","170.389461863473",,"171.939540942707","172.893435760697","173.847330578687",,"175.51664651017","177.185962441652","179.33222578213",,,"179.093752077632","177.782146702896","177.185962441652",,"180.524594304618","179.928410043374","181.001541713613",,"183.505515610836","184.459410428826","186.486436917055",,"188.871173962031","189.467358223274","187.559568587294",,,"186.367200064807","186.724910621553","186.96338432605",,"188.155752848538","191.255911007006","192.329042677244",,"193.75988490423","194.236832313225","194.594542869971",,"197.336990471692","198.767832698677","198.052411585185",,,"197.57546417619","198.052411585185","199.960201221165",,"202.821885675135","204.729675311115","205.802806981354",,"206.756701799344","207.829833469583","209.02220199207",,"210.691517923553","210.453044219055","209.499149401065",,,"210.453044219055","210.810754775802","211.287702184797",,"212.360833855036","213.433965525274",,,,,,"2010=100",
IND,534,India,Inflation,Energy Price Index inflation,4.2,4.7,5.4,5.8,5.8,4.0,3.9,4.5,5.0,6.2,6.7,5.0,3.9,3.9,2.8,1.7,0.6,1.1,2.2,3.7,4.3,3.7,4.2,4.9,5.4,4.8,5.4,6.0,6.5,7.4,7.9,6.7,6.2,6.6,6.6,7.7,8.3,10.4,11.4,13.3,16.4,15.9,18.5,19.4,19.3,21.6,23.3,23.8,25.7,25.3,27.3,28.0,29.0,29.2,28.1,30.0,34.6,31.9,27.8,25.4,23.5,21.7,16.8,14.2,11.2,9.0,4.2,0.0,-4.5,-5.6,-4.8,-6.2,-8.6,-10.7,-10.9,-10.5,-11.3,-11.3,-8.4,-7.1,-5.4,-3.8,-2.9,0.0,3.0,6.9,9.1,8.3,9.6,10.0,9.4,9.7,9.6,8.5,7.9,7.9,5.9,3.2,2.9,2.8,1.6,2.2,1.5,1.3,1.5,3.1,3.1,1.5,2.2,2.8,3.4,4.7,5.0,5.6,7.0,8.8,8.1,7.3,8.2,11.7,11.7,12.1,12.3,11.2,12.7,11.9,11.6,10.3,10.7,11.2,11.6,9.1,10.7,13.3,12.6,13.9,13.3,13.7,13.5,14.3,13.4,13.3,12.4,12.7,11.7,9.6,8.8,7.5,6.7,7.1,6.9,7.5,7.3,6.7,7.4,8.0,7.8,9.2,9.9,10.7,12.8,13.4,13.2,12.5,13.3,13.6,13.1,12.5,13.8,12.2,11.1,10.0,7.9,7.7,8.1,6.7,6.3,6.1,6.1,5.2,4.4,4.3,5.0,6.3,6.7,5.6,5.1,5.5,5.1,5.6,5.9,7.1,7.0,8.2,8.9,8.2,8.5,8.6,8.6,8.7,9.2,9.6,9.8,9.2,9.4,8.4,7.5,7.5,8.0,8.7,8.4,9.5,10.2,9.5,9.1,9.3,9.4,9.2,9.8,10.4,9.7,9.4,9.8,8.7,8.2,9.8,9.7,8.8,8.0,8.6,8.7,7.9,8.0,7.2,6.6,7.2,7.6,5.4,4.8,5.4,5.5,6.1,6.6,7.8,7.7,8.8,9.9,9.2,8.5,10.8,12.5,13.7,16.1,15.4,13.6,12.2,12.1,13.0,13.2,14.2,15.7,14.4,13.6,13.1,12.9,13.4,13.9,14.4,14.7,12.9,13.1,11.5,10.0,9.4,8.4,8.0,5.7,5.2,6.1,6.1,5.1,5.9,4.5,5.8,6.6,7.4,8.6,8.6,9.1,10.0,9.9,9.8,10.6,10.8,11.1,10.9,11.2,10.3,9.8,9.5,9.9,9.8,9.7,9.7,10.3,10.5,11.4,10.9,10.1,10.4,10.3,9.7,9.0,8.6,8.9,9.8,9.3,8.8,8.3,8.9,8.5,8.5,8.7,10.4,11.1,10.8,10.0,9.3,7.3,6.6,5.6,4.7,4.9,5.5,4.9,6.3,9.7,9.1,8.3,8.2,10.5,12.4,14.8,15.0,16.3,18.6,19.7,15.3,9.4,8.6,8.9,8.4,7.7,5.3,3.2,3.1,2.1,0.9,0.0,0.5,2.6,3.6,4.8,5.5,5.0,5.2,5.0,4.0,3.5,2.7,2.7,3.5,3.2,3.0,2.5,2.3,2.5,3.4,4.0,5.2,4.7,4.2,4.9,5.2,4.9,5.2,5.2,4.7,4.7,4.2,3.9,3.9,4.3,4.1,3.6,3.2,3.4,3.9,4.1,5.1,4.7,4.4,4.2,3.1,2.9,3.3,3.1,3.7,4.3,4.1,3.5,2.2,2.8,3.0,3.2,4.6,4.8,4.6,4.2,3.8,4.4,4.2,4.2,5.0,3.7,3.3,4.1,3.4,3.6,4.2,5.3,5.6,4.4,4.6,4.6,4.7,5.9,7.3,6.3,5.9,6.4,6.9,6.0,6.5,6.7,7.6,6.7,6.7,6.6,5.7,6.5,7.3,6.4,5.5,5.5,5.5,5.5,5.5,7.9,7.8,7.8,7.7,8.3,9.0,9.8,10.4,10.4,9.7,10.4,9.6,8.0,8.7,8.6,9.3,11.9,11.7,11.6,11.5,13.5,15.0,16.2,14.9,14.9,13.3,13.9,13.7,11.3,9.9,9.8,9.7,8.3,9.5,9.3,8.8,8.8,9.4,8.7,8.6,8.4,9.0,10.1,9.4,9.3,6.5,5.3,7.6,8.6,10.2,10.2,10.1,9.8,10.3,9.1,9.6,9.5,11.2,11.6,12.1,11.4,10.2,10.7,11.1,10.8,10.7,10.7,11.1,11.5,9.1,7.2,6.7,6.7,7.1,7.0,6.5,7.2,6.8,6.3,5.0,4.1,5.9,7.2,6.3,6.3,5.8,5.7,6.1,4.4,4.3,5.1,6.3,6.7,6.3,5.9,5.5,5.5,5.9,6.6,6.1,6.5,5.3,4.1,3.3,2.6,2.2,1.9,2.6,2.6,2.2,1.1,1.1,1.8,2.5,2.9,3.2,4.0,4.0,5.1,4.7,4.4,4.0,4.0,3.9,5.6,5.6,5.6,5.2,4.9,5.2,6.6,7.0,7.7,8.3,8.7,8.6,6.0,6.3,7.0,7.6,8.6,9.6,7.5,6.8,5.5,5.4,5.1,5.1,5.3,5.6,5.6,5.9,5.3,3.7,3.2,4.5,5.7,5.1,5.3,5.6,5.3,4.8,4.4,4.5,4.8,5.6,5.8,5.0,5.4,6.3,7.0,6.2,5.8,5.9,6.5,6.1,5.4,,,,,,National sources,2012,Energy price ,,,,,,,,,,,,,,,,,,,,,,,,,,,,,,,,,,,,,,,,,,,,,,,,,,,,,,,,,,,,,,,,,,,,,,,,,,,,,,,,,,,,,,,,,,,,,,,,,,,,,,,,,,,,,,,,,,,,,,,,,,,,,,,,,,,,,,,,,,,,,,,,,,,,,,,,,,,,,,,,,,,,,,,,,,,,,,,,,,,,,,,,,,,,,,,,,,,,,,,,,,,,,,,,,,,,,,,,,,,,,,,,,,,,,,,,,,,,,,,,,,,,,,,,,,,,,,,,,,,,,,,,,,,,,,,,,,,,,,,,,,,,,,,,,,,,,,,,,,,,,,,,,,,,,,,,,,,,,,,,,,,,,,,,,,,,,,,,,,,,,,,,,,,,,,,,,,,,,,,,,,,,,,,,,,,,,,,,,,,,,,,,,,,,,,,,,,,,,,,,,,,,,,,,,,,,,,,,,,,,,,,,,,,,,,,,,,,,,,,,,,,,,,,,,,,,,,,,,,,,,,,,,,,,,,,,,,,,,,,,,,,,,,,,,,,,,,,,,,,,,,,,,,,,,,,,,,,,,,,,,,,,,,,,,,,,,,,,,,,,,,,,,,,,,,,,,,,,,,,,,,,,,,,,,,,,,,,,,,,,,,,,,,,,,,,,,,,,,,,,,,,,,,,,,,,,,,,,,,,,
IND,534,India,index,Energy Price Index,4.8,5.2,4.4,6.0,3.5,1.1,3.4,4.3,5.2,6.6,6.9,7.0,10.0,15.2,19.0,22.9,26.1,28.7,30.9,28.3,20.6,11.4,-0.2,-5.5,-10.1,-11.0,-7.0,-2.3,6.3,9.3,9.6,8.1,4.0,2.2,1.4,2.6,2.8,5.1,7.9,9.1,12.1,11.9,10.9,10.6,12.2,13.6,13.7,12.8,10.0,7.1,7.2,7.4,8.9,12.3,13.0,13.1,12.3,8.5,7.1,5.8,4.6,6.2,5.2,6.2,8.0,8.4,8.9,9.5,8.4,8.1,9.4,9.3,9.5,9.8,8.9,9.4,8.4,7.7,7.2,5.2,6.0,8.1,9.2,12.3,15.0,12.4,14.4,13.7,13.4,14.0,11.5,8.6,5.7,5.7,5.6,8.2,9.7,10.4,11.1,9.9,9.8,10.1,10.8,10.1,8.8,9.3,8.6,9.2,10.6,7.7,5.1,5.6,9.0,10.4,15.4,17.9,9.0,7.1,2.8,0.5,3.7,5.3,4.1,3.0,2.9,2.7,4.7,4.8,5.1,4.5,4.0,3.6,3.8,4.7,3.4,3.4,4.0,2.7,4.2,4.2,4.2,4.0,3.7,5.0,4.5,5.9,6.2,6.5,7.0,6.3,6.7,5.5,6.3,7.8,9.0,10.2,9.4,8.9,11.8,13.3,15.3,13.7,10.3,9.2,9.0,8.9,9.2,8.4,7.2,10.1,9.8,10.1,11.7,10.7,10.8,10.6,6.9,6.9,6.8,5.0,6.6,5.9,4.6,6.5,5.7,6.2,5.3,2.7,2.4,1.5,2.4,3.7,4.7,4.0,5.6,5.1,7.1,8.5,6.4,8.6,6.6,5.2,5.5,5.0,4.4,5.3,4.8,5.0,5.4,6.5,6.0,,,,National source,2012,Energy 
IND,534,India,Inflation,Energy Consumer Price Inflation,4.4,6.6,7.9,10.4,34.0,10.2,4.2,3.1,6.8,17.8,11.6,13.6,15.3,9.5,12.7,10.6,7.0,4.9,8.1,3.2,6.5,11.7,7.5,6.5,4.8,5.4,12.6,11.9,8.8,6.3,17.6,9.2,10.3,6.5,8.1,-1.8,3.1,4.6,4.5,13.7,26.6,4.5,9.2,8.1,6.1,4.8,5.2,5.7,7.6,4.8,3.5,,6.0,,
IND,534,India,Index,Food Price Index,,,,,,,,,,,,,,,,,,,,,,,,,,,,,,,,,,,,,,,,,,,,,,,,,,,,,,,,,,,,,,,,,,,,,,,,,,,,,,,,,,,,,,,,,,,,,,,,,,,,,,,,,,,,,,,,,,,,,,,,,,,,,,,,,,,,,,,,,,,,,,,,,,,,,,,,,,,,,,,,,,,,,,,,,,,,,,,,,,,,,,,,,,,,,,,,,,,,,,,,,,,,,,,,,,,,,,,,,,,,,,,,,,,,,,,,,,,,,,,,,,,,,,,,,,,,,,,,,,,,,,,,,,,,,,,,,,,,,,,,,,,,,,,,,,,,,,,,,,,,,,,,,,,,,,,,,,,,,,,,,,,,,,,,,,,,,,,,,,,,,,,,,,,,,,,,,,,,,,,,,,,,,,,,,,,,,,,,,,,,,,,,,,,,,,,,,,,,,,,,,,,,,,,,,,,,,,,,,,,,,,,,,,,,,,,,,,,,,,,,,,,,,,,,,,,,,,,,,,,,,,,,,,,,,,,,,,,,,,,,,,,,,,,,,,,,,93.4,91.3,90.5,90.4,90.6,90.5,90.6,91.3,92.3,93.3,93.8,93.9,94.8,96.3,97.5,99.0,99.6,100.0,101.0,101.9,102.1,102.5,103.6,105.3,106.9,109.0,109.3,109.5,110.5,112.0,113.1,114.5,116.0,117.8,121.0,118.7,117.2,117.8,118.6,119.7,120.4,120.1,122.9,124.4,123.6,123.0,123.5,123.9,124.5,125.8,126.1,126.2,126.6,127.0,126.2,128.0,129.1,129.9,130.9,131.6,132.7,132.5,132.5,134.1,135.6,136.6,136.3,135.6,134.6,134.7,134.2,134.1,134.5,135.5,135.8,135.7,135.2,135.2,137.1,138.4,137.2,137.8,139.9,140.4,140.6,140.1,139.9,139.8,139.5,139.6,139.7,139.8,138.7,137.5,137.1,137.9,138.8,140.0,140.8,141.7,142.3,143.0,143.3,144.2,145.2,146.8,148.9,154.5,155.2,153.3,151.9,156.4,154.1,154.3,155.8,156.4,159.5,161.6,161.8,160.3,159.4,160.0,159.9,160.4,161.9,162.7,163.0,162.4,162.0,164.3,166.0,167.5,168.4,169.6,171.8,173.4,174.4,174.9,173.9,174.8,175.7,175.9,174.5,175.2,178.9,180.3,180.6,,National sources,2012,Food and Beverages,
IND,534,India,index,Food Price Index,,,,,,,,,,,,,,,,,,,,,,,,,,,,,,,,,,,,,,,,,,,,,,,,,,,,,,,,,,,,,,,,,,,,,,,,,,,,,,,,,,,,,,,,,,,,,,,,,,,,,,,,,,,,,,,,,,,,,,,,,,,,,,,,,,,,,,,,,,,,,,,,,,,,,,,,,,,,,,,,,,,,,91.6,90.5,91.4,93.7,96.1,99.6,101.7,103.8,108.3,110.8,114.6,119.2,117.8,120.1,123.6,123.5,125.4,126.6,127.8,130.8,132.5,135.4,135.5,134.3,135.2,135.4,137.6,139.3,140.2,139.7,139.4,137.4,139.8,142.5,144.3,149.9,153.3,155.2,157.3,160.9,159.6,162.3,162.5,165.5,169.8,175.0,174.8,175.2,179.9,,National sources,2012,Food and Beverages,
IND,534,India,Inflation,Food Consumer Price Inflation,5.9,3.3,4.5,19.5,27.2,-0.6,-6.0,8.2,3.4,3.0,9.3,12.3,6.7,9.3,8.9,8.3,10.3,9.9,6.2,8.1,10.5,15.7,11.1,12.2,11.2,11.6,4.3,7.9,17.3,-2.4,3.9,1.2,1.4,5.0,4.2,1.9,10.3,10.3,10.1,11.1,10.3,8.6,9.3,12.9,7.1,5.3,5.3,1.8,1.7,3.6,8.7,3.7,6.9,,Food and Beverages
IND,534,India,Index,Headline Consumer Price Index,3.0,3.0,3.0,3.0,3.1,3.1,3.1,3.1,3.2,3.2,3.2,3.1,3.1,3.1,3.1,3.1,3.1,3.1,3.2,3.3,3.3,3.3,3.3,3.3,3.3,3.2,3.3,3.3,3.3,3.4,3.4,3.5,3.5,3.5,3.5,3.5,3.5,3.6,3.6,3.7,3.8,3.9,4.1,4.2,4.2,4.3,4.4,4.4,4.4,4.5,4.6,4.8,4.9,5.1,5.2,5.4,5.6,5.6,5.6,5.5,5.5,5.5,5.4,5.4,5.5,5.5,5.5,5.4,5.4,5.3,5.3,5.1,5.0,4.9,4.8,4.9,4.9,4.9,5.0,5.0,5.1,5.1,5.1,5.1,5.2,5.2,5.2,5.3,5.4,5.4,5.5,5.5,5.6,5.6,5.6,5.6,5.5,5.4,5.4,5.4,5.4,5.5,5.6,5.6,5.7,5.7,5.7,5.6,5.6,5.5,5.6,5.7,5.7,5.8,5.9,6.1,6.1,6.1,6.2,6.3,6.2,6.2,6.3,6.3,6.4,6.5,6.6,6.7,6.8,6.8,6.9,6.9,6.9,7.0,7.1,7.2,7.3,7.4,7.5,7.6,7.7,7.7,7.8,7.7,7.7,7.7,7.7,7.7,7.8,7.9,8.0,8.2,8.2,8.3,8.3,8.4,8.3,8.4,8.4,8.5,8.8,9.0,9.1,9.2,9.3,9.4,9.4,9.4,9.5,9.4,9.4,9.4,9.5,9.7,9.8,9.9,9.9,10.0,10.0,9.9,9.9,9.8,9.9,10.0,10.1,10.2,10.3,10.4,10.4,10.5,10.6,10.6,10.6,10.6,10.7,10.8,11.0,11.1,11.2,11.3,11.4,11.5,11.6,11.6,11.6,11.5,11.5,11.6,11.8,12.0,12.2,12.4,12.5,12.6,12.7,12.7,12.7,12.6,12.7,12.8,13.0,13.2,13.4,13.5,13.6,13.8,13.9,13.8,13.7,13.7,13.8,13.8,14.0,14.1,14.3,14.4,14.6,14.6,14.6,14.5,14.4,14.5,14.7,14.9,15.1,15.3,15.7,15.8,15.8,16.2,16.4,16.5,16.7,16.7,16.7,16.7,16.9,17.3,17.7,18.0,18.3,18.5,18.7,18.7,18.9,19.0,19.0,19.2,19.4,19.6,20.1,20.1,20.1,20.2,20.2,20.1,20.0,20.0,20.1,20.3,20.4,20.7,21.0,21.2,21.5,21.7,22.0,21.9,21.8,22.0,22.1,22.3,22.6,23.0,23.3,23.5,23.9,24.0,24.1,24.0,24.0,24.1,24.3,24.5,24.9,25.4,26.0,26.1,26.3,26.5,26.6,26.3,26.1,26.2,26.5,26.9,27.2,27.6,28.1,28.4,28.5,28.7,28.9,29.0,29.0,29.0,29.1,29.4,29.2,29.4,29.7,29.8,29.9,30.3,30.3,30.8,31.8,31.7,31.5,31.8,32.3,33.1,34.1,34.2,34.8,35.9,36.3,35.6,34.8,34.4,34.3,34.4,34.7,34.8,35.2,35.3,35.6,36.2,36.3,35.7,35.7,35.7,36.0,36.3,36.5,36.6,36.9,36.7,36.8,37.2,37.3,37.0,36.9,36.7,36.9,37.1,37.4,37.9,38.4,38.6,38.6,38.8,39.1,38.9,38.7,38.6,38.8,38.9,39.1,39.5,39.9,40.1,40.2,40.4,40.5,40.1,40.0,40.1,40.4,40.9,41.0,41.2,41.5,41.4,41.4,41.7,41.8,41.6,41.8,41.8,41.8,41.8,42.1,42.5,42.9,43.3,43.4,43.6,43.5,43.2,43.6,43.5,43.5,43.9,43.7,43.9,44.6,44.8,44.9,45.4,45.9,45.6,45.5,45.5,45.5,45.9,46.3,47.1,47.4,47.4,47.8,48.6,48.6,48.6,48.6,49.0,48.6,49.0,49.3,49.7,50.5,50.9,50.9,51.3,51.3,51.3,51.3,51.6,52.4,52.8,53.2,53.6,54.7,55.5,55.8,56.6,56.6,56.2,56.6,56.6,56.6,57.4,57.8,58.5,61.2,62.0,62.4,63.1,64.3,64.6,65.8,65.0,65.0,65.0,65.8,66.6,68.1,68.1,68.5,69.2,69.6,70.8,71.9,70.8,70.8,71.2,71.5,72.3,73.8,74.2,75.4,75.7,76.1,75.4,75.7,76.1,76.9,78.4,78.8,79.6,81.1,81.9,82.2,83.0,83.4,83.8,84.5,85.3,85.7,86.5,87.2,88.4,89.9,90.7,91.0,92.2,93.0,91.4,90.7,91.0,91.4,92.6,93.3,94.1,96.4,96.8,96.8,96.8,96.8,96.8,97.2,96.8,97.2,97.9,98.7,99.8,100.6,101.0,101.8,102.9,103.3,102.9,102.9,102.1,102.5,103.7,105.2,106.0,107.1,106.3,106.0,106.3,106.0,105.2,104.8,104.8,105.2,106.0,106.3,107.1,109.0,109.0,109.0,109.8,110.2,109.4,110.2,109.8,109.8,110.2,110.6,111.3,115.1,115.1,115.1,115.5,115.5,115.1,117.4,117.4,118.2,119.3,120.1,120.9,122.0,122.4,123.2,124.3,125.5,126.2,126.2,125.5,124.7,125.9,126.2,127.0,128.5,129.3,130.1,131.7,132.1,130.9,130.2,131.1,131.8,132.3,132.9,134.1,135.3,135.5,135.8,137.6,138.5,138.2,137.8,137.7,138.8,140.7,142.1,142.3,143.1,143.4,144.7,146.0,146.0,145.8,146.3,146.2,,,OECDstat,2015,
IND,534,India,index,Headline Consumer Price Index,3.0,3.1,3.1,3.2,3.1,3.1,3.3,3.3,3.3,3.3,3.5,3.5,3.6,3.8,4.1,4.3,4.5,4.9,5.4,5.6,5.5,5.5,5.4,5.3,4.9,4.9,5.0,5.1,5.2,5.3,5.5,5.6,5.4,5.4,5.6,5.7,5.6,5.7,6.0,6.2,6.2,6.4,6.7,6.9,7.0,7.3,7.6,7.8,7.7,7.8,8.2,8.3,8.4,8.8,9.2,9.4,9.4,9.5,9.9,10.0,9.9,10.1,10.4,10.6,10.7,10.9,11.3,11.6,11.6,11.8,12.4,12.7,12.6,13.0,13.5,13.8,13.7,14.0,14.4,14.6,14.5,15.1,15.8,16.4,16.7,17.0,18.0,18.6,19.0,19.4,20.1,20.2,20.0,20.5,21.2,21.9,22.0,22.6,23.6,24.0,24.1,24.9,26.1,26.5,26.3,27.2,28.4,28.9,29.0,29.3,29.8,30.5,31.7,32.4,34.4,35.9,34.5,34.7,35.4,36.1,35.8,36.5,36.8,37.2,36.8,37.5,38.5,38.9,38.7,39.2,40.1,40.4,40.2,41.0,41.4,41.7,41.8,42.1,43.2,43.4,43.6,43.8,44.8,45.6,45.5,46.4,47.6,48.6,48.7,49.3,50.7,51.3,51.8,53.2,55.3,56.5,56.6,57.9,61.8,64.0,65.3,65.8,68.2,69.9,71.2,71.7,74.5,75.7,76.3,78.9,81.7,83.4,85.2,87.3,90.5,92.2,91.0,93.3,96.7,96.8,97.0,98.8,101.1,103.0,102.5,104.9,106.5,105.8,104.9,106.5,109.0,109.8,109.9,110.7,115.1,115.4,117.7,120.1,122.5,125.3,125.5,126.4,129.3,131.6,131.0,133.1,135.6,138.1,138.1,141.7,143.7,145.9,,,OECDstat,2015,
IND,534,India,Inflation,Headline Consumer Price Inflation,5.1,3.1,6.4,16.9,28.6,5.7,-7.6,8.3,2.5,6.3,11.3,13.1,7.9,11.9,8.3,5.6,8.7,8.8,9.4,7.1,9.0,13.9,11.8,6.3,10.2,10.2,9.0,7.2,13.2,4.7,4.0,3.8,4.3,3.8,3.8,4.2,5.8,6.4,8.3,10.9,12.0,8.9,9.3,10.9,6.4,5.9,4.9,3.6,4.9,4.8,6.6,4.9,5.9,,Annual average inflation
