"Japan","158","Financial, Interest Rates, Lending Rate, Percent per annum","FILR_PA","Status",,,,,,,,,,,,,,,,,,,,,,,,,,,,,,,,,,,,,,,,,,,,,,,,,,,,,,,,,,,,,,,,,,,,,,,,,,,,,,,,,,,,,,,,,,,,,,,,,,,,,,,,,,,,,,,,,,,,,,,,,,,,,,,,,,,,,,,,,,,,,,,,,,,,,,,,,,,,,,,,,,,,,,,,,,,,,,,,,,,,,,,,,,,,,,,,,,,,,,,,,,,,,,,,,,,,,,,,,,,,,,,,,,,,,,,,,,,,,,,,,,,,,,,,,,,,,,,,,,,,,,,,,,,,,,,,,,,,,,,,,,,,,,,,,,,,,,,,,,,,,,,,,,,,,,,,,,,,,,,,,,,,,,,,,,,,,,,,,,,,,,,,,,,,,,,,,,,,,,,,,,,,,,,,,,,,,,,,,,,,,,,,,,,,,,,,,,,,,,,,,,,,,,,,,,,,,,,,,,,,,,,,,,,,,,,,,,,,,,,,,,,,,,,,,,,,,,,,,,,,,,,,,,,,,,,,,,,,,,,,,,,,,,,,,,,,,,,,,,,,,,,,,,,,,,,,,,,,,,,,,,,,,,,,,,,,,,,,,,,,,,,,,,,,,,,,,,,,,,,,,,,,,,,,,,,,,,,,,,,,,,,,,,,,,,,,,,,,,,,,,,,,,,,,,,,,,,,,,,,,,,,,,,,,,,,,,,,,,,,,,,,,,,,,,,,,,,,,,,,,,,,,,,,,,,,,,,,,,,,,,,,,,,,,,,,,,,,,,,,,,,,,,,,,,,,,,,,,,,,,,,,,,,,,,,,,,,,,,,,,,,,,,,,,,,,,,,,,,,,,,,,,,,,,,,,,,,,,,,,,,,,,,,,,,,,,,,,,,,,,,,,,,,,,,,,,,,,,,,,,,,,,,,,,,,,,,,,,,,,,,,,,,,,,,,,,,,,,,,,,,,,,,,,,,,,,,,,,,,,,,,,,,,,,,,,,,,,,,,,,,,,,,,,,,,,,,,,,,,,,,,,,,,,,,,,,,,,,,,,,,,,,,,,,,,,,,,,,,,,,,,,,,,,,,,,,,,,,,,,,,,,,,,,,,,,,,,,,,,,,,,,,,,,,,,,,,,,,,,,,,,,,,,,,,,,,,,,,,,,,,,,,,,,,,,,,,,,,,,,,,,,,,,,,,,,,,,,,,,,,,,,,,,,,,,,,,,,,,,,,,,,,,,,,,,,,,,,,,,,,,,,,,,,,,,,,,,,,,,,,,,,,,,,,,,,,,,,,,,,,,,,,,,,,,,,,,,,,,,,,,,,,,,,,,,,,,,,,,,,,,,,,,,,,,,,,,,,,,,,,,,,,,,,,,,,,,,,,,,,,,,"B",,,,,,,,,,,,,,,,,"",,,,,,,,,,,,,,,,,"",,,,,,,,,,,,,,,,,"",,,,,,,,,,,,,,,,,"",,,,,,,,,,,,,,,,,"",,,,,,,,,,,,,,,,,"",,,,,,,,,,,,,,,,,"",,,,,,,,,,,,,,,,,"",,,,,,,,,,,,,,,,,"",,,,,,,,,,,,,,,,,"",,,,,,,,,,,,,,,,,"",,,,,,,,,,,,,,,,,"",,,,,,,,,,,,,,,,,"",,,,,,,,,,,,,,,,,"",,,,,,,,,,,,,,,,,"",,,,,,,,,,,,,,,,,"",,,,,,,,,,,,,,,,,"",,,,,,,,,,,,,,,,,"",,,,,,,,,,,,,,,,,"",,,,,,,,,,,,,,,,,"",,,,,,,,,,,,,,,,,"",,,,,,,,,,,,,,,,,"",,,,,,,,,,,,,,,,,"",,,,,,,,,,,,,,,,,"",,,,,,,,,,,,,,,,,,,,,,,,,,,,,,,,,,,,,,,,,,,,,,,,,,,,,,,,,,,,,,,,,,,,,,,,,,,,,,,,,,,,,,,,,,,,,,,,,,,,,,,,,,,,,,,,,,,
"Japan","158","Financial, Interest Rates, Lending Rate, Percent per annum","FILR_PA","Status",,,,,,,,,,,,,,,,,,,,,,,,,,,,,,,,,,,,,,,,,,,,,,,,,,,,,,,,,,,,,,,,,,,,,,,,,,,,,,,,,,,,,,,,,,,,,,,,,,,,,,,,,,,,,,,,,,,,,,,,,,,,,,,,,,,,,,,,,,,,,,,,,,,,,,,,,,,,,,,,,,,,,,,,,,,,,,,,,,,,,,,,,,,,,,,,,,,,,,,,,,,,,,,,,,,,,,,,,,,,,,,,,,,,,,,,,,,,,,,,,,,,,,,,,,,,,,,,,,,,,,,,,,,,,,,,,,,,,,,,,,,,,,,,,,,,,,,,,,,,,,,,,,,,,,,,,,,,,,,,,,,,,,,,,,,,,,,,,,,,,,,,,,,,,,,,,,,,,,,,,,,,,,,,,,,,,,,,,,,,,,,,,,,,,,,,,,,,,,,,,,,,,,,,,,,,,,,,,,,,,,,,,,,,,,,,,,,,,,,,,,,,,,,,,,,,,,,,,,,,,,,,,,,,,,,,,,,,,,,,,,,,,,,,,,,,,,,,,,,,,,,,,,,,,,,,,,,,,,,,,,,,,,,,,,,,,,,,,,,,,,,,,,,,,,,,,,,,,,,,,,,,,,,,,,,,,,,,,,,,,,,,,,,,,,,,,,,,,,,,,,,,,,,,,,,,,,,,,,,,,,,,,,,,,,,,,,,,,,,,,,,,,,,,,,,,,,,,,,,,,,,,,,,,,,,,,,,,,,,,,,,,,,,,,,,,,,,,,,,,,,,,,,,,,,,,,,,,,,,,,,,,,,,,,,,,,,,,,,,,,,,,,,,,,,,,,,,,,,,,,,,,,,,,,,,,,,,,,,,,,,,,,,,,,,,,,,,,,,,,,,,,,,,,,,,,,,,,,,,,,,,,,,,,,,,,,,,,,,,,,,,,,,,,,,,,,,,,,,,,,,,,,,,,,,,,,,,,,,,,,,,,,,,,,,,,,,,,,,,,,,,,,,,,,,,,,,,,,,,,,,,,,,,,,,,,,,,,,,,,,,,,,,,,,,,,,,,,,,,,,,,,,,,,,,,,,,,,,,,,,,,,,,,,,,,,,,,,,,,,,,,,,,,,,,,,,,,,,,,,,,,,,,,,,,,,,,,,,,,,,,,,,,,,,,,,,,,,,,,,,,,,,,,,,,,,,,,,,,,,,,,,,,,,,,,,,,,,,,,,,,,,,,,,,,,,,,,,,,,,,,,,,,,,,,,,,,,,,,,,,,,,,,,,,,,,,,,,,,,,,,,,,,,,,,,,,,,,,,,,,,,,,,,,,,,,,,,,,,,,,,,,,,,,,,,,,,,,,,,,,,,,,,,,,,,,,,,,,,,,,,,,,,,"B",,,,"",,,,"",,,,,"",,,,"",,,,"",,,,"",,,,,"",,,,"",,,,"",,,,"",,,,,"",,,,"",,,,"",,,,"",,,,,"",,,,"",,,,"",,,,"",,,,,"",,,,"",,,,"",,,,"",,,,,"",,,,"",,,,"",,,,"",,,,,"",,,,"",,,,"",,,,"",,,,,"",,,,"",,,,"",,,,"",,,,,"",,,,"",,,,"",,,,"",,,,,"",,,,"",,,,"",,,,"",,,,,"",,,,"",,,,"",,,,"",,,,,"",,,,"",,,,"",,,,"",,,,,"",,,,"",,,,"",,,,"",,,,,"",,,,"",,,,"",,,,"",,,,,"",,,,"",,,,"",,,,"",,,,,"",,,,"",,,,"",,,,"",,,,,"",,,,"",,,,"",,,,"",,,,,"",,,,"",,,,"",,,,"",,,,,"",,,,"",,,,"",,,,"",,,,,"",,,,"",,,,"",,,,"",,,,,"",,,,"",,,,"",,,,"",,,,,"",,,,"",,,,"",,,,"",,,,,"",,,,"",,,,"",,,,"",,,,,"",,,,,,,,,,,,,,,,,,,,,,,,,,,,,,,,,,,,,,,,,,,,,,,,,,,,,,,,,,,,,,,,,,,,,,,,,,,,,,,,,,,,,,,,,,,,,,,,,,,,,,,,,,,,,,,,,,
"Japan","158","Financial, Interest Rates, Lending Rate, Percent per annum","FILR_PA","Status",,,,,,,,,,,,,,,,,,,,,,,,,,,,,,,,,,,,,,,,,,,,,,,,,,,,,,,,,,,,,,,,,,,,,,,,,,,,,,,,,,,,,,,,,,,,,,,,,,,,,,,,,,,,,,,,,,,,,,,,,,,,,,,,,,,,,,,,,,,,,,,,,,,,,,,,,,,,,,,,,,,,,,,,,,,,,,,,,,,,,,,,,,,,,,,,,,,,,,,,,,,,,,,,,,,,,,,,,,,,,,,,,,,,,,,,,,,,,,,,,,,,,,,,,,,,,,,,,,,,,,,,,,,,,,,,,,,,,,,,,,,,,,,,,,,,,,,,,,,,,,,,,,,,,,,,,,,,,,,,,,,,,,,,,,,,,,,,,,,,,,,,,,,,,,,,,,,,,,,,,,,,,,,,,,,,,,,,,,,,,,,,,,,,,,,,,,,,,,,,,,,,,,,,,,,,,,,,,,,,,,,,,,,,,,,,,,,,,,,,,,,,,,,,,,,,,,,,,,,,,,,,,,,,,,,,,,,,,,,,,,,,,,,,,,,,,,,,,,,,,,,,,,,,,,,,,,,,,,,,,,,,,,,,,,,,,,,,,,,,,,,,,,,,,,,,,,,,,,,,,,,,,,,,,,,,,,,,,,,,,,,,,,,,,,,,,,,,,,,,,,,,,,,,,,,,,,,,,,,,,,,,,,,,,,,,,,,,,,,,,,,,,,,,,,,,,,,,,,,,,,,,,,,,,,,,,,,,,,,,,,,,,,,,,,,,,,,,,,,,,,,,,,,,,,,,,,,,,,,,,,,,,,,,,,,,,,,,,,,,,,,,,,,,,,,,,,,,,,,,,,,,,,,,,,,,,,,,,,,,,,,,,,,,,,,,,,,,,,,,,,,,,,,,,,,,,,,,,,,,,,,,,,,,,,,,,,,,,,,,,,,,,,,,,,,,,,,,,,,,,,,,,,,,,,,,,,,,,,,,,,,,,,,,,,,,,,,,,,,,,,,,,,,,,,,,,,,,,,,,,,,,,,,,,,,,,,,,,,,,,,,,,,,,,,,,,,,,,,,,,,,,,,,,,,,,,,,,,,,,,,,,,,,,,,,,,,,,,,,,,,,,,,,,,,,,,,,,,,,,,,,,,,,,,,,,,,,,,,,,,,,,,,,,,,,,,,,,,,,,,,,,,,,,,,,,,,,,,,,,,,,,,,,,,,,,,,,,,,,,,,,,,,,,,,,,,,,,,,,,,,,,,,,,,,,,,,,,,,,,,,,,,,,,,,,,,,,,,,,,,,,,,,,,,,,,,,,,,,,,,,,,,,,,,,,,,,,,,,,,,,,,,,,,,,,,,,,,,,,,,,,,,,,,,,,,,,,,,,,,,,,,,,,,"B","","",,"","","",,"","","",,,"","","",,"","","",,"","","",,"","","",,,"","","",,"","","",,"","","",,"","","",,,"","","",,"","","",,"","","",,"","","",,,"","","",,"","","",,"","","",,"","","",,,"","","",,"","","",,"","","",,"","","",,,"","","",,"","","",,"","","",,"","","",,,"","","",,"","","",,"","","",,"","","",,,"","","",,"","","",,"","","",,"","","",,,"","","",,"","","",,"","","",,"","","",,,"","","",,"","","",,"","","",,"","","",,,"","","",,"","","",,"","","",,"","","",,,"","","",,"","","",,"","","",,"","","",,,"","","",,"","","",,"","","",,"","","",,,"","","",,"","","",,"","","",,"","","",,,"","","",,"","","",,"","","",,"","","",,,"","","",,"","","",,"","","",,"","","",,,"","","",,"","","",,"","","",,"","","",,,"","","",,"","","",,"","","",,"","","",,,"","","",,"","","",,"","","",,"","","",,,"","","",,"","","",,"","","",,"","","",,,"","","",,"","","",,"","","",,"","","",,,"","","",,"","","",,"","","",,"","","",,,"","","",,"","","",,"","","",,"","","",,,"","",,,,,,,,,,,,,,,,,,,,,,,,,,,,,,,,,,,,,,,,,,,,,,,,,,,,,,,,,,,,,,,,,,,,,,,,,,,,,,,,,,,,,,,,,,,,,,,,,,,,,,,,,,,,,,,,
"Japan","158","Financial, Interest Rates, Lending Rate, Percent per annum","FILR_PA","Value",,,,,,,,,,,,,,,,,,,,,,,,,,,,,,,,,,,,,,,,,,,,,,,,,,,,,,,,,,,,,,,,,,,,,,,,,,,,,,,,,,,,,,,,,,,,,,,,,,,,,,,,,,,,,,,,,,,,,,,,,,,,,,,,,,,,,,,,,,,,,,,,,,,,,,,,,,,,,,,,,,,,,,,,,,,,,,,,,,,,,,,,,,,,,,,,,,,,,,,,,,,,,,,,,,,,,,,,,,,,,,,,,,,,,,,,,,,,,,,,,,,,,,,,,,,,,,,,,,,,,,,,,,,,,,,,,,,,,,,,,,,,,,,,,,,,,,,,,,,,,,,,,,,,,,,,,,,,,,,,,,,,,,,,,,,,,,,,,,,,,,,,,,,,,,,,,,,,,,,,,,,,,,,,,,,,,,,,,,,,,,,,,,,,,,,,,,,,,,,,,,,,,,,,,,,,,,,,,,,,,,,,,,,,,,,,,,,,,,,,,,,,,,,,,,,,,,,,,,,,,,,,,,,,,,,,,,,,,,,,,,,,,,,,,,,,,,,,,,,,,,,,,,,,,,,,,,,,,,,,,,,,,,,,,,,,,,,,,,,,,,,,,,,,,,,,,,,,,,,,,,,,,,,,,,,,,,,,,,,,,,,,,,,,,,,,,,,,,,,,,,,,,,,,,,,,,,,,,,,,,,,,,,,,,,,,,,,,,,,,,,,,,,,,,,,,,,,,,,,,,,,,,,,,,,,,,,,,,,,,,,,,,,,,,,,,,,,,,,,,,,,,,,,,,,,,,,,,,,,,,,,,,,,,,,,,,,,,,,,,,,,,,,,,,,,,,,,,,,,,,,,,,,,,,,,,,,,,,,,,,,,,,,,,,,,,,,,,,,,,,,,,,,,,,,,,,,,,,,,,,,,,,,,,,,,,,,,,,,,,,,,,,,,,,,,,,,,,,,,,,,,,,,,,,,,,,,,,,,,,,,,,,,,,,,,,,,,,,,,,,,,,,,,,,,,,,,,,,,,,,,,,,,,,,,,,,,,,,,,,,,,,,,,,,,,,,,,,,,,,,,,,,,,,,,,,,,,,,,,,,,,,,,,,,,,,,,,,,,,,,,,,,,,,,,,,,,,,,,,,,,,,,,,,,,,,,,,,,,,,,,,,,,,,,,,,,,,,,,,,,,,,,,,,,,,,,,,,,,,,,,,,,,,,,,,,,,,,,,,,,,,,,,,,,,,,,,,,,,,,,,,,,,,,,,,,,,,,,,,,,,,,,,,,,,,,,,,,,,,,,,,,,,,,,,,,,,,,,,,,,,,,,,,,,,,,,,,,,,,,,,,,,,,,,,,,,,,,,,,,,,,,,,,,,,,,,,,,,,,,,,"4.86355555555556",,,,,,,,,,,,,,,,,"4.13341666666667",,,,,,,,,,,,,,,,,"3.50583333333333",,,,,,,,,,,,,,,,,"2.65758333333333",,,,,,,,,,,,,,,,,"2.44883333333333",,,,,,,,,,,,,,,,,"2.32091666666667",,,,,,,,,,,,,,,,,"2.16083333333333",,,,,,,,,,,,,,,,,"2.06716666666667",,,,,,,,,,,,,,,,,"1.96941666666667",,,,,,,,,,,,,,,,,"1.86491666666667",,,,,,,,,,,,,,,,,"1.82208333333333",,,,,,,,,,,,,,,,,"1.76658333333333",,,,,,,,,,,,,,,,,"1.67691666666667",,,,,,,,,,,,,,,,,"1.66483333333333",,,,,,,,,,,,,,,,,"1.88325",,,,,,,,,,,,,,,,,"1.9095",,,,,,,,,,,,,,,,,"1.72333333333333",,,,,,,,,,,,,,,,,"1.59833333333333",,,,,,,,,,,,,,,,,"1.50091666666667",,,,,,,,,,,,,,,,,"1.4075",,,,,,,,,,,,,,,,,"1.30375",,,,,,,,,,,,,,,,,"1.21916666666667",,,,,,,,,,,,,,,,,"1.14283333333333",,,,,,,,,,,,,,,,,"1.04475",,,,,,,,,,,,,,,,,"0.994",,,,,,,,,,,,,,,,,,,,,,,,,,,,,,,,,,,,,,,,,,,,,,,,,,,,,,,,,,,,,,,,,,,,,,,,,,,,,,,,,,,,,,,,,,,,,,,,,,,,,,,,,,,,,,,,,,,"",
"Japan","158","Financial, Interest Rates, Lending Rate, Percent per annum","FILR_PA","Value",,,,,,,,,,,,,,,,,,,,,,,,,,,,,,,,,,,,,,,,,,,,,,,,,,,,,,,,,,,,,,,,,,,,,,,,,,,,,,,,,,,,,,,,,,,,,,,,,,,,,,,,,,,,,,,,,,,,,,,,,,,,,,,,,,,,,,,,,,,,,,,,,,,,,,,,,,,,,,,,,,,,,,,,,,,,,,,,,,,,,,,,,,,,,,,,,,,,,,,,,,,,,,,,,,,,,,,,,,,,,,,,,,,,,,,,,,,,,,,,,,,,,,,,,,,,,,,,,,,,,,,,,,,,,,,,,,,,,,,,,,,,,,,,,,,,,,,,,,,,,,,,,,,,,,,,,,,,,,,,,,,,,,,,,,,,,,,,,,,,,,,,,,,,,,,,,,,,,,,,,,,,,,,,,,,,,,,,,,,,,,,,,,,,,,,,,,,,,,,,,,,,,,,,,,,,,,,,,,,,,,,,,,,,,,,,,,,,,,,,,,,,,,,,,,,,,,,,,,,,,,,,,,,,,,,,,,,,,,,,,,,,,,,,,,,,,,,,,,,,,,,,,,,,,,,,,,,,,,,,,,,,,,,,,,,,,,,,,,,,,,,,,,,,,,,,,,,,,,,,,,,,,,,,,,,,,,,,,,,,,,,,,,,,,,,,,,,,,,,,,,,,,,,,,,,,,,,,,,,,,,,,,,,,,,,,,,,,,,,,,,,,,,,,,,,,,,,,,,,,,,,,,,,,,,,,,,,,,,,,,,,,,,,,,,,,,,,,,,,,,,,,,,,,,,,,,,,,,,,,,,,,,,,,,,,,,,,,,,,,,,,,,,,,,,,,,,,,,,,,,,,,,,,,,,,,,,,,,,,,,,,,,,,,,,,,,,,,,,,,,,,,,,,,,,,,,,,,,,,,,,,,,,,,,,,,,,,,,,,,,,,,,,,,,,,,,,,,,,,,,,,,,,,,,,,,,,,,,,,,,,,,,,,,,,,,,,,,,,,,,,,,,,,,,,,,,,,,,,,,,,,,,,,,,,,,,,,,,,,,,,,,,,,,,,,,,,,,,,,,,,,,,,,,,,,,,,,,,,,,,,,,,,,,,,,,,,,,,,,,,,,,,,,,,,,,,,,,,,,,,,,,,,,,,,,,,,,,,,,,,,,,,,,,,,,,,,,,,,,,,,,,,,,,,,,,,,,,,,,,,,,,,,,,,,,,,,,,,,,,,,,,,,,,,,,,,,,,,,,,,,,,,,,,,,,,,,,,,,,,,,,,,,,,,,,,,,,,,,,,,,,,,,,,,,,,,,,,,,,,,,,,,,,,,,,,,,,,,,,,,,,,,,,,,,,,,,,,,,,,,,,,,,,,,,,,,,,,,,,,,,,,,,,"5.08",,,,"4.93733333333333",,,,"4.57333333333333",,,,,"4.247",,,,"4.14433333333333",,,,"4.08733333333333",,,,"4.055",,,,,"4.02466666666667",,,,"3.73866666666667",,,,"3.32666666666667",,,,"2.93333333333333",,,,,"2.72866666666667",,,,"2.685",,,,"2.641",,,,"2.57566666666667",,,,,"2.51133333333333",,,,"2.47433333333333",,,,"2.43233333333333",,,,"2.37733333333333",,,,,"2.37033333333333",,,,"2.336",,,,"2.31066666666667",,,,"2.26666666666667",,,,,"2.24033333333333",,,,"2.16933333333333",,,,"2.126",,,,"2.10766666666667",,,,,"2.071",,,,"2.048",,,,"2.05166666666667",,,,"2.098",,,,,"2.08166666666667",,,,"1.98566666666667",,,,"1.91833333333333",,,,"1.892",,,,,"1.87633333333333",,,,"1.86733333333333",,,,"1.86766666666667",,,,"1.84833333333333",,,,,"1.834",,,,"1.83233333333333",,,,"1.817",,,,"1.805",,,,,"1.789",,,,"1.77666666666667",,,,"1.75866666666667",,,,"1.742",,,,,"1.71833333333333",,,,"1.69466666666667",,,,"1.66033333333333",,,,"1.63433333333333",,,,,"1.61266666666667",,,,"1.61833333333333",,,,"1.68133333333333",,,,"1.747",,,,,"1.801",,,,"1.87433333333333",,,,"1.91733333333333",,,,"1.94033333333333",,,,,"1.926",,,,"1.915",,,,"1.91033333333333",,,,"1.88666666666667",,,,,"1.79833333333333",,,,"1.735",,,,"1.69033333333333",,,,"1.66966666666667",,,,,"1.63766666666667",,,,"1.61033333333333",,,,"1.58333333333333",,,,"1.562",,,,,"1.535",,,,"1.51366666666667",,,,"1.49",,,,"1.465",,,,,"1.44066666666667",,,,"1.418",,,,"1.39633333333333",,,,"1.375",,,,,"1.343",,,,"1.31533333333333",,,,"1.288",,,,"1.26866666666667",,,,,"1.246",,,,"1.228",,,,"1.21166666666667",,,,"1.191",,,,,"1.17",,,,"1.15033333333333",,,,"1.13233333333333",,,,"1.11866666666667",,,,,"1.094",,,,"1.053",,,,"1.025",,,,"1.007",,,,,"0.994",,,,,,,,,,,,,,,,,,,,,,,,,,,,,,,,,,,,,,,,,,,,,,,,,,,,,,,,,,,,,,,,,,,,,,,,,,,,,,,,,,,,,,,,,,,,,,,,,,,,,,,,,,,,,,,,,,"",
"Japan","158","Financial, Interest Rates, Lending Rate, Percent per annum","FILR_PA","Value",,,,,,,,,,,,,,,,,,,,,,,,,,,,,,,,,,,,,,,,,,,,,,,,,,,,,,,,,,,,,,,,,,,,,,,,,,,,,,,,,,,,,,,,,,,,,,,,,,,,,,,,,,,,,,,,,,,,,,,,,,,,,,,,,,,,,,,,,,,,,,,,,,,,,,,,,,,,,,,,,,,,,,,,,,,,,,,,,,,,,,,,,,,,,,,,,,,,,,,,,,,,,,,,,,,,,,,,,,,,,,,,,,,,,,,,,,,,,,,,,,,,,,,,,,,,,,,,,,,,,,,,,,,,,,,,,,,,,,,,,,,,,,,,,,,,,,,,,,,,,,,,,,,,,,,,,,,,,,,,,,,,,,,,,,,,,,,,,,,,,,,,,,,,,,,,,,,,,,,,,,,,,,,,,,,,,,,,,,,,,,,,,,,,,,,,,,,,,,,,,,,,,,,,,,,,,,,,,,,,,,,,,,,,,,,,,,,,,,,,,,,,,,,,,,,,,,,,,,,,,,,,,,,,,,,,,,,,,,,,,,,,,,,,,,,,,,,,,,,,,,,,,,,,,,,,,,,,,,,,,,,,,,,,,,,,,,,,,,,,,,,,,,,,,,,,,,,,,,,,,,,,,,,,,,,,,,,,,,,,,,,,,,,,,,,,,,,,,,,,,,,,,,,,,,,,,,,,,,,,,,,,,,,,,,,,,,,,,,,,,,,,,,,,,,,,,,,,,,,,,,,,,,,,,,,,,,,,,,,,,,,,,,,,,,,,,,,,,,,,,,,,,,,,,,,,,,,,,,,,,,,,,,,,,,,,,,,,,,,,,,,,,,,,,,,,,,,,,,,,,,,,,,,,,,,,,,,,,,,,,,,,,,,,,,,,,,,,,,,,,,,,,,,,,,,,,,,,,,,,,,,,,,,,,,,,,,,,,,,,,,,,,,,,,,,,,,,,,,,,,,,,,,,,,,,,,,,,,,,,,,,,,,,,,,,,,,,,,,,,,,,,,,,,,,,,,,,,,,,,,,,,,,,,,,,,,,,,,,,,,,,,,,,,,,,,,,,,,,,,,,,,,,,,,,,,,,,,,,,,,,,,,,,,,,,,,,,,,,,,,,,,,,,,,,,,,,,,,,,,,,,,,,,,,,,,,,,,,,,,,,,,,,,,,,,,,,,,,,,,,,,,,,,,,,,,,,,,,,,,,,,,,,,,,,,,,,,,,,,,,,,,,,,,,,,,,,,,,,,,,,,,,,,,,,,,,,,,,,,,,,,,,,,,,,,,,,,,,,,,,,,,,,,,,,,,,,,,,,,,,,,,,,,,,,,,,,,,,,,,,,,,,,,,,,,,,,,,,,,,,,,,,,,,,,,,,,,,,,,,,,,,,,,,"5.117","5.089","5.034",,"5.008","4.975","4.829",,"4.71","4.596","4.414",,,"4.331","4.231","4.179",,"4.16","4.153","4.12",,"4.098","4.092","4.072",,"4.065","4.053","4.047",,,"4.045","4.032","3.997",,"3.901","3.74","3.575",,"3.454","3.352","3.174",,"3.05","2.962","2.788",,,"2.748","2.729","2.709",,"2.693","2.693","2.669",,"2.657","2.642","2.624",,"2.609","2.585","2.533",,,"2.526","2.509","2.499",,"2.483","2.479","2.461",,"2.447","2.433","2.417",,"2.393","2.372","2.367",,,"2.365","2.373","2.373",,"2.349","2.336","2.323",,"2.316","2.316","2.3",,"2.278","2.267","2.255",,,"2.252","2.246","2.223",,"2.19","2.172","2.146",,"2.134","2.127","2.117",,"2.114","2.109","2.1",,,"2.085","2.076","2.052",,"2.053","2.052","2.039",,"2.034","2.051","2.07",,"2.087","2.091","2.116",,,"2.106","2.092","2.047",,"2.017","1.99","1.95",,"1.935","1.924","1.896",,"1.898","1.898","1.88",,,"1.877","1.875","1.877",,"1.867","1.867","1.868",,"1.872","1.866","1.865",,"1.857","1.854","1.834",,,"1.836","1.837","1.829",,"1.833","1.836","1.828",,"1.828","1.82","1.803",,"1.811","1.805","1.799",,,"1.797","1.796","1.774",,"1.779","1.78","1.771",,"1.77","1.763","1.743",,"1.75","1.744","1.732",,,"1.729","1.723","1.703",,"1.699","1.698","1.687",,"1.675","1.666","1.64",,"1.645","1.635","1.623",,,"1.619","1.62","1.599",,"1.607","1.616","1.632",,"1.651","1.681","1.712",,"1.735","1.74","1.766",,,"1.776","1.798","1.829",,"1.858","1.873","1.892",,"1.902","1.917","1.933",,"1.938","1.938","1.945",,,"1.93","1.922","1.926",,"1.916","1.916","1.913",,"1.91","1.908","1.913",,"1.906","1.889","1.865",,,"1.824","1.795","1.776",,"1.756","1.746","1.703",,"1.697","1.694","1.68",,"1.68","1.674","1.655",,,"1.649","1.641","1.623",,"1.618","1.614","1.599",,"1.597","1.588","1.565",,"1.569","1.566","1.551",,,"1.547","1.539","1.519",,"1.521","1.512","1.508",,"1.501","1.496","1.473",,"1.474","1.469","1.452",,,"1.452","1.442","1.428",,"1.424","1.421","1.409",,"1.403","1.401","1.385",,"1.383","1.378","1.364",,,"1.358","1.346","1.325",,"1.324","1.319","1.303",,"1.296","1.291","1.277",,"1.277","1.271","1.258",,,"1.254","1.25","1.234",,"1.233","1.229","1.222",,"1.219","1.214","1.202",,"1.198","1.195","1.18",,,"1.179","1.173","1.158",,"1.157","1.153","1.141",,"1.137","1.135","1.125",,"1.125","1.121","1.11",,,"1.108","1.098","1.076",,"1.066","1.054","1.039",,"1.033","1.026","1.016",,"1.014","1.009","0.998",,,"0.996","0.992",,,,,,,,,,,,,,,,,,,,,,,,,,,,,,,,,,,,,,,,,,,,,,,,,,,,,,,,,,,,,,,,,,,,,,,,,,,,,,,,,,,,,,,,,,,,,,,,,,,,,,,,,,,,,,,,"",
"Japan","158","Gross Domestic Product, Nominal, Domestic Currency","NGDP_XDC","Value",,,,,,,,,,,,,,,,,,,,,,,,,,,,,,,,,,,,,,,,,,,,,,,,,,,,,,,,,,,,,,,,,,,,,,,,,,,,,,,,,,,,,,,,,,,,,,,,,,,,,,,,,,,,,,,,,,,,,,,,,,,,,,,,,,,,,,,,,,,,,,,,,,,,,,,,,,,,,,,,,,,,,,,,,,,,,,,,,,,,,,,,,,,,,,,,,,,,,,,,,,,,,,,,,,,,,,,,,,,,,,,,,,,,,,,,,,,,,,,,,,,,,,,,,,,,,,,,,,,,,,,,,,,,,,,,,,,,,,,,,,,,,,,,,,,,,,,,,,,,,,,,,,,,,,,,,,,,,,,,,,,,,,,,,,,,,,,,,,,,,,,,,,,,,,,,,,,,,,,,,,,,,,,,,,,,,,,,,,,,,,,,,,,,,,,,,,,,,,,,,,,,,,,,,,,,,,,,,,,,,,,,,,,,,,,,,,,,,,,,,,,,,,,,,,,,,,,,,,,,,,,,,,,,,,,,,,,,,,,,,,,,,,,,,,,,,,,,,,,,,,,,,,,,,,,,,,,,,,,,,,,,,,,,,,,,,,,,,,,,,,,,,,,,,,,,,,,,,,,,,,,,,,,,,,,,,,,,,,,,,,,,,,,,,,,,,,,,,,,,,,,,,,,,,,,,,,,,,,,,,,,,,,,,,,,,,,,,,,,,,,,,,,,,,,,,,,,,,,,,,,,,,,,,,,,,,,,,,,,,,,,,,,,,,,,,,,,,,,,,,,,,,,,,,,,,,,,,,,,,,,,,,,,,,,,,,,,,,,,,,,,,,,,,,,,,,,,,,,,,,,,,,,,,,,,,,,,,,,,,,,,,,,,,,,,,,,,,,,,,,,,,,,,,,,,,,,,,,,,,,,,,,,,,,,,,,,,,,,,,,,,,,,,,,,,,,,,,,,,,,,,,,,,,,,,,,,,,,,,,,,,,,,,,,,,,,,,,,,,,,,,,,,,,,,,,,,,,,,,,,,,,,,,,,,,,,,,,,,,,,,,,,,,,,,,,,,,,,,,,,,,,,,,,,,,,,,,,,,,,,,,,,,,,,,,,,,,,,,,,,,,,,,,,,,,,,,,,,,,,,,,,,,,,,,,,,,,,,,,,,,,,,,,,,,,,,,,,,,,,,,,,,,,,,,,,,,,,,,,,,,,,,,,,,,,,,,,,,,,,,,,,,,,,,,,,,,,,,,,,,,,,,,,,,,,,,,,,,,,,,,,,,,,,,,,,,,,,,,,,,,,,,,,,,,,,,,,,,,,,,,,,,,,,,,,,,,,,,,,,,,,,,,,,,,,,,,,,,,,,,,,,,,,,,,,,,,,,,,,,,,,,,,,,,,,,,,,,,,,"510916200000000",,,,,,,,,,,,,,,,,"521613600000000",,,,,,,,,,,,,,,,,"535562000000000",,,,,,,,,,,,,,,,,"543545300000000",,,,,,,,,,,,,,,,,"536497400000000",,,,,,,,,,,,,,,,,"528069900000000",,,,,,,,,,,,,,,,,"535417800000000",,,,,,,,,,,,,,,,,"531653900000000",,,,,,,,,,,,,,,,,"524478700000000",,,,,,,,,,,,,,,,,"523968700000000",,,,,,,,,,,,,,,,,"529400900000000",,,,,,,,,,,,,,,,,"532515600000000",,,,,,,,,,,,,,,,,"535170200000000",,,,,,,,,,,,,,,,,"539281700000000",,,,,,,,,,,,,,,,,"527823800000000",,,,,,,,,,,,,,,,,"494938400000000",,,,,,,,,,,,,,,,,"505530600000000",,,,,,,,,,,,,,,,,"497449000000000",,,,,,,,,,,,,,,,,"500474600000000",,,,,,,,,,,,,,,,,"508700600000000",,,,,,,,,,,,,,,,,"518811100000000",,,,,,,,,,,,,,,,,"538032400000000",,,,,,,,,,,,,,,,,"544364600000000",,,,,,,,,,,,,,,,,"553073000000000",,,,,,,,,,,,,,,,,"556630100000000",,,,,,,,,,,,,,,,,"557910900000000",,,,,,,,,,,,,,,,,"539284600000000",,,,,,,,,,,,,,,,,"550074300000000",,,,,,,,,,,,,,,,,"557227000000000",,,,,,,,,,,,,,,,,,,,,,,,,,,,,,"",
"Japan","158","Prices, Consumer Price Index, All items, Index","PCPI_IX","Status",,,,,,,,,,,,,,,,,,,,,,,,,,,,,,,,,,,,,,,,,,,,,,,,,,,,,,,,,,,,,,,,,,,,,,,,,,,,,,,,,,,,,,,,,,,,,,,,,,,,,,,,,,,,,,,,,,,,,,,,,,,,,,,,,,,,,,,,,,,,,,,,,,,,,,,,,,,,,,,,,,,,,,,,,,,,,,,,,,,,,,,,,,,,,,,,,,,,,,,,,,,,,,,,,,,,,,,,,,,,,,,,,,,,,,,,,,,,,,,,,,,,,,,,,,,,,,,,,,,,,,,,,,,,,,,,,,,,,,,,,,,,,,,,,,,,,,,,,,,,,,,,,,,,,,,,,,,,,,,,,,,,,,,,,,,,,,,,,,,,,,,,,,,,,,,,,,,,,,,,,,,,,,,,,,,,,,,,,,,,,,,,,,,,,,,,,,,,,,,,,,,,,,,,,,,,,,,,,,,,,,,,,,,,,,,,,,,,,,,,,,,,,,,,,,,,,,,,,,,,,,,,,,,,,,,,,,,,,,,,,,,,,,,,,,,,,,,,,,,,,,,,,,,,,,,,,,,,,,,,,,,,,,,,,,,,,,,,,,,,,,,,,,,,,,,,,,,,,,,,,,,,,,,,,,,,,,,,,,,,,,,,,,,,,,,,,,,,"",,,,,,,,,,,,,,,,,"",,,,,,,,,,,,,,,,,"",,,,,,,,,,,,,,,,,"",,,,,,,,,,,,,,,,,"",,,,,,,,,,,,,,,,,"",,,,,,,,,,,,,,,,,"",,,,,,,,,,,,,,,,,"",,,,,,,,,,,,,,,,,"",,,,,,,,,,,,,,,,,"",,,,,,,,,,,,,,,,,"",,,,,,,,,,,,,,,,,"",,,,,,,,,,,,,,,,,"",,,,,,,,,,,,,,,,,"",,,,,,,,,,,,,,,,,"",,,,,,,,,,,,,,,,,"B",,,,,,,,,,,,,,,,,"",,,,,,,,,,,,,,,,,"",,,,,,,,,,,,,,,,,"",,,,,,,,,,,,,,,,,"",,,,,,,,,,,,,,,,,"",,,,,,,,,,,,,,,,,"",,,,,,,,,,,,,,,,,"",,,,,,,,,,,,,,,,,"",,,,,,,,,,,,,,,,,"",,,,,,,,,,,,,,,,,"",,,,,,,,,,,,,,,,,"",,,,,,,,,,,,,,,,,"",,,,,,,,,,,,,,,,,"",,,,,,,,,,,,,,,,,"",,,,,,,,,,,,,,,,,"",,,,,,,,,,,,,,,,,"",,,,,,,,,,,,,,,,,"",,,,,,,,,,,,,,,,,"",,,,,,,,,,,,,,,,,"",,,,,,,,,,,,,,,,,"",,,,,,,,,,,,,,,,,"",,,,,,,,,,,,,,,,,"",,,,,,,,,,,,,,,,,"",,,,,,,,,,,,,,,,,"",,,,,,,,,,,,,,,,,"",,,,,,,,,,,,,,,,,"",,,,,,,,,,,,,,,,,"",,,,,,,,,,,,,,,,,"",,,,,,,,,,,,,,,,,"",,,,,,,,,,,,,,,,,"B",,,,,,,,,,,,,,,,,"",,,,,,,,,,,,,,,,,"",,,,,,,,,,,,,,,,,"",,,,,,,,,,,,,,,,,"",,,,,,,,,,,,,,,,,"",,,,,,,,,,,,,,,,,"",,,,,,,,,,,,,,,,,"",,,,,,,,,,,,,,,,,"",,,,,,,,,,,,,,,,,"",,,,,,,,,,,,,,,,,"",,,,,,,,,,,,,,,,,"",,,,,,,,,,,,,,,,,"",,,,,,,,,,,,,,,,,"",,,,,,,,,,,,,,,,,"",,,,,,,,,,,,,,,,,"",,,,,,,,,,,,,,,,,"",,,,,,,,,,,,,,,,,"",,,,,,,,,,,,,,,,,"",,,,,,,,,,,,,,,,,"",,,,,,,,,,,,,,,,,"",,,,,,,,,,,,,,,,,"",,,,,,,,,,,,,,,,,"",,,,,,,,,,,,,,,,,,,,,,,,,,,,,,
"Japan","158","Prices, Consumer Price Index, All items, Index","PCPI_IX","Status",,,,,,,,,,,,,,,,,,,,,,,,,,,,,,,,,,,,,,,,,,,,,,,,,,,,,,,,,,,,,,,,,,,,,,,,,,,,,,,,,,,,,,,,,,,,,,,,,,,,,,,,,,,,,,,,,,,,,,,,,,,,,,,,,,,,,,,,,,,,,,,,,,,,,,,,,,,,,,,,,,,,,,,,,,,,,,,,,,,,,,,,,,,,,,,,,,,,,,,,,,,,,,,,,,,,,,,,,,,,,,,,,,,,,,,,,,,,,,,,,,,,,,,,,,,,,,,,,,,,,,,,,,,,,,,,,,,,,,,,,,,,,,,,,,,,,,,,,,,,,,,,,,,,,,,,,,,,,,,,,,,,,,,,,,,,,,,,,,,,,,,,,,,,,,,,,,,,,,,,,,,,,,,,,,,,,,,,,,,,,,,,,,,,,,,,,,,,,,,,,,,,,,,,,,,,,,,,,,,,,,,,,,,,,,,,,,,,,,,,,,,,,,,,,,,,,,,,,,,,,,,,,,,,,,,,,,,,,,,,,,,,,,,,,,,,,,,,,,,,,,,,,,,,,,,,,,,,,,,,,,,,,,,,,,,,,,,,,,,,,,,,,,,,,,,,,,,,,,,,,,,,,,,,,,,,,,,,,,,,,,,,,,,,,,,,,,,,,"",,,,"",,,,"",,,,"",,,,,"",,,,"",,,,"",,,,"",,,,,"",,,,"",,,,"",,,,"",,,,,"",,,,"",,,,"",,,,"",,,,,"",,,,"",,,,"",,,,"",,,,,"",,,,"",,,,"",,,,"",,,,,"",,,,"",,,,"",,,,"",,,,,"",,,,"",,,,"",,,,"",,,,,"",,,,"",,,,"",,,,"",,,,,"",,,,"",,,,"",,,,"",,,,,"",,,,"",,,,"",,,,"",,,,,"",,,,"",,,,"",,,,"",,,,,"",,,,"",,,,"",,,,"",,,,,"",,,,"",,,,"",,,,"",,,,,"",,,,"",,,,"",,,,"",,,,,"B",,,,"",,,,"",,,,"",,,,,"",,,,"",,,,"",,,,"",,,,,"",,,,"",,,,"",,,,"",,,,,"",,,,"",,,,"",,,,"",,,,,"",,,,"",,,,"",,,,"",,,,,"",,,,"",,,,"",,,,"",,,,,"",,,,"",,,,"",,,,"",,,,,"",,,,"",,,,"",,,,"",,,,,"",,,,"",,,,"",,,,"",,,,,"",,,,"",,,,"",,,,"",,,,,"",,,,"",,,,"",,,,"",,,,,"",,,,"",,,,"",,,,"",,,,,"",,,,"",,,,"",,,,"",,,,,"",,,,"",,,,"",,,,"",,,,,"",,,,"",,,,"",,,,"",,,,,"",,,,"",,,,"",,,,"",,,,,"",,,,"",,,,"",,,,"",,,,,"",,,,"",,,,"",,,,"",,,,,"",,,,"",,,,"",,,,"",,,,,"",,,,"",,,,"",,,,"",,,,,"",,,,"",,,,"",,,,"",,,,,"",,,,"",,,,"",,,,"",,,,,"",,,,"",,,,"",,,,"",,,,,"",,,,"",,,,"",,,,"",,,,,"",,,,"",,,,"",,,,"",,,,,"",,,,"",,,,"",,,,"",,,,,"",,,,"",,,,"",,,,"",,,,,"",,,,"",,,,"",,,,"",,,,,"",,,,"",,,,"",,,,"",,,,,"",,,,"",,,,"",,,,"",,,,,"B",,,,"",,,,"",,,,"",,,,,"",,,,"",,,,"",,,,"",,,,,"",,,,"",,,,"",,,,"",,,,,"",,,,"",,,,"",,,,"",,,,,"",,,,"",,,,"",,,,"",,,,,"",,,,"",,,,"",,,,"",,,,,"",,,,"",,,,"",,,,"",,,,,"",,,,"",,,,"",,,,"",,,,,"",,,,"",,,,"",,,,"",,,,,"",,,,"",,,,"",,,,"",,,,,"",,,,"",,,,"",,,,"",,,,,"",,,,"",,,,"",,,,"",,,,,"",,,,"",,,,"",,,,"",,,,,"",,,,"",,,,"",,,,"",,,,,"",,,,"",,,,"",,,,"",,,,,"",,,,"",,,,"",,,,"",,,,,"",,,,"",,,,"",,,,"",,,,,"",,,,"",,,,"",,,,"",,,,,"",,,,"",,,,"",,,,"",,,,,"",,,,"",,,,"",,,,"",,,,,"",,,,"",,,,"",,,,"",,,,,"",,,,"",,,,"",,,,"",,,,,"",,,,"",,,,"",,,,"",,,,,"",,,,"",,,,,,,,
"Japan","158","Prices, Consumer Price Index, All items, Index","PCPI_IX","Status",,,,,,,,,,,,,,,,,,,,,,,,,,,,,,,,,,,,,,,,,,,,,,,,,,,,,,,,,,,,,,,,,,,,,,,,,,,,,,,,,,,,,,,,,,,,,,,,,,,,,,,,,,,,,,,,,,,,,,,,,,,,,,,,,,,,,,,,,,,,,,,,,,,,,,,,,,,,,,,,,,,,,,,,,,,,,,,,,,,,,,,,,,,,,,,,,,,,,,,,,,,,,,,,,,,,,,,,,,,,,,,,,,,,,,,,,,,,,,,,,,,,,,,,,,,,,,,,,,,,,,,,,,,,,,,,,,,,,,,,,,,,,,,,,,,,,,,,,,,,,,,,,,,,,,,,,,,,,,,,,,,,,,,,,,,,,,,,,,,,,,,,,,,,,,,,,,,,,,,,,,,,,,,,,,,,,,,,,,,,,,,,,,,,,,,,,,,,,,,,,,,,,,,,,,,,,,,,,,,,,,,,,,,,,,,,,,,,,,,,,,,,,,,,,,,,,,,,,,,,,,,,,,,,,,,,,,,,,,,,,,,,,,,,,,,,,,,,,,,,,,,,,,,,,,,,,,,,,,,,,,,,,,,,,,,,,,,,,,,,,,,,,,,,,,,,,,,,,,,,,,,,,,,,,,,,,,,,,,,,,,,,,,,,,,,,,,,,,,"","","",,"","","",,"","","",,"","","",,,"","","",,"","","",,"","","",,"","","",,,"","","",,"","","",,"","","",,"","","",,,"","","",,"","","",,"","","",,"","","",,,"","","",,"","","",,"","","",,"","","",,,"","","",,"","","",,"","","",,"","","",,,"","","",,"","","",,"","","",,"","","",,,"","","",,"","","",,"","","",,"","","",,,"","","",,"","","",,"","","",,"","","",,,"","","",,"","","",,"","","",,"","","",,,"","","",,"","","",,"","","",,"","","",,,"","","",,"","","",,"","","",,"","","",,,"","","",,"","","",,"","","",,"","","",,,"","","",,"","","",,"","","",,"","","",,,"","","",,"","","",,"","","",,"","","",,,"B","","",,"","","",,"","","",,"","","",,,"","","",,"","","",,"","","",,"","","",,,"","","",,"","","",,"","","",,"","","",,,"","","",,"","","",,"","","",,"","","",,,"","","",,"","","",,"","","",,"","","",,,"","","",,"","","",,"","","",,"","","",,,"","","",,"","","",,"","","",,"","","",,,"","","",,"","","",,"","","",,"","","",,,"","","",,"","","",,"","","",,"","","",,,"","","",,"","","",,"","","",,"","","",,,"","","",,"","","",,"","","",,"","","",,,"","","",,"","","",,"","","",,"","","",,,"","","",,"","","",,"","","",,"","","",,,"","","",,"","","",,"","","",,"","","",,,"","","",,"","","",,"","","",,"","","",,,"","","",,"","","",,"","","",,"","","",,,"","","",,"","","",,"","","",,"","","",,,"","","",,"","","",,"","","",,"","","",,,"","","",,"","","",,"","","",,"","","",,,"","","",,"","","",,"","","",,"","","",,,"","","",,"","","",,"","","",,"","","",,,"","","",,"","","",,"","","",,"","","",,,"","","",,"","","",,"","","",,"","","",,,"","","",,"","","",,"","","",,"","","",,,"","","",,"","","",,"","","",,"","","",,,"","","",,"","","",,"","","",,"","","",,,"","","",,"","","",,"","","",,"","","",,,"","","",,"","","",,"","","",,"","","",,,"","","",,"","","",,"","","",,"","","",,,"","","",,"","","",,"","","",,"","","",,,"B","","",,"","","",,"","","",,"","","",,,"","","",,"","","",,"","","",,"","","",,,"","","",,"","","",,"","","",,"","","",,,"","","",,"","","",,"","","",,"","","",,,"","","",,"","","",,"","","",,"","","",,,"","","",,"","","",,"","","",,"","","",,,"","","",,"","","",,"","","",,"","","",,,"","","",,"","","",,"","","",,"","","",,,"","","",,"","","",,"","","",,"","","",,,"","","",,"","","",,"","","",,"","","",,,"","","",,"","","",,"","","",,"","","",,,"","","",,"","","",,"","","",,"","","",,,"","","",,"","","",,"","","",,"","","",,,"","","",,"","","",,"","","",,"","","",,,"","","",,"","","",,"","","",,"","","",,,"","","",,"","","",,"","","",,"","","",,,"","","",,"","","",,"","","",,"","","",,,"","","",,"","","",,"","","",,"","","",,,"","","",,"","","",,"","","",,"","","",,,"","","",,"","","",,"","","",,"","","",,,"","","",,"","","",,"","","",,"","","",,,"","","",,"","","",,"","","",,"","","",,,"","","",,"","","",,"","","",,"","","",,,"","","",,"","","",,"",,,
"Japan","158","Prices, Consumer Price Index, All items, Index","PCPI_IX","Value",,,,,,,,,,,,,,,,,,,,,,,,,,,,,,,,,,,,,,,,,,,,,,,,,,,,,,,,,,,,,,,,,,,,,,,,,,,,,,,,,,,,,,,,,,,,,,,,,,,,,,,,,,,,,,,,,,,,,,,,,,,,,,,,,,,,,,,,,,,,,,,,,,,,,,,,,,,,,,,,,,,,,,,,,,,,,,,,,,,,,,,,,,,,,,,,,,,,,,,,,,,,,,,,,,,,,,,,,,,,,,,,,,,,,,,,,,,,,,,,,,,,,,,,,,,,,,,,,,,,,,,,,,,,,,,,,,,,,,,,,,,,,,,,,,,,,,,,,,,,,,,,,,,,,,,,,,,,,,,,,,,,,,,,,,,,,,,,,,,,,,,,,,,,,,,,,,,,,,,,,,,,,,,,,,,,,,,,,,,,,,,,,,,,,,,,,,,,,,,,,,,,,,,,,,,,,,,,,,,,,,,,,,,,,,,,,,,,,,,,,,,,,,,,,,,,,,,,,,,,,,,,,,,,,,,,,,,,,,,,,,,,,,,,,,,,,,,,,,,,,,,,,,,,,,,,,,,,,,,,,,,,,,,,,,,,,,,,,,,,,,,,,,,,,,,,,,,,,,,,,,,,,,,,,,,,,,,,,,,,,,,,,,,,,,,,,,,,"17.5918545215428",,,,,,,,,,,,,,,,,"17.6614450503062",,,,,,,,,,,,,,,,,"18.208667496678",,,,,,,,,,,,,,,,,"18.121682789348",,,,,,,,,,,,,,,,,"18.317796842739",,,,,,,,,,,,,,,,,"18.9725686020745",,,,,,,,,,,,,,,,,"19.991103697072",,,,,,,,,,,,,,,,,"21.3575836652316",,,,,,,,,,,,,,,,,"22.7900166324067",,,,,,,,,,,,,,,,,"23.6561260208547",,,,,,,,,,,,,,,,,"25.2306756261743",,,,,,,,,,,,,,,,,"26.5025116118097",,,,,,,,,,,,,,,,,"27.5599215648415",,,,,,,,,,,,,,,,,"29.0314650999065",,,,,,,,,,,,,,,,,"30.5555650254969",,,,,,,,,,,,,,,,,"32.6712854640853",,,,,,,,,,,,,,,,,"34.760728139114",,,,,,,,,,,,,,,,,"36.4443699640338",,,,,,,,,,,,,,,,,"40.675059677935",,,,,,,,,,,,,,,,,"50.1207220187672",,,,,,,,,,,,,,,,,"56.0005173150257",,,,,,,,,,,,,,,,,"61.2500261845193",,,,,,,,,,,,,,,,,"66.2491472954351",,,,,,,,,,,,,,,,,"69.0379488823536",,,,,,,,,,,,,,,,,"71.5936308319755",,,,,,,,,,,,,,,,,"77.1625999451719",,,,,,,,,,,,,,,,,"80.9529525664016",,,,,,,,,,,,,,,,,"83.1719061510396",,,,,,,,,,,,,,,,,"84.751939248272",,,,,,,,,,,,,,,,,"86.6687007104885",,,,,,,,,,,,,,,,,"88.4300490811738",,,,,,,,,,,,,,,,,"88.9567267802513",,,,,,,,,,,,,,,,,"89.0689695685793",,,,,,,,,,,,,,,,,"89.6733538134223",,,,,,,,,,,,,,,,,"91.7109921246073",,,,,,,,,,,,,,,,,"94.5343299540883",,,,,,,,,,,,,,,,,"97.608055542147",,,,,,,,,,,,,,,,,"99.3262336096293",,,,,,,,,,,,,,,,,"100.560904281237",,,,,,,,,,,,,,,,,"101.260263193127",,,,,,,,,,,,,,,,,"101.130752283518",,,,,,,,,,,,,,,,,"101.268897253768",,,,,,,,,,,,,,,,,"103.038879685094",,,,,,,,,,,,,,,,,"103.720970475702",,,,,,,,,,,,,,,,,"103.366973989437",,,,,,,,,,,,,,,,,"102.667615077547",,,,,,,,,,,,,,,,,"101.907817741173",,,,,,,,,,,,,,,,,"100.966705131346",,,,,,,,,,,,,,,,,"100.707683312128",,,,,,,,,,,,,,,,,"100.699049251487",,,,,,,,,,,,,,,,,"100.414125250347",,,,,,,,,,,,,,,,,"100.664513008925",,,,,,,,,,,,,,,,,"100.724951433409",,,,,,,,,,,,,,,,,"102.115035196548",,,,,,,,,,,,,,,,,"100.733585494049",,,,,,,,,,,,,,,,,"100",,,,,,,,,,,,,,,,,"99.7275443838987",,,,,,,,,,,,,,,,,"99.6835999296889",,,,,,,,,,,,,,,,,"100.017577781684",,,,,,,,,,,,,,,,,"102.777289506064",,,,,,,,,,,,,,,,,"103.594656354368",,,,,,,,,,,,,,,,,"103.462822991738",,,,,,,,,,,,,,,,,"103.963789769731",,,,,,,,,,,,,,,,,"104.992089998242",,,,,,,,,,,,,,,,,"105.484267885393",,,,,,,,,,,,,,,,,"105.457901212867",,,,,,,,,,,,,,,,,"105.211812269292",,,,,,,,,,,,,,,,,"107.839690631042",,,,,,,,,,,,,,,,,,,,,,,,,,,,,,"2010=100",
"Japan","158","Prices, Consumer Price Index, All items, Index","PCPI_IX","Value",,,,,,,,,,,,,,,,,,,,,,,,,,,,,,,,,,,,,,,,,,,,,,,,,,,,,,,,,,,,,,,,,,,,,,,,,,,,,,,,,,,,,,,,,,,,,,,,,,,,,,,,,,,,,,,,,,,,,,,,,,,,,,,,,,,,,,,,,,,,,,,,,,,,,,,,,,,,,,,,,,,,,,,,,,,,,,,,,,,,,,,,,,,,,,,,,,,,,,,,,,,,,,,,,,,,,,,,,,,,,,,,,,,,,,,,,,,,,,,,,,,,,,,,,,,,,,,,,,,,,,,,,,,,,,,,,,,,,,,,,,,,,,,,,,,,,,,,,,,,,,,,,,,,,,,,,,,,,,,,,,,,,,,,,,,,,,,,,,,,,,,,,,,,,,,,,,,,,,,,,,,,,,,,,,,,,,,,,,,,,,,,,,,,,,,,,,,,,,,,,,,,,,,,,,,,,,,,,,,,,,,,,,,,,,,,,,,,,,,,,,,,,,,,,,,,,,,,,,,,,,,,,,,,,,,,,,,,,,,,,,,,,,,,,,,,,,,,,,,,,,,,,,,,,,,,,,,,,,,,,,,,,,,,,,,,,,,,,,,,,,,,,,,,,,,,,,,,,,,,,,,,,,,,,,,,,,,,,,,,,,,,,,,,,,,,,,,,,"17.6503718675346",,,,"17.6187435765959",,,,"17.5997624576835",,,,"17.4985401843572",,,,,"17.5175213032696",,,,"17.7009847310098",,,,"17.6693529864469",,,,"17.7579211804983",,,,,"17.9666893131641",,,,"18.1881046178563",,,,"18.4664632792854",,,,"18.2134127764061",,,,,"18.0172987230151",,,,"18.0489304675781",,,,"18.2007586971312",,,,"18.2197432696678",,,,,"18.1311716219921",,,,"18.194435111118",,,,"18.3905457108847",,,,"18.5550349269611",,,,,"18.7448219407146",,,,"18.91563128918",,,,"19.0548088930825",,,,"19.1750122853211",,,,,"19.503976902977",,,,"19.636827467242",,,,"20.0670212654728",,,,"20.7565891525961",,,,,"21.0096362018512",,,,"21.2879948632804",,,,"21.4588042117458",,,,"21.673899384049",,,,,"22.4011083219412",,,,"22.7795046635767",,,,"22.9056379286633",,,,"23.0738156154455",,,,,"23.1494948837726",,,,"23.5363008004721",,,,"23.6792463084382",,,,"24.259462090736",,,,,"24.738759518642",,,,"25.2348795503002",,,,"25.2264699752363",,,,"25.7225934605188",,,,,"26.1766690704814",,,,"26.5130244440457",,,,"26.5298401405494",,,,"26.7905127921623",,,,,"27.2950458525088",,,,"27.2782232487566",,,,"27.3875408173395",,,,"28.2788763407612",,,,,"28.7329519507239",,,,"28.8002216439871",,,,"29.0188498739045",,,,"29.5738369310104",,,,,"29.7167858926007",,,,"30.2549503459544",,,,"30.9360637608985",,,,"31.314460102534",,,,,"32.0841693405235",,,,"32.498604251273",,,,"32.5676767363979",,,,"33.5346915281468",,,,,"34.0181989240212",,,,"34.605315047583",,,,"34.98521371577",,,,"35.434184869082",,,,,"35.5723298393318",,,,"36.3666634182683",,,,"36.6774896013304",,,,"37.1609969972048",,,,,"38.2316205166411",,,,"40.0965776150138",,,,"41.3053461046998",,,,"43.0666944753852",,,,,"47.0728986126303",,,,"49.2141456515027",,,,"51.0100302647505",,,,"53.1858135461854",,,,,"54.2564370656216",,,,"55.7414954958073",,,,"56.2940753768066",,,,"57.7100613218674",,,,,"59.0915110243657",,,,"60.9564681227384",,,,"61.7162654591125",,,,"63.2358601318607",,,,,"64.6518460769214",,,,"66.4131944476068",,,,"66.6204119029816",,,,"67.3111367542307",,,,,"67.6564991798553",,,,"69.0724851249161",,,,"69.590528763353",,,,"69.8322824612902",,,,,"69.6941374910403",,,,"71.3518771340383",,,,"72.0426019852875",,,,"73.285906717536",,,,,"74.7364289051592",,,,"77.1194296419688",,,,"77.9137632209054",,,,"78.8807780126542",,,,,"79.6060391064658",,,,"80.9184163238392",,,,"81.1601700217764",,,,"82.1271848135252",,,,,"82.1271848135252",,,,"82.9905908775867",,,,"83.4050257883362",,,,"84.1648231247102",,,,,"83.8885331842106",,,,"84.8900842185219",,,,"84.6483305205847",,,,"85.580809069771",,,,,"85.8916352528332",,,,"86.6168963466448",,,,"86.5823601040823",,,,"87.5839111383936",,,,,"87.7220561086434",,,,"88.447317202455",,,,"88.5854621727049",,,,"88.9653608408919",,,,,"89.0344333260168",,,,"89.2416507813916",,,,"88.7926796280796",,,,"88.7581433855172",,,,,"88.2746359896427",,,,"89.3797957516414",,,,"89.2071145388291",,,,"89.4143319942039",,,,,"88.9653608408919",,,,"89.5870132070162",,,,"89.725158177266",,,,"90.4158830285152",,,,,"89.8978393900783",,,,"92.0045501863882",,,,"92.1772313992005",,,,"92.7643475227623",,,,,"93.1097099483869",,,,"94.3530146806354",,,,"94.5947683785726",,,,"96.0798268087583",,,,,"96.5633342046327",,,,"97.564885238944",,,,"97.564885238944",,,,"98.7391174860675",,,,,"98.4282913030054",,,,"99.8097410055038",,,,"99.3262336096293",,,,"99.7406685203788",,,,,"99.7061322778164",,,,"100.638610827003",,,,"101.087581980315",,,,"100.811292039815",,,,,"100.949437010065",,,,"101.363871920814",,,,"101.087581980315",,,,"101.640161861314",,,,,"101.087581980315",,,,"101.329335678252",,,,"101.087581980315",,,,"101.01850949519",,,,,"100.74221955469",,,,"101.467480648502",,,,"101.294799435689",,,,"101.571089376189",,,,,"101.329335678252",,,,"103.539655202249",,,,"103.505118959687",,,,"103.781408900186",,,,,"103.366973989437",,,,"103.885017627874",,,,"103.297901504312",,,,"104.333988781186",,,,,"103.26336526175",,,,"103.608727687374",,,,"103.297901504312",,,,"103.297901504312",,,,,"102.641712895625",,,,"102.883466593563",,,,"102.641712895625",,,,"102.503567925375",,,,,"102.192741742313",,,,"102.123669257188",,,,"101.847379316689",,,,"101.467480648502",,,,,"100.74221955469",,,,"101.191190708002",,,,"101.01850949519",,,,"100.914900767502",,,,,"100.500465856753",,,,"100.949437010065",,,,"100.776755797253",,,,"100.60407458444",,,,,"100.362320886503",,,,"100.638610827003",,,,"100.673147069565",,,,"101.122118222877",,,,,"100.396857129066",,,,"100.535002099315",,,,"100.362320886503",,,,"100.362320886503",,,,,"100.258712158816",,,,"100.707683312128",,,,"100.983973252627",,,,"100.707683312128",,,,,"100.155103431128",,,,"100.638610827003",,,,"100.845828282377",,,,"101.260263193127",,,,,"101.15665446544",,,,"102.020060529501",,,,"102.98707532125",,,,"102.296350470001",,,,,"101.01850949519",,,,"101.01850949519",,,,"100.707683312128",,,,"100.189639673691",,,,,"100.158200035156",,,,"100.228511161891",,,,"99.7011777113728",,,,"99.9121110915802",,,,,"99.630866584637",,,,"99.8417999648444",,,,"99.8417999648444",,,,"99.5957110212691",,,,,"99.9472666549481",,,,"100.017577781684",,,,"99.4199332044296",,,,"99.3496220776938",,,,,"99.279310950958",,,,"99.7363332747407",,,,"100.298822288627",,,,"100.75584461241",,,,,"100.791000175778",,,,"103.287045174899",,,,"103.673756371946",,,,"103.357356301635",,,,,"103.111267358059",,,,"103.884689752153",,,,"103.77922306205",,,,"103.60344524521",,,,,"103.146422921427",,,,"103.497978555106",,,,"103.287045174899",,,,"103.919845315521",,,,,"103.497978555106",,,,"103.919845315521",,,,"103.919845315521",,,,"104.517489892776",,,,,"104.833889963087",,,,"104.622956582879",,,,"105.079978906662",,,,"105.431534540341",,,,,"105.150290033398",,,,"105.396378976973",,,,"105.431534540341",,,,"105.95886799086",,,,,"105.853401300756",,,,"105.537001230445",,,,"105.466690103709",,,,"104.974512216558",,,,,"105.290912286869",,,,"104.763578836351",,,,"105.290912286869",,,,"105.501845667077",,,,,"106.204956934435",,,,"107.259623835472",,,,"108.314290736509",,,,"109.579891017754",,,,,"110.072068904904",,,,"110.880646862366",,,,,,,,"2010=100",
"Japan","158","Prices, Consumer Price Index, All items, Index","PCPI_IX","Value",,,,,,,,,,,,,,,,,,,,,,,,,,,,,,,,,,,,,,,,,,,,,,,,,,,,,,,,,,,,,,,,,,,,,,,,,,,,,,,,,,,,,,,,,,,,,,,,,,,,,,,,,,,,,,,,,,,,,,,,,,,,,,,,,,,,,,,,,,,,,,,,,,,,,,,,,,,,,,,,,,,,,,,,,,,,,,,,,,,,,,,,,,,,,,,,,,,,,,,,,,,,,,,,,,,,,,,,,,,,,,,,,,,,,,,,,,,,,,,,,,,,,,,,,,,,,,,,,,,,,,,,,,,,,,,,,,,,,,,,,,,,,,,,,,,,,,,,,,,,,,,,,,,,,,,,,,,,,,,,,,,,,,,,,,,,,,,,,,,,,,,,,,,,,,,,,,,,,,,,,,,,,,,,,,,,,,,,,,,,,,,,,,,,,,,,,,,,,,,,,,,,,,,,,,,,,,,,,,,,,,,,,,,,,,,,,,,,,,,,,,,,,,,,,,,,,,,,,,,,,,,,,,,,,,,,,,,,,,,,,,,,,,,,,,,,,,,,,,,,,,,,,,,,,,,,,,,,,,,,,,,,,,,,,,,,,,,,,,,,,,,,,,,,,,,,,,,,,,,,,,,,,,,,,,,,,,,,,,,,,,,,,,,,,,,,,,,,,,"17.688330651735","17.688330651735","17.5744542991338",,"17.7262928895596","17.5554835410942","17.5744542991338",,"17.4985401843572","17.6124165369584","17.688330651735",,"17.8022070043362","17.384663831756","17.3087497169795",,,"17.4036449506684","17.5554835410942","17.5934354180461",,"17.6313976558707","17.5554835410942","17.9160729960646",,"17.5554835410942","17.6503684139103","17.8022070043362",,"17.897102238025","17.5934354180461","17.7832258854238",,,"17.9730163528016","17.9350541149769","17.9919974717139",,"18.1058634634423","18.2576916929954","18.2007586971312",,"18.4095302834212","18.542377394062","18.4474821603731",,"18.3905491645089","18.143825701267","18.1058634634423",,,"18.143825701267","17.9919974717139","17.9160729960646",,"17.9919974717139","17.9730163528016","18.1817775782188",,"18.1058634634423","18.29565393082","18.2007586971312",,"18.352597287557","18.1628068201793","18.143825701267",,,"18.1628068201793","18.08688234453","18.143825701267",,"18.2387209349558","18.1058634634423","18.2387209349558",,"18.2576916929954","18.542377394062","18.3715680455966",,"18.6182915088385","18.5234066360224","18.5234066360224",,,"18.751148980352","18.7701300992644","18.7131867425274",,"18.8270630951286","18.997872443594","18.9219583288175",,"18.9029772099051","19.0548054394582","19.2066440298841",,"19.3015392635729","19.0358346814186","19.1876629109717",,,"19.453367493126","19.5482627268149","19.5103004889902",,"19.7000909563679","19.6051957226791","19.6051957226791",,"19.9278436615703","20.0796718911234","20.1935482437246",,"20.6300621743443","20.7249574080331","20.9147478754109",,,"21.0475949860516","20.9716808712751","21.009632748227",,"21.2373854534294","21.3512618060305","21.2753373303812",,"21.4841089166713","21.4841089166713","21.4081948018948",,"21.5790041503602","21.5030900355836","21.9396039662033",,,"22.3002037820464","22.4011083219412","22.5020128618359",,"22.6029174017306","22.779508117201","22.9560884717986",,"22.8047368423929","22.7290506668172","23.1831262767799",,"23.1074504620771","23.0065459221823","23.1074504620771",,,"23.132679187269","23.1074504620771","23.2083550019718",,"23.4858502573369","23.5867547972316","23.5362973468479",,"23.4101640817613","23.6624306119345","23.9651442316187",,"24.3940014772623","24.1921923974728","24.1921923974728",,,"24.7219438221384","24.6714863717546","24.8228483620331",,"25.3525997866986","25.2012481572929","25.1507907069092",,"25.0246574418226","25.1507907069092","25.5039617769771",,"25.8319041218532","25.5796479525527","25.7562283071503",,,"26.0084948373235","26.210303917113","26.3112084570078",,"26.6139324375647","26.4373417220944","26.4877991724781",,"26.563474987181","26.3616659073915","26.6643795270757",,"26.8409702425461","26.6391508018838","26.891417332057",,,"27.194141312614","27.3202745777006","27.3707216672116",,"27.4463974819145","27.2698171273169","27.1184551370384",,"27.0932264118465","27.3202745777006","27.7491214624714",,"28.228425797626","28.2031970724341","28.4050061522236",,,"28.6320439572049","28.7581772222915","28.8086346726753",,"28.8843104873782","28.8843104873782","28.6320439572049",,"28.6320439572049","28.8843104873782","29.5401951771303",,"29.5654239023222","29.6411100778978","29.5149768128112",,,"29.6158813527059","29.6158813527059","29.9185949723901",,"30.2213189529471","30.2465373172662","30.29699476765",,"30.6753945629098","30.9528794574021","31.1799172623835",,"31.3312792526619","31.2051459875753","31.4069550673648",,,"31.9114881277112","32.0150968553986","32.3259230384607",,"32.6367492215229","32.4295317661481","32.4295317661481",,"32.4295317661481","32.3259230384607","32.947575404585",,"33.4656190430218","33.4656190430218","33.6728364983966",,,"33.9836626814587","33.9836626814587","34.0872714091461",,"34.5017063198956","34.605315047583","34.7089237752703",,"34.7089237752703","34.7089237752703","35.5377935967693",,"35.6414023244567","35.3305761413946","35.3305761413946",,,"35.3305761413946","35.5377935967693","35.8486197798315",,"36.263054690581","36.3666634182683","36.4702721459557",,"36.4702721459557","36.6774896013304","36.8847070567052",,"37.0919245120799","37.0919245120799","37.2991419674547",,,"37.7135768782042","38.0244030612663","38.9568816104527",,"39.5785339765769","40.3037950703885","40.4074037980759",,"40.718229981138","41.0290561642002","42.1687521687613",,"42.375969624136","42.6867958071981","44.1373179948214",,,"46.0022750931941","47.4527972808174","47.7636234638795",,"49.006928196128","49.2141456515027","49.4213631068775",,"50.4574503837512","50.9754940221881","51.5971463883123",,"52.8404511205608","53.2548860313103","53.4621034866851",,,"54.0837558528093","54.0837558528093","54.6017994912462",,"55.5342780404325","55.8451042234947","55.8451042234947",,"55.948712951182","55.8451042234947","57.0884089557432",,"57.9172787772421","57.60645259418","57.60645259418",,,"58.7461485987411","59.1605835094906","59.3678009648654",,"60.7147144248013","61.0255406078634","61.1291493355507",,"61.4399755186129","61.1291493355507","62.579671523174",,"62.9941064339235","62.9941064339235","63.7193675277351",,,"64.3410198938593","64.6518460769215","64.9626722599836",,"66.1023682645447","66.724020630669","66.4131944476068",,"66.2059769922321","66.3095857199195","67.3456729967932",,"67.8637166352301","67.1384555414184","66.9312380860437",,,"67.2420642691058","67.5528904521679","68.1745428182922",,"68.8998039121038","69.3142388228533","69.0034126397912",,"69.2106300951659","69.4178475505407","70.1431086443523",,"70.350326099727","69.6250650059154","69.521456278228",,,"69.6250650059154","69.4178475505407","70.0394999166649",,"70.9719784658513","71.4900221042882","71.5936308319755",,"72.2152831980998","71.4900221042882","72.4225006534745",,"73.3549792026609","73.0441530195988","73.4585879303483",,,"74.1838490241599","74.8055013902841","75.2199363010336",,"76.5668497609695","77.1885021270937","77.6029370378432",,"77.6029370378432","77.3957195824685","78.7426330424044",,"78.8462417700917","79.0534592254665","78.7426330424044",,,"79.5715028639033","79.467894136216","79.7787203192781",,"80.4003726854023","81.125633779214","81.2292425069013",,"81.0220250515266","80.6075901407771","81.8508948730256",,"82.1617210560877","82.0581123284003","82.1617210560877",,,"82.1617210560877","82.0581123284003","82.1617210560877",,"82.783373422212","83.0941996052741","83.0941996052741",,"82.5761559668372","83.1978083329614","84.4411130652099",,"84.7519392482721","83.923069426773","83.8194606990857",,,"83.923069426773","83.6122432437109","84.1302868821478",,"84.4411130652099","85.3735916143963","84.8555479759594",,"84.4411130652099","84.2338956098352","85.2699828867089",,"85.9952439805205","85.4772003420837","85.2699828867089",,,"85.4772003420837","85.9952439805205","86.2024614358953",,"86.40967889127","87.0313312573943","86.40967889127",,"86.6168963466448","85.8916352528332","87.238548712769",,"87.8602010788933","87.3421574404564","87.5493748958312",,,"87.8602010788933","87.4457661681438","87.8602010788933",,"88.3782447173301","88.4818534450175","88.4818534450175",,"88.6890709003923","88.4818534450175","88.5854621727049",,"89.4143319942039","88.6890709003923","88.7926796280797",,,"89.1035058111418","88.9998970834544","88.9998970834544",,"89.2071145388291","89.5179407218913","88.9998970834544",,"88.7926796280797","88.5854621727049","88.9998970834544",,"89.1035058111418","88.6890709003923","88.4818534450175",,,"88.1710272619554","88.1710272619554","88.4818534450175",,"89.3107232665165","89.5179407218913","89.3107232665165",,"88.896288355767","88.9998970834544","89.725158177266",,"89.725158177266","89.3107232665165","89.2071145388291",,,"88.9998970834544","88.7926796280797","89.1035058111418",,"89.6215494495786","89.6215494495786","89.5179407218913",,"89.3107232665165","89.6215494495786","90.2432018157029",,"90.7612454541398","90.3468105433902","90.1395930880155",,,"89.9323756326408","89.6215494495786","90.1395930880155",,"91.6937240033261","92.211767641763","92.1081589140756",,"92.0045501863882","91.9009414587009","92.6262025525125",,"93.3514636463241","92.4189850971377","92.5225938248251",,,"92.9370287355746","93.040637463262","93.3514636463241",,"94.1803334678231","94.5947683785726","94.2839421955105",,"94.0767247401357","94.4911596508852","95.2164207446968",,"96.2525080215706","96.0452905661958","95.9416818385084",,,"96.5633342046327","96.356116749258","96.7705516600075",,"97.3922040261317","97.8066389368812","97.4958127538191",,"97.3922040261317","97.5994214815065","97.7030302091938",,"98.7391174860676","98.9463349414423","98.5319000306928",,,"98.3246825753181","98.2210738476307","98.7391174860676",,"99.7752047629413","99.8788134906287","99.7752047629413",,"98.9463349414423","99.2571611245044","99.7752047629413",,"99.8788134906287","99.6715960352539","99.6715960352539",,,"99.5679873075666","99.6715960352539","99.8788134906287",,"100.60407458444","100.707683312128","100.60407458444",,"100.914900767502","101.122118222877","101.225726950565",,"101.122118222877","100.60407458444","100.707683312128",,,"100.811292039815","100.811292039815","101.225726950565",,"101.432944405939","101.536553133627","101.122118222877",,"100.707683312128","101.122118222877","101.432944405939",,"101.950988044376","101.640161861314","101.329335678252",,,"101.329335678252","101.01850949519","100.914900767502",,"101.225726950565","101.432944405939","101.329335678252",,"100.811292039815","100.914900767502","101.536553133627",,"101.225726950565","100.914900767502","100.914900767502",,,"100.811292039815","100.60407458444","100.811292039815",,"101.432944405939","101.640161861314","101.329335678252",,"101.225726950565","101.122118222877","101.536553133627",,"101.743770589001","101.432944405939","101.536553133627",,,"101.432944405939","101.225726950565","101.329335678252",,"103.401510231999","103.608727687374","103.608727687374",,"103.194292776625","103.297901504312","104.023162598124",,"104.333988781186","103.608727687374","103.401510231999",,,"103.297901504312","103.194292776625","103.608727687374",,"103.815945142749","104.126771325811","103.712336415062",,"103.090684048937","102.98707532125","103.815945142749",,"104.541206236561","104.437597508873","104.023162598124",,,"103.505118959687","103.090684048937","103.194292776625",,"103.712336415062","103.712336415062","103.401510231999",,"102.98707532125","103.297901504312","103.608727687374",,"103.815945142749","103.194292776625","102.883466593563",,,"102.779857865875","102.469031682813","102.676249138188",,"102.883466593563","102.98707532125","102.779857865875",,"102.469031682813","102.779857865875","102.676249138188",,"102.676249138188","102.365422955126","102.469031682813",,,"102.469031682813","102.158205499751","101.950988044376",,"102.158205499751","102.261814227438","101.950988044376",,"101.640161861314","102.054596772064","101.847379316689",,"101.847379316689","101.329335678252","101.225726950565",,,"101.01850949519","100.500465856753","100.707683312128",,"101.01850949519","101.329335678252","101.225726950565",,"100.811292039815","101.122118222877","101.122118222877",,"100.914900767502","100.914900767502","100.914900767502",,,"100.60407458444","100.293248401378","100.60407458444",,"100.914900767502","101.122118222877","100.811292039815",,"100.60407458444","100.811292039815","100.914900767502",,"100.914900767502","100.396857129066","100.500465856753",,,"100.293248401378","100.293248401378","100.500465856753",,"100.500465856753","100.60407458444","100.811292039815",,"100.500465856753","100.60407458444","100.914900767502",,"101.432944405939","101.225726950565","100.707683312128",,,"100.500465856753","100.189639673691","100.500465856753",,"100.60407458444","100.707683312128","100.293248401378",,"100.189639673691","100.293248401378","100.60407458444",,"100.60407458444","100.189639673691","100.293248401378",,,"100.396857129066","100.086030946003","100.293248401378",,"100.500465856753","100.811292039815","100.811292039815",,"100.500465856753","101.225726950565","101.225726950565",,"101.01850949519","100.500465856753","100.60407458444",,,"100.396857129066","99.8788134906287","100.189639673691",,"100.500465856753","100.811292039815","100.60407458444",,"100.500465856753","101.01850949519","101.01850949519",,"101.329335678252","101.122118222877","101.329335678252",,,"101.122118222877","100.914900767502","101.432944405939",,"101.329335678252","102.158205499751","102.5726404105",,"102.779857865875","103.090684048937","103.090684048937",,"102.98707532125","102.158205499751","101.743770589001",,,"101.122118222877","100.811292039815","101.122118222877",,"101.225726950565","101.01850949519","100.811292039815",,"100.500465856753","100.811292039815","100.811292039815",,"100.396857129066","100.189639673691","99.982422218316",,,"100.08788890842","100.08788890842","100.298822288627",,"100.298822288627","100.298822288627","100.08788890842",,"99.5605554579012","99.6660221480049","99.8769555282123",,"100.193355598523","99.8769555282123","99.6660221480049",,,"99.5605554579012","99.5605554579012","99.7714888381086",,"99.8769555282123","99.8769555282123","99.7714888381086",,"99.7714888381086","99.8769555282123","99.8769555282123",,"99.982422218316","99.3496220776938","99.4550887677975",,,"99.6660221480049","99.8769555282123","100.298822288627",,"100.404288978731","100.08788890842","99.5605554579012",,"99.2441553875901","99.4550887677975","99.5605554579012",,"99.5605554579012","99.2441553875901","99.2441553875901",,,"99.3496220776938","99.1386886974864","99.3496220776938",,"99.6660221480049","99.7714888381086","99.7714888381086",,"99.982422218316","100.298822288627","100.615222358938",,"100.720689049042","100.720689049042","100.826155739146",,,"100.720689049042","100.720689049042","100.931622429249",,"103.040956231324","103.462822991738","103.357356301635",,"103.462822991738","103.673756371946","103.884689752153",,"103.568289681842","103.251889611531","103.251889611531",,,"103.146422921427","102.93548954122","103.251889611531",,"103.77922306205","104.095623132361","103.77922306205",,"103.673756371946","103.77922306205","103.884689752153",,"103.884689752153","103.462822991738","103.462822991738",,,"103.040956231324","103.146422921427","103.251889611531",,"103.462822991738","103.568289681842","103.462822991738",,"103.251889611531","103.251889611531","103.357356301635",,"103.990156442257","103.990156442257","103.77922306205",,,"103.568289681842","103.462822991738","103.462822991738",,"103.884689752153","103.990156442257","103.884689752153",,"103.673756371946","103.884689752153","104.201089822464",,"104.201089822464","104.517489892776","104.833889963087",,,"104.93935665319","104.93935665319","104.622956582879",,"104.517489892776","104.728423272983","104.622956582879",,"104.622956582879","105.255756723501","105.361223413605",,"105.677623483916","105.466690103709","105.150290033398",,,"105.150290033398","105.150290033398","105.150290033398",,"105.466690103709","105.466690103709","105.255756723501",,"105.255756723501","105.466690103709","105.572156793813",,"105.888556864124","105.994023554227","105.994023554227",,,"105.994023554227","105.78309017402","105.78309017402",,"105.677623483916","105.572156793813","105.361223413605",,"105.466690103709","105.572156793813","105.361223413605",,"105.255756723501","104.93935665319","104.728423272983",,,"105.255756723501","105.255756723501","105.361223413605",,"104.517489892776","104.833889963087","104.93935665319",,"105.150290033398","105.150290033398","105.572156793813",,"105.361223413605","105.572156793813","105.572156793813",,,"105.78309017402","106.204956934435","106.62682369485",,"107.048690455265","107.365090525576","107.365090525576",,"107.892423976094","108.314290736509","108.736157496924",,"109.368957637546","109.579891017754","109.790824397961",,,"110.423624538583","109.685357707857","110.107224468272",,"110.845491298998","110.845491298998","110.950957989102",,"111.47829143962",,,"2010=100",
JPN,158,Japan,Index,Energy Price Index,34.5,34.6,34.6,34.8,34.7,34.7,34.7,34.7,34.9,35.2,35.3,35.5,35.6,35.7,35.9,36.3,36.4,36.5,36.5,36.5,36.6,36.7,36.7,36.7,36.7,36.7,36.6,36.6,36.6,36.6,36.6,37.2,37.2,37.3,37.4,37.5,37.5,38.1,38.3,38.7,38.8,38.8,38.9,39.1,39.3,40.2,41.5,45.9,46.5,46.3,46.3,48.6,48.7,53.9,54.2,54.4,56.7,57.3,59.6,59.7,59.0,59.0,59.3,59.5,59.5,59.5,59.6,59.7,59.8,59.9,60.0,60.3,60.7,60.7,60.8,60.8,60.7,60.9,64.0,65.1,67.2,67.9,67.9,67.9,67.9,68.5,68.5,68.8,68.9,68.8,68.8,68.7,68.7,68.6,68.5,68.4,68.1,67.8,67.5,67.2,66.9,66.6,66.3,66.0,65.7,63.0,62.6,62.4,62.3,62.2,62.6,66.4,66.9,71.0,72.2,73.9,75.2,76.6,77.0,79.4,80.4,84.0,84.7,98.3,99.6,99.8,99.5,98.8,98.7,98.4,98.2,97.9,97.6,97.5,97.5,97.7,100.1,100.4,100.2,102.2,102.9,103.4,103.4,103.3,103.3,103.2,103.1,103.5,103.8,103.8,103.8,105.7,106.0,106.1,106.1,106.0,105.6,104.5,103.5,101.7,101.2,100.6,100.1,99.3,100.6,101.0,100.6,99.8,99.3,99.2,99.3,99.2,98.8,98.5,98.5,98.5,100.3,100.5,100.0,99.2,98.4,97.7,98.2,98.2,98.0,97.8,97.5,97.1,96.9,96.8,96.8,96.7,96.5,96.2,95.6,94.7,93.9,88.9,87.3,86.5,85.9,85.0,83.9,83.1,81.0,82.3,82.6,84.0,84.0,83.8,83.5,83.4,83.3,83.2,83.0,82.6,81.2,80.8,80.4,80.0,79.8,79.7,79.6,79.9,79.9,79.8,79.4,79.2,79.0,79.4,79.6,79.6,79.8,80.0,80.3,80.3,80.4,80.4,80.6,80.7,80.8,80.9,81.3,81.5,81.5,81.5,81.6,81.7,82.0,85.6,87.3,87.6,87.0,86.1,85.2,84.6,84.3,84.2,84.2,84.1,84.1,84.1,84.3,84.4,84.3,84.0,83.9,83.6,83.6,83.6,83.6,83.6,83.9,84.1,84.2,84.2,84.3,84.3,84.3,84.2,84.2,84.2,84.1,84.1,84.0,83.8,83.1,82.9,82.9,82.7,82.7,82.6,82.6,82.5,82.5,82.4,82.3,82.2,82.1,82.0,81.8,81.5,81.4,81.3,81.0,80.9,80.6,80.5,80.4,80.4,80.3,80.1,78.7,78.7,78.7,78.7,78.6,78.6,79.0,78.8,78.7,79.0,79.1,79.5,79.8,80.1,80.1,81.6,81.9,81.7,81.8,81.7,81.5,81.2,80.9,80.7,80.2,78.6,78.2,77.7,77.6,77.4,77.4,77.3,77.4,76.8,76.8,76.7,76.5,76.3,76.3,75.6,75.6,75.8,75.9,76.1,76.4,77.0,77.3,77.5,77.9,77.8,77.9,78.5,78.6,78.7,79.2,79.3,79.4,78.8,79.0,79.2,79.4,79.2,79.1,79.4,79.1,79.0,79.0,79.0,79.0,79.0,78.8,78.5,78.3,78.1,77.9,77.1,77.5,77.6,77.2,77.1,76.7,76.3,76.4,76.5,76.5,76.7,77.3,77.9,77.8,77.5,77.4,77.4,77.4,77.2,77.1,77.1,76.8,76.8,76.9,77.2,77.4,78.5,78.7,78.7,80.0,79.8,80.3,80.2,79.5,79.2,79.3,80.5,81.0,80.6,81.0,81.9,82.6,83.4,83.4,83.1,84.2,84.8,85.1,84.8,86.1,86.1,86.2,88.0,88.1,87.3,86.0,85.5,85.7,84.7,84.7,84.8,86.2,87.0,87.4,88.5,88.1,88.9,90.6,92.6,92.9,92.6,92.8,89.3,95.2,98.9,102.6,103.5,101.0,98.0,91.1,86.3,85.2,85.8,85.9,86.1,84.2,84.3,84.6,84.2,84.6,84.2,84.0,84.2,84.5,85.6,86.1,86.6,88.2,88.0,87.7,87.8,87.7,87.5,87.3,87.5,88.3,88.8,91.0,92.4,92.9,92.4,93.1,94.0,93.3,92.9,93.1,93.6,93.3,93.4,96.2,97.3,96.3,94.2,93.8,94.9,97.4,97.2,96.4,96.7,96.9,98.1,98.3,98.6,99.9,100.7,101.9,103.5,104.6,104.0,103.7,103.3,103.6,103.7,104.3,106.4,110.0,110.5,110.9,110.6,110.0,109.1,107.7,106.2,103.1,101.7,103.4,103.0,103.6,102.8,101.1,98.8,96.4,95.9,95.6,94.5,92.1,90.5,89.6,89.7,90.3,90.5,89.6,88.7,88.4,88.4,89.2,90.3,91.4,91.9,93.1,93.9,95.0,95.0,94.9,94.9,95.0,95.9,96.7,97.2,97.5,98.4,98.4,98.9,100.3,101.9,101.7,101.9,102.7,104.5,104.6,103.1,102.3,102.7,103.5,103.4,104.0,103.1,102.3,101.6,100.7,101.6,102.3,102.5,103.1,102.5,101.7,98.6,97.1,97.8,97.8,98.1,97.2,95.7,94.5,94.1,94.2,95.0,97.1,99.0,100.8,102.0,103.5,103.5,104.5,106.6,109.2,109.5,111.1,114.4,117.3,117.9,118.1,118.8,120.3,121.0,122.1,122.8,123.8,126.1,127.3,113.6,112.9,,OECDstat,2015,Energy price ,,,,,,,,,,,,,,,,,,,,,,,,,,,,,,,,,,,,,,,,,,,,,,,,,,,,,,,,,,,,,,,,,,,,,,,,,,,,,,,,,,,,,,,,,,,,,,,,,,,,,,,,,,,,,,,,,,,,,,,,,,,,,,,,,,,,,,,,,,,,,,,,,,,,,,,,,,,,,,,,,,,,,,,,,,,,,,,,,,,,,,,,,,,,,,,,,,,,,,,,,,,,,,,,,,,,,,,,,,,,,,,,,,,,,,,,,,,,,,,,,,,,,,,,,,,,,,,,,,,,,,,,,,,,,,,,,,,,,,,,,,,,,,,,,,,,,,,,,,,,,,,,,,,,,,,,,,,,,,,,,,,,,,,,,,,,,,,,,,,,,,,,,,,,,,,,,,,,,,,,,,,,,,,,,,,,,,,,,,,,,,,,,,,,,,,,,,,,,,,,,,,,,,,,,,,,,,,,,,,,,,,,,,,,,,,,,,,,,,,,,,,,,,,,,,,,,,,,,,,,,,,,,,,,,,,,,,,,,,,,,,,,,,,,,,,,,,,,,,,,,,,,,,,,,,,,,,,,,,,,,,,,,,,,,,,,,,,,,,,,,,,,,,,,,,,,,,,,,,,,,,,,,,,,,,,,,,,,,,,,,,,,,,,,,,,,,,,,,,,,,,,,,,,,,,,,,,,,,,,,
JPN,158,Japan,index,Energy Price Index,34.5,34.7,34.7,35.3,35.8,36.4,36.6,36.7,36.7,36.6,37.0,37.4,38.0,38.8,39.1,42.5,46.4,50.4,55.1,58.9,59.1,59.5,59.7,60.1,60.7,60.8,65.4,67.9,68.3,68.9,68.8,68.5,67.8,66.9,66.0,62.7,62.4,68.1,73.8,77.7,83.0,99.2,99.0,98.2,97.5,99.4,101.8,103.4,103.2,103.7,105.2,106.1,104.5,101.2,100.0,100.5,99.2,98.8,99.1,99.9,98.1,98.0,97.2,96.8,96.1,92.5,86.6,84.0,82.0,83.9,83.4,82.9,80.8,79.9,79.8,79.5,79.4,79.8,80.4,80.6,81.0,81.5,81.8,86.8,86.1,84.4,84.1,84.3,84.1,83.6,83.7,84.2,84.3,84.2,84.0,83.2,82.7,82.5,82.4,82.1,81.6,81.1,80.5,80.3,78.7,78.6,78.9,79.2,80.0,81.7,81.7,80.9,79.0,77.5,77.3,76.8,76.4,75.7,76.1,77.2,77.8,78.6,79.3,79.0,79.3,79.2,79.0,78.8,78.1,77.4,77.0,76.4,76.8,77.7,77.4,77.1,76.8,77.7,79.1,80.1,79.4,80.7,81.8,83.3,84.7,85.7,87.4,86.3,85.1,86.0,88.0,90.7,92.8,94.5,102.4,91.8,85.7,84.9,84.5,84.1,85.4,87.6,87.7,87.4,89.4,92.6,93.4,93.2,94.3,95.9,95.3,96.8,97.8,99.7,103.3,103.7,103.9,109.0,110.5,107.7,102.7,103.1,98.8,95.3,90.7,90.2,88.9,89.3,92.1,94.6,94.9,96.6,98.1,100.4,102.1,104.1,102.8,103.5,101.6,102.2,102.4,97.8,97.7,94.8,95.4,100.6,103.8,108.4,114.3,118.3,121.1,124.2,117.9,,OECD,2015,Energy 
JPN,158,Japan,Inflation,Energy Consumer Price Inflation,2.0,9.0,9.4,11.6,14.1,10.4,9.9,9.3,7.9,5.7,6.2,4.5,3.6,3.2,2.2,2.5,2.5,2.9,2.1,2.9,3.1,3.1,3.1,2.7,2.3,2.0,1.5,1.4,0.6,-0.1,0.2,0.2,-0.1,-0.1,-0.2,-0.1,0.0,-0.1,0.1,-0.2,-0.4,-0.2,-0.3,-0.4,0.0,0.0,-0.1,-0.2,-0.1,1.4,-0.4,4.0,17.1,,
JPN,158,Japan,Index,Food Price Index,32.6,32.9,33.4,33.7,32.9,32.4,32.2,31.8,33.0,33.9,33.5,33.7,34.3,34.3,34.1,34.3,33.8,33.9,33.6,33.7,36.3,36.1,34.6,34.5,34.4,34.6,35.2,35.8,35.5,35.2,34.8,35.8,36.1,36.4,35.6,35.9,36.7,37.1,39.0,39.5,40.3,39.2,39.5,40.5,42.7,42.1,41.6,43.7,47.6,50.0,50.1,52.2,50.5,49.6,51.4,53.2,54.2,55.1,54.9,55.0,56.1,56.3,57.8,58.0,57.9,57.1,57.3,57.6,59.9,62.4,60.8,60.1,61.6,62.7,62.7,64.3,63.8,63.0,63.3,62.3,65.4,65.7,64.1,64.1,64.1,65.3,66.1,66.4,66.8,65.4,64.4,65.8,67.9,68.3,65.6,64.6,65.8,66.6,67.8,68.4,68.3,66.9,67.4,69.0,70.2,70.2,67.5,66.7,67.5,67.1,68.2,69.2,69.5,68.5,70.1,68.8,69.5,71.4,69.9,70.4,72.0,73.6,73.8,73.2,72.0,71.8,71.7,72.5,74.9,74.4,74.5,73.6,76.6,76.9,77.6,77.7,76.8,76.7,76.4,76.0,77.4,77.5,76.6,77.0,77.7,77.8,78.1,78.5,77.3,76.7,75.4,78.6,80.4,80.2,77.2,76.5,78.1,78.6,79.9,79.8,80.9,78.8,78.3,79.7,79.8,81.1,78.8,78.3,80.2,82.8,83.2,82.4,81.4,79.5,80.5,79.9,81.7,81.9,80.0,80.7,82.3,81.9,82.3,82.6,82.2,82.0,82.9,82.9,82.1,84.3,81.2,81.5,83.9,83.5,82.8,82.6,82.5,81.8,81.5,81.9,82.3,82.2,80.6,80.2,80.3,80.0,80.7,81.8,81.9,81.1,79.4,80.3,82.7,82.3,80.2,80.0,80.5,80.4,81.2,81.3,81.0,80.4,80.3,81.7,83.3,84.3,82.4,81.3,81.6,80.8,81.5,83.3,83.7,83.6,83.1,83.1,84.9,86.7,82.8,82.8,84.8,85.9,86.0,86.5,87.3,85.7,85.4,87.0,88.2,90.6,88.8,87.8,91.3,90.7,91.5,91.9,92.3,90.8,90.7,91.9,90.9,94.0,94.3,92.1,92.4,92.1,92.3,93.8,93.1,92.0,90.3,91.6,92.0,91.9,90.3,90.1,91.7,92.4,92.5,92.5,92.2,91.5,93.3,95.0,94.2,93.1,91.1,91.8,94.1,94.6,95.4,93.8,93.0,91.6,90.9,93.2,93.1,94.4,93.1,92.0,93.7,93.1,91.9,91.8,92.4,92.3,90.9,91.9,92.3,91.2,89.5,89.8,91.4,91.4,91.1,92.2,92.3,91.1,91.7,91.9,91.9,92.2,90.7,91.8,92.3,92.2,91.5,94.0,94.0,94.2,93.2,94.3,94.1,94.5,91.7,91.3,93.4,94.0,94.7,94.4,95.8,94.4,92.9,92.7,94.5,97.7,97.4,95.8,95.6,94.8,94.2,94.9,94.7,93.5,92.9,94.6,94.6,94.9,92.4,91.1,92.4,91.9,92.2,92.0,91.8,91.6,90.8,91.5,91.7,92.1,91.2,91.7,93.6,93.2,92.1,91.5,91.6,90.8,90.0,91.4,90.9,91.0,89.0,88.7,90.2,89.1,89.1,89.8,90.8,90.4,89.8,90.7,90.6,90.3,90.5,90.2,91.0,90.5,90.3,90.5,90.8,90.1,89.1,89.5,90.0,90.0,88.7,89.2,90.9,91.5,91.1,90.2,90.5,91.0,89.8,89.8,90.5,92.7,92.9,90.7,91.2,91.0,91.2,90.3,90.5,89.0,89.0,88.9,89.6,89.3,88.5,88.8,91.1,89.8,89.4,89.7,90.4,90.5,89.7,91.7,91.3,90.7,89.3,89.7,90.9,89.8,90.2,90.4,90.8,90.1,90.0,91.1,91.3,91.6,90.2,90.6,91.3,91.1,91.9,92.3,93.2,93.9,93.6,94.2,94.3,94.9,94.1,94.2,94.8,93.7,94.1,94.0,94.1,93.5,92.7,94.1,93.8,92.4,91.5,91.3,92.9,92.8,92.9,93.7,93.4,93.2,92.0,92.6,93.6,93.7,93.2,92.1,93.0,93.1,92.8,92.8,92.0,92.2,92.3,92.3,92.6,93.5,91.8,92.1,94.3,94.4,94.7,93.8,93.3,92.5,91.8,91.6,91.5,91.6,91.3,91.8,93.6,92.3,91.7,91.6,91.4,91.3,91.9,92.2,93.5,93.2,93.5,94.2,95.0,94.6,94.5,96.8,97.0,96.7,96.7,97.3,98.9,97.0,96.2,97.3,99.2,98.7,98.7,99.9,100.6,100.0,99.9,100.6,101.6,101.3,99.7,99.9,101.0,101.8,101.7,101.3,101.3,101.2,101.1,101.1,102.1,104.2,104.1,103.0,103.1,102.5,102.1,102.4,102.3,102.0,101.6,102.0,103.1,102.2,103.7,105.1,107.1,106.2,104.3,102.9,102.9,102.4,103.3,104.6,105.4,105.3,104.1,103.4,104.8,104.1,103.7,103.7,103.8,104.1,104.2,104.6,105.8,105.6,105.3,105.1,105.9,105.2,105.1,106.2,106.2,105.7,106.1,107.3,106.5,106.3,105.1,104.2,105.8,105.2,104.6,104.4,104.8,105.6,105.2,105.6,107.5,106.8,106.7,106.8,108.3,108.6,108.9,109.3,109.8,109.9,110.3,111.0,112.4,113.7,114.5,114.6,116.5,117.0,117.5,,OECDstat,2015,Food and non-acoholic beverage,
JPN,158,Japan,index,Food Price Index,32.9,33.0,32.3,33.7,34.2,34.0,34.5,35.1,34.7,35.5,35.6,36.0,37.6,39.6,40.9,42.4,49.2,50.7,52.9,55.0,56.7,57.7,58.3,61.1,62.3,63.7,63.6,64.6,65.2,66.2,66.0,66.2,66.7,67.9,68.9,68.1,67.6,69.1,69.5,70.6,73.1,72.4,73.1,74.2,77.0,77.1,76.6,77.0,77.9,77.5,78.1,78.0,78.9,79.8,79.2,79.4,82.1,81.1,80.7,80.9,82.2,82.3,82.7,82.4,83.4,82.3,81.9,81.0,80.3,81.6,80.8,80.8,80.7,80.9,81.8,82.7,81.3,83.5,83.7,84.1,85.6,86.5,86.9,89.1,91.2,91.6,91.2,93.5,92.2,93.0,91.3,90.8,92.2,92.1,94.2,92.0,94.7,92.8,92.4,93.2,92.9,92.1,91.7,90.2,91.3,91.9,91.8,91.5,92.0,94.1,93.9,92.5,94.0,94.8,93.4,96.9,94.9,94.4,94.0,92.8,92.2,91.8,91.3,91.6,92.9,91.3,90.8,89.6,89.4,90.3,90.4,90.3,90.6,90.5,89.5,89.3,91.2,90.6,90.0,92.1,91.1,89.9,89.2,88.9,90.1,90.2,90.9,89.9,90.3,90.4,90.8,90.8,91.4,93.1,94.1,94.4,94.2,93.8,93.5,91.8,92.9,93.4,92.7,93.0,93.0,92.3,92.4,92.5,94.5,93.2,91.6,91.6,92.6,91.4,92.5,93.6,94.7,96.8,97.6,96.8,98.9,100.1,100.7,100.3,101.5,101.3,101.5,103.8,102.6,102.2,102.2,103.6,105.9,102.8,104.4,104.2,104.2,103.9,104.9,105.3,105.4,106.0,106.6,105.2,105.2,104.9,106.1,106.8,108.6,109.7,111.2,114.3,117.0,,OECD,2015,Food and non-acoholic beverage,
JPN,158,Japan,Inflation,Food Consumer Price Inflation,6.2,6.0,3.8,13.1,27.7,13.0,9.1,6.7,3.5,2.1,6.0,5.3,1.8,2.1,2.8,1.7,0.2,-0.9,0.7,2.2,4.0,4.8,0.5,1.1,0.9,-1.2,-0.1,1.8,1.5,-0.5,-2.0,-0.6,-0.8,-0.2,1.0,-0.9,0.5,0.3,2.6,0.2,-0.3,-0.4,0.1,-0.1,3.8,3.1,1.7,0.7,1.4,0.2,1.2,-0.1,4.9,,Food and non-acoholic beverage
JPN,158,Japan,Index,Headline Consumer Price Index,30.8,30.8,31.2,31.5,31.4,31.4,31.4,31.3,31.8,32.3,32.3,32.5,32.8,32.8,32.9,33.3,33.4,33.5,33.5,33.5,34.3,34.4,34.1,34.1,34.1,34.3,34.6,35.0,35.1,35.1,35.1,35.4,35.6,35.8,35.7,36.0,36.3,36.7,37.6,38.3,38.9,39.0,39.3,39.6,40.7,40.9,41.2,42.6,44.4,45.8,46.1,47.2,47.4,47.7,48.7,49.2,49.9,51.0,51.4,51.5,52.1,52.2,52.6,53.6,53.9,53.9,54.1,53.9,55.1,55.9,55.7,55.7,56.7,57.1,57.3,58.6,58.8,58.9,59.4,58.9,60.5,60.8,60.8,61.5,62.0,62.4,62.7,63.7,64.3,64.1,63.9,64.0,65.1,65.5,64.7,64.6,64.9,65.3,65.8,66.5,66.9,66.6,66.8,67.0,67.7,67.8,67.2,67.1,67.2,67.0,67.6,68.4,69.0,69.1,69.7,69.0,69.9,70.8,70.5,71.0,71.6,72.2,72.6,73.9,74.5,74.8,74.9,74.7,75.9,76.2,76.3,76.0,76.9,76.8,77.0,77.6,78.3,78.4,78.2,77.9,79.0,79.3,79.2,79.3,79.3,79.2,79.3,79.9,80.2,80.2,79.7,80.3,81.5,81.8,81.0,80.9,81.0,80.7,81.1,81.5,82.4,81.9,81.5,81.3,82.3,83.0,82.6,82.3,82.6,83.1,83.2,83.4,84.0,83.4,83.6,82.9,84.2,84.7,84.3,84.5,84.7,84.4,84.7,85.3,85.4,85.4,85.6,85.4,85.5,86.3,85.6,85.7,86.0,85.9,85.8,86.1,86.3,85.9,85.7,85.5,85.9,86.0,85.6,85.4,85.1,85.1,85.4,86.2,86.3,86.2,85.8,85.8,86.6,86.6,86.2,86.1,85.8,85.7,86.0,86.4,86.5,86.3,86.2,86.4,87.1,87.6,87.2,86.9,86.8,86.5,86.9,88.5,89.0,89.0,88.8,88.7,89.5,90.1,89.2,89.3,89.7,89.8,90.1,90.9,91.3,91.0,90.8,91.1,91.8,92.8,92.7,92.6,93.3,92.9,93.5,94.0,94.5,94.1,94.0,94.2,94.4,95.4,95.5,95.1,94.9,94.8,95.3,96.3,96.3,96.3,95.5,95.8,96.3,96.3,96.2,96.2,96.1,96.2,96.4,97.1,97.1,97.1,97.3,97.6,97.7,97.6,97.1,97.1,97.2,97.2,97.7,97.9,98.0,97.6,97.1,97.6,97.9,98.3,98.0,97.8,97.8,97.5,97.4,97.7,97.9,97.8,97.3,97.4,98.0,97.7,97.4,97.4,97.3,97.1,97.3,97.9,98.1,97.8,97.7,97.6,98.0,98.2,97.9,98.0,97.9,97.7,97.8,99.8,100.0,100.0,99.6,99.7,100.4,100.7,100.0,99.8,99.7,99.6,100.0,100.2,100.5,100.1,99.5,99.4,100.2,100.9,100.8,100.4,99.9,99.5,99.6,100.1,100.1,99.8,99.4,99.7,100.0,100.2,99.6,99.3,99.2,98.9,99.1,99.3,99.4,99.2,98.9,99.2,99.1,99.1,98.8,98.9,98.9,98.5,98.4,98.5,98.7,98.4,98.1,98.4,98.3,98.3,97.8,97.7,97.5,97.0,97.2,97.5,97.8,97.7,97.3,97.6,97.6,97.4,97.4,97.4,97.1,96.8,97.1,97.4,97.6,97.3,97.1,97.3,97.4,97.4,96.9,97.0,96.8,96.8,97.0,97.0,97.1,97.3,97.0,97.1,97.4,97.9,97.7,97.2,97.0,96.7,97.0,97.1,97.2,96.8,96.7,96.8,97.1,97.1,96.7,96.8,96.9,96.6,96.8,97.0,97.3,97.3,97.0,97.7,97.7,97.5,97.0,97.1,96.9,96.4,96.7,97.0,97.3,97.1,97.0,97.5,97.5,97.7,97.6,97.7,97.6,97.4,97.8,97.7,98.5,99.1,99.3,99.6,99.6,99.5,98.5,98.1,97.6,97.3,97.6,97.7,97.5,97.3,97.0,97.3,97.3,96.9,96.7,96.5,96.6,96.6,96.8,96.8,96.8,96.6,96.1,96.2,96.4,96.7,96.4,96.2,96.1,96.1,96.3,96.4,96.4,96.3,96.3,96.4,96.4,96.5,95.9,96.0,96.2,96.4,96.8,96.9,96.6,96.1,95.8,96.0,96.1,96.1,95.8,95.8,95.9,95.7,95.9,96.2,96.3,96.3,96.5,96.8,97.1,97.2,97.2,97.3,97.2,97.2,97.4,99.5,99.9,99.8,99.9,100.1,100.3,100.0,99.7,99.7,99.6,99.4,99.7,100.2,100.5,100.2,100.1,100.2,100.3,100.3,99.9,99.9,99.5,99.6,99.7,99.9,100.0,99.9,99.7,99.7,99.8,100.4,100.4,100.2,100.0,99.9,99.9,100.3,100.4,100.3,100.1,100.3,100.6,100.6,100.9,101.2,101.3,101.3,101.0,100.9,101.1,101.0,101.0,101.6,101.7,102.0,101.8,101.5,101.5,101.5,101.5,101.8,101.8,101.6,101.6,101.8,101.9,102.2,102.3,102.3,102.3,102.1,102.1,102.0,101.9,101.7,101.8,101.9,101.7,101.6,101.3,101.1,101.6,101.6,101.7,100.9,101.2,101.3,101.5,101.5,101.9,101.7,101.9,101.9,102.1,102.5,102.9,103.3,103.6,103.6,104.1,104.6,105.0,105.6,105.8,106.0,106.6,105.9,106.3,,OECDstat,2015,
JPN,158,Japan,index,Headline Consumer Price Index,30.9,31.4,31.5,32.3,32.8,33.4,33.8,34.2,34.3,35.1,35.4,35.9,36.9,38.7,39.9,41.6,45.4,47.5,49.2,51.3,52.3,53.8,54.3,55.8,57.0,58.8,59.6,61.0,62.4,64.1,64.3,65.0,65.3,66.6,67.2,67.4,67.3,68.9,69.6,70.7,72.1,74.4,75.2,76.2,76.9,78.1,78.4,79.3,79.3,80.1,80.5,81.2,81.0,81.9,81.7,82.6,82.9,83.6,83.5,84.5,84.6,85.4,85.5,85.9,85.9,86.1,85.7,85.7,85.2,86.3,86.1,86.3,85.9,86.4,86.6,87.2,86.8,88.8,89.0,89.5,89.9,91.1,91.3,92.7,93.2,94.2,94.2,95.3,95.0,96.3,95.9,96.2,96.2,97.1,97.6,97.3,97.4,97.9,97.6,98.1,97.6,97.8,97.6,97.5,97.3,98.0,97.8,98.1,97.8,99.9,99.9,100.1,99.7,100.2,99.7,100.7,99.6,100.0,99.7,99.7,99.0,99.3,99.0,98.9,98.6,98.5,98.3,98.0,97.3,97.7,97.5,97.4,97.0,97.5,97.3,97.1,96.9,97.2,97.2,97.6,96.9,97.1,96.9,96.9,96.8,97.2,97.5,97.2,96.7,97.2,97.4,97.7,97.6,98.4,99.5,98.7,97.5,97.5,97.2,96.7,96.7,96.8,96.2,96.4,96.2,96.4,96.4,96.1,96.5,96.5,96.0,95.9,95.8,96.3,96.8,97.3,97.3,99.7,100.1,99.8,99.5,100.3,100.2,100.0,99.6,99.9,99.7,100.3,99.9,100.3,100.3,100.9,101.2,101.0,101.4,101.8,101.5,101.7,101.8,102.3,102.2,101.9,101.8,101.3,101.6,101.1,101.6,101.8,102.5,103.5,104.6,105.8,106.3,,OECDstat,2015,
JPN,158,Japan,Inflation,Headline Consumer Price Inflation,7.7,6.4,4.8,11.6,23.2,11.7,9.4,8.2,4.2,3.7,7.8,4.9,2.7,1.9,2.3,2.0,0.6,0.1,0.7,2.3,3.1,3.3,1.8,1.2,0.7,-0.1,0.1,1.7,0.7,-0.3,-0.7,-0.7,-0.9,-0.3,0.0,-0.3,0.2,0.1,1.4,-1.4,-0.7,-0.3,-0.1,0.3,2.8,0.8,-0.1,0.5,1.0,0.5,0.0,-0.2,2.5,,Annual average inflation
