"Mexico","273","Financial, Interest Rates, Lending Rate, Percent per annum","FILR_PA","Status",,,,,,,,,,,,,,,,,,,,,,,,,,,,,,,,,,,,,,,,,,,,,,,,,,,,,,,,,,,,,,,,,,,,,,,,,,,,,,,,,,,,,,,,,,,,,,,,,,,,,,,,,,,,,,,,,,,,,,,,,,,,,,,,,,,,,,,,,,,,,,,,,,,,,,,,,,,,,,,,,,,,,,,,,,,,,,,,,,,,,,,,,,,,,,,,,,,,,,,,,,,,,,,,,,,,,,,,,,,,,,,,,,,,,,,,,,,,,,,,,,,,,,,,,,,,,,,,,,,,,,,,,,,,,,,,,,,,,,,,,,,,,,,,,,,,,,,,,,,,,,,,,,,,,,,,,,,,,,,,,,,,,,,,,,,,,,,,,,,,,,,,,,,,,,,,,,,,,,,,,,,,,,,,,,,,,,,,,,,,,,,,,,,,,,,,,,,,,,,,,,,,,,,,,,,,,,,,,,,,,,,,,,,,,,,,,,,,,,,,,,,,,,,,,,,,,,,,,,,,,,,,,,,,,,,,,,,,,,,,,,,,,,,,,,,,,,,,,,,,,,,,,,,,,,,,,,,,,,,,,,,,,,,,,,,,,,,,,,,,,,,,,,,,,,,,,,,,,,,,,,,,,,,,,,,,,,,,,,,,,,,,,,,,,,,,,,,,,,,,,,,,,,,,,,,,,,,,,,,,,,,,,,,,,,,,,,,,,,,,,,,,,,,,,,,,,,,,,,,,,,,,,,,,,,,,,,,,,,,,,,,,,,,,,,,,,,,,,,,,,,,,,,,,,,,,,,,,,,,,,,,,,,,,,,,,,,,,,,,,,,,,,,,,,,,,,,,,,,,,,,,,,,,,,,,,,,,,,,,,,,,,,,,,,,,,,,,,,,,,,,,,,,,,,,,,,,,,,,,,,,,,,,,,,,,,,,,,,,,,,,,,,,,,,,,,,,,,,,,,,,,,,,,,,,,,,,,,,,,,,,,,,,,,,,,,,,,,,,,,,,,,,,,,,,,,,,,,,,,,,,,,,,,,,,,,,,,,,,,,,,,,,,,,,,,,,,,,,,,,,,,,,,,,,,,,,,,,,,,,,,,,,,,,,,,,,,,,,,,,,,,,,,,,,,,,,,,,,,,,,,,,,,,,,,,,,,,,,,,,,,,,,,,,,,,,,,,,,,,,,,,,,,,,,,,,,,,,,,,,,,,,,,,,,,,,,,,,,,,,,,,,,,,,,,,,,,,,,,,,,,,,,,,,,,,,,,,,,,,,,,,,,,,,,,,,,,,,,,,,,,,,,,,,,,,,,,,,,,,,,,,,,,,,,,,,,,,,,,,,,,,,,,,,,,,,,,,,,,,,,,,,,,,,,,,,,,,,,,,,,,"B",,,,,,,,,,,,,,,,,"",,,,,,,,,,,,,,,,,"",,,,,,,,,,,,,,,,,"",,,,,,,,,,,,,,,,,"",,,,,,,,,,,,,,,,,"",,,,,,,,,,,,,,,,,"",,,,,,,,,,,,,,,,,"",,,,,,,,,,,,,,,,,"",,,,,,,,,,,,,,,,,"",,,,,,,,,,,,,,,,,"",,,,,,,,,,,,,,,,,"",,,,,,,,,,,,,,,,,"",,,,,,,,,,,,,,,,,"",,,,,,,,,,,,,,,,,"",,,,,,,,,,,,,,,,,"",,,,,,,,,,,,,,,,,"",,,,,,,,,,,,,,,,,"",,,,,,,,,,,,,,,,,"",,,,,,,,,,,,,,,,,"",,,,,,,,,,,,,,,,,"",,,,,,,,,,,,,,,,,"",,,,,,,,,,,,,,,,,"",,,,,,,,,,,,,,,,,"",,,,,,,,,,,,,,,,,"",,,,,,,,,,,,,,,,,"",,,,,,,,,,,,,,,,,"",,,,,,,,,,,,,,,,,"",,,,,,,,,,,,,,,,,"",,,,,,,,,,,,,,,,,"",,,,,,,,,,,,,,,,,,,,,,,,,,,,,,
"Mexico","273","Financial, Interest Rates, Lending Rate, Percent per annum","FILR_PA","Value",,,,,,,,,,,,,,,,,,,,,,,,,,,,,,,,,,,,,,,,,,,,,,,,,,,,,,,,,,,,,,,,,,,,,,,,,,,,,,,,,,,,,,,,,,,,,,,,,,,,,,,,,,,,,,,,,,,,,,,,,,,,,,,,,,,,,,,,,,,,,,,,,,,,,,,,,,,,,,,,,,,,,,,,,,,,,,,,,,,,,,,,,,,,,,,,,,,,,,,,,,,,,,,,,,,,,,,,,,,,,,,,,,,,,,,,,,,,,,,,,,,,,,,,,,,,,,,,,,,,,,,,,,,,,,,,,,,,,,,,,,,,,,,,,,,,,,,,,,,,,,,,,,,,,,,,,,,,,,,,,,,,,,,,,,,,,,,,,,,,,,,,,,,,,,,,,,,,,,,,,,,,,,,,,,,,,,,,,,,,,,,,,,,,,,,,,,,,,,,,,,,,,,,,,,,,,,,,,,,,,,,,,,,,,,,,,,,,,,,,,,,,,,,,,,,,,,,,,,,,,,,,,,,,,,,,,,,,,,,,,,,,,,,,,,,,,,,,,,,,,,,,,,,,,,,,,,,,,,,,,,,,,,,,,,,,,,,,,,,,,,,,,,,,,,,,,,,,,,,,,,,,,,,,,,,,,,,,,,,,,,,,,,,,,,,,,,,,,,,,,,,,,,,,,,,,,,,,,,,,,,,,,,,,,,,,,,,,,,,,,,,,,,,,,,,,,,,,,,,,,,,,,,,,,,,,,,,,,,,,,,,,,,,,,,,,,,,,,,,,,,,,,,,,,,,,,,,,,,,,,,,,,,,,,,,,,,,,,,,,,,,,,,,,,,,,,,,,,,,,,,,,,,,,,,,,,,,,,,,,,,,,,,,,,,,,,,,,,,,,,,,,,,,,,,,,,,,,,,,,,,,,,,,,,,,,,,,,,,,,,,,,,,,,,,,,,,,,,,,,,,,,,,,,,,,,,,,,,,,,,,,,,,,,,,,,,,,,,,,,,,,,,,,,,,,,,,,,,,,,,,,,,,,,,,,,,,,,,,,,,,,,,,,,,,,,,,,,,,,,,,,,,,,,,,,,,,,,,,,,,,,,,,,,,,,,,,,,,,,,,,,,,,,,,,,,,,,,,,,,,,,,,,,,,,,,,,,,,,,,,,,,,,,,,,,,,,,,,,,,,,,,,,,,,,,,,,,,,,,,,,,,,,,,,,,,,,,,,,,,,,,,,,,,,,,,,,,,,,,,,,,,,,,,,,,,,,,,,,,,,,,,,,,,,,,,,,,,,,,,,,,,,,,,,,,,,,,,,,,,,,,,,,,,,,,,,,,,,,,,,,,,,,,,,,,,,,,,,,,,,,,,,,,,,,,,,,,,,,,,,,"18.225",,,,,,,,,,,,,,,,,"19.3",,,,,,,,,,,,,,,,,"59.4316666666667",,,,,,,,,,,,,,,,,"36.3858333333333",,,,,,,,,,,,,,,,,"22.14",,,,,,,,,,,,,,,,,"26.3583333333333",,,,,,,,,,,,,,,,,"23.7425",,,,,,,,,,,,,,,,,"16.9283333333333",,,,,,,,,,,,,,,,,"12.795",,,,,,,,,,,,,,,,,"8.21083333333334",,,,,,,,,,,,,,,,,"7.0225",,,,,,,,,,,,,,,,,"7.43833333333333",,,,,,,,,,,,,,,,,"9.695",,,,,,,,,,,,,,,,,"7.51183478062322",,,,,,,,,,,,,,,,,"7.56083333333333",,,,,,,,,,,,,,,,,"8.70576785663225",,,,,,,,,,,,,,,,,"7.065",,,,,,,,,,,,,,,,,"5.28083333333333",,,,,,,,,,,,,,,,,"4.91083333333333",,,,,,,,,,,,,,,,,"4.68083333333333",,,,,,,,,,,,,,,,,"4.27083333333333",,,,,,,,,,,,,,,,,"3.55166666666667",,,,,,,,,,,,,,,,,"3.43916666666667",,,,,,,,,,,,,,,,,"4.75416666666667",,,,,,,,,,,,,,,,,"7.3325",,,,,,,,,,,,,,,,,"8.04",,,,,,,,,,,,,,,,,"8.42916666666667",,,,,,,,,,,,,,,,,"6.34166666666667",,,,,,,,,,,,,,,,,"4.89166666666667",,,,,,,,,,,,,,,,,"8.17916666666667",,,,,,,,,,,,,,,,,,,,,,,,,,,,,,"",
"Mexico","273","Financial, Interest Rates, Lending Rate, Percent per annum","FILR_PA","Value",,,,,,,,,,,,,,,,,,,,,,,,,,,,,,,,,,,,,,,,,,,,,,,,,,,,,,,,,,,,,,,,,,,,,,,,,,,,,,,,,,,,,,,,,,,,,,,,,,,,,,,,,,,,,,,,,,,,,,,,,,,,,,,,,,,,,,,,,,,,,,,,,,,,,,,,,,,,,,,,,,,,,,,,,,,,,,,,,,,,,,,,,,,,,,,,,,,,,,,,,,,,,,,,,,,,,,,,,,,,,,,,,,,,,,,,,,,,,,,,,,,,,,,,,,,,,,,,,,,,,,,,,,,,,,,,,,,,,,,,,,,,,,,,,,,,,,,,,,,,,,,,,,,,,,,,,,,,,,,,,,,,,,,,,,,,,,,,,,,,,,,,,,,,,,,,,,,,,,,,,,,,,,,,,,,,,,,,,,,,,,,,,,,,,,,,,,,,,,,,,,,,,,,,,,,,,,,,,,,,,,,,,,,,,,,,,,,,,,,,,,,,,,,,,,,,,,,,,,,,,,,,,,,,,,,,,,,,,,,,,,,,,,,,,,,,,,,,,,,,,,,,,,,,,,,,,,,,,,,,,,,,,,,,,,,,,,,,,,,,,,,,,,,,,,,,,,,,,,,,,,,,,,,,,,,,,,,,,,,,,,,,,,,,,,,,,,,,,,,,,,,,,,,,,,,,,,,,,,,,,,,,,,,,,,,,,,,,,,,,,,,,,,,,,,,,,,,,,,,,,,,,,,,,,,,,,,,,,,,,,,,,,,,,,,,,,,,,,,,,,,,,,,,,,,,,,,,,,,,,,,,,,,,,,,,,,,,,,,,,,,,,,,,,,,,,,,,,,,,,,,,,,,,,,,,,,,,,,,,,,,,,,,,,,,,,,,,,,,,,,,,,,,,,,,,,,,,,,,,,,,,,,,,,,,,,,,,,,,,,,,,,,,,,,,,,,,,,,,,,,,,,,,,,,,,,,,,,,,,,,,,,,,,,,,,,,,,,,,,,,,,,,,,,,,,,,,,,,,,,,,,,,,,,,,,,,,,,,,,,,,,,,,,,,,,,,,,,,,,,,,,,,,,,,,,,,,,,,,,,,,,,,,,,,,,,,,,,,,,,,,,,,,,,,,,,,,,,,,,,,,,,,,,,,,,,,,,,,,,,,,,,,,,,,,,,,,,,,,,,,,,,,,,,,,,,,,,,,,,,,,,,,,,,,,,,,,,,,,,,,,,,,,,,,,,,,,,,,,,,,,,,,,,,,,,,,,,,,,,,,,,,,,,,,,,,,,,,,,,,,,,,,,,,,,,,,,,,,,,,,,,,,,,,,,,,,,,,,,,,,,,,,,,,,,,,,,,,,,,,,,,,,,,,,,,,,,,,,,,,,,,,,,,,,,,"18.72",,,,"17.73",,,,,"13.47",,,,"21.58",,,,"20.8833333333333",,,,"21.2666666666667",,,,,"68.17",,,,"71.0233333333333",,,,"43.0033333333333",,,,"55.53",,,,,"45.6966666666667",,,,"35.3833333333333",,,,"31.9666666666667",,,,"32.4966666666667",,,,,"25.0666666666667",,,,"22.5866666666667",,,,"20.27",,,,"20.6366666666667",,,,,"20.4133333333333",,,,"20.6333333333333",,,,"28.9233333333333",,,,"35.4633333333333",,,,,"30.73",,,,"22.6933333333333",,,,"21.9566666666667",,,,"19.59",,,,,"17.4633333333333",,,,"15.93",,,,"16.1733333333333",,,,"18.1466666666667",,,,,"18.0633333333333",,,,"13.88",,,,"10.2466666666667",,,,"8.99",,,,,"8.33",,,,"7.7",,,,"8.11333333333334",,,,"8.7",,,,,"9.84",,,,"6.93666666666667",,,,"5.22",,,,"6.09333333333333",,,,,"6.29333333333333",,,,"6.97",,,,"7.72666666666667",,,,"8.76333333333333",,,,,"9.63333333333333",,,,"10.23",,,,"9.88333333333333",,,,"9.03333333333333",,,,,"7.95",,,,"7.42",,,,"7.31067245582621",,,,"7.36666666666667",,,,,"7.43",,,,"7.47666666666667",,,,"7.55333333333333",,,,"7.78333333333333",,,,,"7.91205170461531",,,,"7.93435305524701",,,,"8.52666666666667",,,,"10.45",,,,,"9.85",,,,"7.27",,,,"5.70333333333333",,,,"5.43666666666667",,,,,"5.34666666666667",,,,"5.4",,,,"5.27",,,,"5.10666666666667",,,,,"5.07",,,,"4.99333333333333",,,,"4.82",,,,"4.76",,,,,"4.55666666666667",,,,"4.73666666666667",,,,"4.71",,,,"4.72",,,,,"4.65",,,,"4.31",,,,"4.26333333333333",,,,"3.86",,,,,"3.82333333333333",,,,"3.69666666666667",,,,"3.33666666666667",,,,"3.35",,,,,"3.38",,,,"3.43333333333333",,,,"3.38",,,,"3.56333333333333",,,,,"3.95333333333333",,,,"4.33666666666667",,,,"4.81666666666667",,,,"5.91",,,,,"6.94666666666667",,,,"7.37333333333333",,,,"7.4",,,,"7.61",,,,,"7.74",,,,"7.89333333333333",,,,"8.09",,,,"8.43666666666667",,,,,"8.63666666666666",,,,"8.62",,,,"8.44666666666667",,,,"8.01333333333333",,,,,"7.43",,,,"6.65666666666667",,,,"5.94666666666667",,,,"5.33333333333333",,,,,"4.8",,,,"4.49666666666667",,,,"4.81",,,,"5.46",,,,,"6.34",,,,"7.36",,,,"8.79",,,,"10.2266666666667",,,,,"11.2",,,,"11.79",,,,,,,,"",
"Mexico","273","Financial, Interest Rates, Lending Rate, Percent per annum","FILR_PA","Value",,,,,,,,,,,,,,,,,,,,,,,,,,,,,,,,,,,,,,,,,,,,,,,,,,,,,,,,,,,,,,,,,,,,,,,,,,,,,,,,,,,,,,,,,,,,,,,,,,,,,,,,,,,,,,,,,,,,,,,,,,,,,,,,,,,,,,,,,,,,,,,,,,,,,,,,,,,,,,,,,,,,,,,,,,,,,,,,,,,,,,,,,,,,,,,,,,,,,,,,,,,,,,,,,,,,,,,,,,,,,,,,,,,,,,,,,,,,,,,,,,,,,,,,,,,,,,,,,,,,,,,,,,,,,,,,,,,,,,,,,,,,,,,,,,,,,,,,,,,,,,,,,,,,,,,,,,,,,,,,,,,,,,,,,,,,,,,,,,,,,,,,,,,,,,,,,,,,,,,,,,,,,,,,,,,,,,,,,,,,,,,,,,,,,,,,,,,,,,,,,,,,,,,,,,,,,,,,,,,,,,,,,,,,,,,,,,,,,,,,,,,,,,,,,,,,,,,,,,,,,,,,,,,,,,,,,,,,,,,,,,,,,,,,,,,,,,,,,,,,,,,,,,,,,,,,,,,,,,,,,,,,,,,,,,,,,,,,,,,,,,,,,,,,,,,,,,,,,,,,,,,,,,,,,,,,,,,,,,,,,,,,,,,,,,,,,,,,,,,,,,,,,,,,,,,,,,,,,,,,,,,,,,,,,,,,,,,,,,,,,,,,,,,,,,,,,,,,,,,,,,,,,,,,,,,,,,,,,,,,,,,,,,,,,,,,,,,,,,,,,,,,,,,,,,,,,,,,,,,,,,,,,,,,,,,,,,,,,,,,,,,,,,,,,,,,,,,,,,,,,,,,,,,,,,,,,,,,,,,,,,,,,,,,,,,,,,,,,,,,,,,,,,,,,,,,,,,,,,,,,,,,,,,,,,,,,,,,,,,,,,,,,,,,,,,,,,,,,,,,,,,,,,,,,,,,,,,,,,,,,,,,,,,,,,,,,,,,,,,,,,,,,,,,,,,,,,,,,,,,,,,,,,,,,,,,,,,,,,,,,,,,,,,,,,,,,,,,,,,,,,,,,,,,,,,,,,,,,,,,,,,,,,,,,,,,,,,,,,,,,,,,,,,,,,,,,,,,,,,,,,,,,,,,,,,,,,,,,,,,,,,,,,,,,,,,,,,,,,,,,,,,,,,,,,,,,,,,,,,,,,,,,,,,,,,,,,,,,,,,,,,,,,,,,,,,,,,,,,,,,,,,,,,,,,,,,,,,,,,,,,,,,,,,,,,,,,,,,,,,,,,,,,,,,,,,,,,,,,,,,,,,,,,,,,,,,,,,,,,,,,,,,,,,,,,,,,,,,,,,,,,,,,,,,,,,,,,,,,,,,,,,,,,,,,,,,,"18.72",,"18.4","17.95","16.84",,,"13.89","13.06","13.46",,"20.58","22.68","21.48",,"22.51","20.54","19.6",,"19.22","20.47","24.11",,,"53.99","59.7","90.82",,"91.97","67.22","53.88",,"47.35","41.6","40.06",,"46.05","63.12","57.42",,,"47.49","42.54","47.06",,"39.74","33.17","33.24",,"35.74","31.01","29.15",,"30.49","33.96","33.04",,,"27.37","22.84","24.99",,"25.01","20.24","22.51",,"20.69","20.29","19.83",,"19.45","21.55","20.91",,,"19.51","20.37","21.36",,"20.94","19.65","21.31",,"22.18","25.83","38.76",,"35.43","34.09","36.87",,,"34.7","31.31","26.18",,"22.23","22.48","23.37",,"22.03","22.37","21.47",,"20.63","19.29","18.85",,,"18.58","18.16","15.65",,"14.48","15.71","17.6",,"14.92","16.68","16.92",,"17.84","18.52","18.08",,,"18.5","18.28","17.41",,"16.43","13.74","11.47",,"10.92","9.34","10.48",,"10.19","9.05","7.73",,,"7.68","8.74","8.57",,"6.8","7.68","8.62",,"8.38","7.47","8.49",,"8.9","8.67","8.53",,,"9.58","9.95","9.99",,"8.84","5.99","5.98",,"5.31","5.1","5.25",,"5.86","5.64","6.78",,,"5.57","6.27","7.04",,"6.42","7.24","7.25",,"7.54","7.66","7.98",,"8.29","8.85","9.15",,,"9.01","9.77","10.12",,"10.18","10.43","10.08",,"10.01","10.05","9.59",,"9.32","9.19","8.59",,,"8.23","7.94","7.68",,"7.6","7.32","7.34",,"7.28","7.34","7.31201736747864",,"7.36","7.34","7.4",,,"7.44","7.44","7.41",,"7.32","7.59","7.52",,"7.57","7.49","7.6",,"7.67","7.82","7.86",,,"7.9","7.94","7.89615511384593",,"7.97305916574104","7.91","7.92",,"8.3","8.57","8.71",,"9.68","10.98","10.69",,,"10.46","9.74","9.35",,"8.71","6.89","6.21",,"5.68","5.71","5.72",,"5.44","5.55","5.32",,,"5.31","5.43","5.3",,"5.48","5.34","5.38",,"5.33","5.31","5.17",,"5.03","5.15","5.14",,,"5.1","5.05","5.06",,"5.07","5.02","4.89",,"4.92","4.8","4.74",,"4.77","4.77","4.74",,,"4.78","4.72","4.17",,"4.8","4.71","4.7",,"4.66","4.77","4.7",,"4.76","4.69","4.71",,,"4.75","4.75","4.45",,"4.35","4.34","4.24",,"4.39","4.29","4.11",,"4.01","3.77","3.8",,,"3.83","3.79","3.85",,"3.88","3.79","3.42",,"3.35","3.37","3.29",,"3.37","3.31","3.37",,,"3.35","3.35","3.44",,"3.4","3.52","3.38",,"3.36","3.31","3.47",,"3.47","3.56","3.66",,,"3.71","3.9","4.25",,"4.4","4.24","4.37",,"4.73","4.8","4.92",,"5.3","5.58","6.85",,,"6.64","7.02","7.18",,"7.46","7.25","7.41",,"7.35","7.45","7.4",,"7.42","7.43","7.98",,,"7.61","7.73","7.88",,"7.85","7.84","7.99",,"8.07","8.08","8.12",,"8.15","8.34","8.82",,,"8.69","8.6","8.62",,"8.64","8.6","8.62",,"8.56","8.49","8.29",,"8.13","7.92","7.99",,,"7.59","7.43","7.27",,"7.07","6.58","6.32",,"6.13","5.91","5.8",,"5.44","5.26","5.3",,,"5.01","4.78","4.61",,"4.48","4.5","4.51",,"4.7","4.81","4.92",,"5.21","5.39","5.78",,,"5.97","6.44","6.61",,"7.05","7.29","7.74",,"8.43","8.88","9.06",,"9.7","10.2","10.78",,,"10.92","11.22","11.46",,"11.8","11.78","11.79",,"11.76",,,"",
"Mexico","273","Gross Domestic Product, Nominal, Domestic Currency","NGDP_XDC","Value",,,,,,,,,,,,,,,,,,,,,,,,,,,,,,,,,,,,,,,,,,,,,,,,,,,,,,,,,,,,,,,,,,,,,,,,,,,,,,,,,,,,,,,,,,,,,,,,,,,,,,,,,,,,,,,,,,,,,,,,,,,,,,,,,,,,,,,,,,,,,,,,,,,,,,,,,,,,,,,,,,,,,,,,,,,,,,,,,,,,,,,,,,,,,,,,,,,,,,,,,,,,,,,,,,,,,,,,,,,,,,,,,,,,,,,,,,,,,,,,,,,,,,,,,,,,,,,,,,,,,,,,,,,,,,,,,,,,,,,,,,,,,,,,,,,,,,,,,,,,,,,,,,,,,,,,,,,,,,,,,,,,,,,,,,,,,,,,,,,,,,,,,,,,,,,,,,,,,,,,,,,,,,,,,,,,,,,,,,,,,,,,,,,,,,,,,,,,,,,,,,,,,,,,,,,,,,,,,,,,,,,,,,,,,,,,,,,,,,,,,,,,,,,,,,,,,,,,,,,,,,,,,,,,,,,,,,,,,,,,,,,,,,,,,,,,,,,,,,,,,,,,,,,,,,,,,,,,,,,,,,,,,,,,,,,,,,,,,,,,,,,,,,,,,,,,,,,,,,,,,,,,,,,,,,,,,,,,,,,,,,,,,,,,,,,,,,,,,,,,,,,,,,,,,,,,,,,,,,,,,,,,,,,,,,,,,,,,,,,,,,,,,,,,,,,,,,,,,,,,,,,,,,,,,,,,,,,,,,,,,,,,,,,,,,,,,,,,,,,,,,,,,,,,,,,,,,,,,,,,,,,,,,,,,,,,,,,,,,,,,,,,,,,,,,,,,,,,,,,,,,,,,,,,,,,,,,,,,,,,,,,,,,,,,,,,,,,,,,,,,,,,,,,,,,,,,,,,,,,,,,,,,,,,,,,,,,,,,,,,,,,,,,,,,,,,,,,,,,,,,,,,,,,,,,,,,,,,,,,,,,,,,,,,,,,,,,,,,,,,,,,,,,,,,,,,,,,,,,,,,,,,,,,,,,,,,,,,,,,,,,,,,,,,,,,,,,,,,,,,,,,,,,,,,,,,,,,,,,,,,,,,,,,,,,,,,,,,,,,,,,,,,,,,,,,,,,,,,,,,,,,,,,,,,,,,,,,,,,,,,,,,,,,,,,,,,,,,,,,,,,,,,,,,,,,,,,,,,,,,,,,,,,,,,,,,,,,,,,,,,,,,,,,,,,,,,,,,,,,,,,,,,,,,,,,,,,,,,,,,,,,,,,,,,,,,,,,,,,,,,,,,,,,,,,,,,,,,,,,,,,,,,,,,,,,,,,,,,,,,,,,,,,,,,,,,,,,,,,,,,,,,,,,,,,,,,,,,,,,,,,"1651777900000",,,,,,,,,,,,,,,,,"1868526400000",,,,,,,,,,,,,,,,,"2440392400000",,,,,,,,,,,,,,,,,"3284161800000",,,,,,,,,,,,,,,,,"4144914200000",,,,,,,,,,,,,,,,,"5092988000000",,,,,,,,,,,,,,,,,"6034995100000",,,,,,,,,,,,,,,,,"7016603900000",,,,,,,,,,,,,,,,,"7437107700000",,,,,,,,,,,,,,,,,"7827758000000",,,,,,,,,,,,,,,,,"8259533100000",,,,,,,,,,,,,,,,,"9248389800000",,,,,,,,,,,,,,,,,"9999599000000",,,,,,,,,,,,,,,,,"11120115800000",,,,,,,,,,,,,,,,,"12046753200000",,,,,,,,,,,,,,,,,"12927761300000",,,,,,,,,,,,,,,,,"12749117900000",,,,,,,,,,,,,,,,,"13968149500000",,,,,,,,,,,,,,,,,"15268436700000",,,,,,,,,,,,,,,,,"16529124000000",,,,,,,,,,,,,,,,,"16954005700000",,,,,,,,,,,,,,,,,"18137650600000",,,,,,,,,,,,,,,,,"19228614700000",,,,,,,,,,,,,,,,,"20758790500000",,,,,,,,,,,,,,,,,"22536210300000",,,,,,,,,,,,,,,,,"24176670400000",,,,,,,,,,,,,,,,,"25143134200000",,,,,,,,,,,,,,,,,"24079804300000",,,,,,,,,,,,,,,,,"26608701400000",,,,,,,,,,,,,,,,,"29503758300000",,,,,,,,,,,,,,,,,,,,,,,,,,,,,,"",
"Mexico","273","Prices, Consumer Price Index, All items, Index","PCPI_IX","Status",,,,,,,,,,,,,,,,,,,,,,,,,,,,,,,,,,,,,,,,,,,,,,,,,,,,,,,,,,,,,,,,,,,,,,,,,,,,,,,,,,,,,,,,,,,,,,,,,,,,,,,,,,,,,,,,,,,,,,,,,,,,,,,,,,,,,,,,,,,,,,,,,,,,,,,,,,,,,,,,,,,,,,,,,,,,,,,,,,,,,,,,,,,,,,,,,,,,,,,,,,,,,,,,,,,,,,,,,,,,,,,,,,,,,,,,,,,,,,,,,,,,,,,,,,,,,,,,,,,,,,,,,,,,,,,,,,,,,,,,,,,,,,,,,,,,,,,,,,,,,,,,,,,,,,,,,,,,,,,,,,,,,,,,,,,,,,,,,,,,,,,,,,,,,,,,,,,,,,,,,,,,,,,,,,,,,,,,,,,,,,,,,,,,,,,,,,,,,,,,,,,,,,,,,,,,,,,,,,,,,,,,,,,,,,,,,,,,,,,,,,,,,,,,,,,,,,,,,,,,,,,,,,,,,,,,,,,,,,,,,,,,,,,,,,,,,,,,,,,,,,,,,,,,,,,"",,,,,,,,,,,,,,,,,"",,,,,,,,,,,,,,,,,"",,,,,,,,,,,,,,,,,"",,,,,,,,,,,,,,,,,"",,,,,,,,,,,,,,,,,"",,,,,,,,,,,,,,,,,"",,,,,,,,,,,,,,,,,"",,,,,,,,,,,,,,,,,"",,,,,,,,,,,,,,,,,"",,,,,,,,,,,,,,,,,"",,,,,,,,,,,,,,,,,"",,,,,,,,,,,,,,,,,"",,,,,,,,,,,,,,,,,"",,,,,,,,,,,,,,,,,"",,,,,,,,,,,,,,,,,"",,,,,,,,,,,,,,,,,"",,,,,,,,,,,,,,,,,"",,,,,,,,,,,,,,,,,"",,,,,,,,,,,,,,,,,"",,,,,,,,,,,,,,,,,"",,,,,,,,,,,,,,,,,"",,,,,,,,,,,,,,,,,"",,,,,,,,,,,,,,,,,"",,,,,,,,,,,,,,,,,"",,,,,,,,,,,,,,,,,"",,,,,,,,,,,,,,,,,"",,,,,,,,,,,,,,,,,"",,,,,,,,,,,,,,,,,"",,,,,,,,,,,,,,,,,"",,,,,,,,,,,,,,,,,"",,,,,,,,,,,,,,,,,"",,,,,,,,,,,,,,,,,"",,,,,,,,,,,,,,,,,"",,,,,,,,,,,,,,,,,"",,,,,,,,,,,,,,,,,"",,,,,,,,,,,,,,,,,"",,,,,,,,,,,,,,,,,"",,,,,,,,,,,,,,,,,"",,,,,,,,,,,,,,,,,"",,,,,,,,,,,,,,,,,"",,,,,,,,,,,,,,,,,"",,,,,,,,,,,,,,,,,"B",,,,,,,,,,,,,,,,,"",,,,,,,,,,,,,,,,,"",,,,,,,,,,,,,,,,,"",,,,,,,,,,,,,,,,,"",,,,,,,,,,,,,,,,,"",,,,,,,,,,,,,,,,,"",,,,,,,,,,,,,,,,,"",,,,,,,,,,,,,,,,,"",,,,,,,,,,,,,,,,,"B",,,,,,,,,,,,,,,,,"",,,,,,,,,,,,,,,,,"",,,,,,,,,,,,,,,,,"B",,,,,,,,,,,,,,,,,"",,,,,,,,,,,,,,,,,"",,,,,,,,,,,,,,,,,"",,,,,,,,,,,,,,,,,"",,,,,,,,,,,,,,,,,"",,,,,,,,,,,,,,,,,"",,,,,,,,,,,,,,,,,"",,,,,,,,,,,,,,,,,"",,,,,,,,,,,,,,,,,"",,,,,,,,,,,,,,,,,"",,,,,,,,,,,,,,,,,"",,,,,,,,,,,,,,,,,"",,,,,,,,,,,,,,,,,"",,,,,,,,,,,,,,,,,"",,,,,,,,,,,,,,,,,"",,,,,,,,,,,,,,,,,"",,,,,,,,,,,,,,,,,"",,,,,,,,,,,,,,,,,"",,,,,,,,,,,,,,,,,,,,,,,,,,,,,,
"Mexico","273","Prices, Consumer Price Index, All items, Index","PCPI_IX","Status",,,,,,,,,,,,,,,,,,,,,,,,,,,,,,,,,,,,,,,,,,,,,,,,,,,,,,,,,,,,,,,,,,,,,,,,,,,,,,,,,,,,,,,,,,,,,,,,,,,,,,,,,,,,,,,,,,,,,,,,,,,,,,,,,,,,,,,,,,,,,,,,,,,,,,,,,,,,,,,,,,,,,,,,,,,,,,,,,,,,,,,,,,,,,,,,,,,,,,,,,,,,,,,,,,,,,,,,,,,,,,,,,,,,,,,,,,,,,,,,,,,,,,,,,,,,,,,,,,,,,,,,,,,,,,,,,,,,,,,,,,,,,,,,,,,,,,,,,,,,,,,,,,,,,,,,,,,,,,,,,,,,,,,,,,,,,,,,,,,,,,,,,,,,,,,,,,,,,,,,,,,,,,,,,,,,,,,,,,,,,,,,,,,,,,,,,,,,,,,,,,,,,,,,,,,,,,,,,,,,,,,,,,,,,,,,,,,,,,,,,,,,,,,,,,,,,,,,,,,,,,,,,,,,,,,,,,,,,,,,,,,,,,,,,,,,,,,,,,,,,,,,,,,,,,,,,,,,,,,,,,,,,,,,,,,,,,,,,,,,,,,,,,,,,,,,,,,,,,,,,,,,,,,,,,,,,,,,,,,,,,,,,,,,,,,,,,,,,,,,,,,,,,,,,,,,,,,,,,,,,,,,,,,,,,,"",,,,"",,,,"",,,,"",,,,,"",,,,"",,,,"",,,,"",,,,,"",,,,"",,,,"",,,,"",,,,,"",,,,"",,,,"",,,,"",,,,,"",,,,"",,,,"",,,,"",,,,,"",,,,"",,,,"",,,,"",,,,,"",,,,"",,,,"",,,,"",,,,,"",,,,"",,,,"",,,,"",,,,,"",,,,"",,,,"",,,,"",,,,,"",,,,"",,,,"",,,,"",,,,,"",,,,"",,,,"",,,,"",,,,,"",,,,"",,,,"",,,,"",,,,,"",,,,"",,,,"",,,,"",,,,,"B",,,,"",,,,"",,,,"",,,,,"",,,,"",,,,"",,,,"",,,,,"",,,,"",,,,"",,,,"",,,,,"",,,,"",,,,"",,,,"",,,,,"",,,,"",,,,"",,,,"",,,,,"",,,,"",,,,"",,,,"",,,,,"",,,,"",,,,"",,,,"",,,,,"B",,,,"",,,,"",,,,"",,,,,"",,,,"",,,,"",,,,"",,,,,"",,,,"",,,,"",,,,"",,,,,"",,,,"",,,,"",,,,"",,,,,"",,,,"",,,,"",,,,"",,,,,"",,,,"",,,,"",,,,"",,,,,"",,,,"",,,,"",,,,"",,,,,"",,,,"",,,,"",,,,"",,,,,"",,,,"",,,,"",,,,"",,,,,"",,,,"",,,,"",,,,"",,,,,"",,,,"",,,,"",,,,"",,,,,"",,,,"",,,,"",,,,"",,,,,"",,,,"",,,,"",,,,"",,,,,"",,,,"",,,,"",,,,"",,,,,"",,,,"",,,,"",,,,"",,,,,"B",,,,"",,,,"",,,,"",,,,,"",,,,"",,,,"",,,,"",,,,,"",,,,"",,,,"",,,,"",,,,,"",,,,"",,,,"",,,,"",,,,,"",,,,"",,,,"",,,,"",,,,,"",,,,"",,,,"",,,,"",,,,,"",,,,"",,,,"",,,,"",,,,,"",,,,"",,,,"",,,,"",,,,,"",,,,"",,,,"",,,,"",,,,,"B",,,,"",,,,"",,,,"",,,,,"",,,,"",,,,"",,,,"",,,,,"",,,,"",,,,"",,,,"",,,,,"B",,,,"",,,,"",,,,"",,,,,"",,,,"",,,,"",,,,"",,,,,"",,,,"",,,,"",,,,"",,,,,"",,,,"",,,,"",,,,"",,,,,"",,,,"",,,,"",,,,"",,,,,"",,,,"",,,,"",,,,"",,,,,"",,,,"",,,,"",,,,"",,,,,"",,,,"",,,,"",,,,"",,,,,"",,,,"",,,,"",,,,"",,,,,"",,,,"",,,,"",,,,"",,,,,"",,,,"",,,,"",,,,"",,,,,"",,,,"",,,,"",,,,"",,,,,"",,,,"",,,,"",,,,"",,,,,"",,,,"",,,,"",,,,"",,,,,"",,,,"",,,,"",,,,"",,,,,"",,,,"",,,,"",,,,"",,,,,"",,,,"",,,,"",,,,"",,,,,"",,,,"",,,,"",,,,"",,,,,"",,,,"",,,,"",,,,"",,,,,"",,,,"",,,,,,,,
"Mexico","273","Prices, Consumer Price Index, All items, Index","PCPI_IX","Status",,,,,,,,,,,,,,,,,,,,,,,,,,,,,,,,,,,,,,,,,,,,,,,,,,,,,,,,,,,,,,,,,,,,,,,,,,,,,,,,,,,,,,,,,,,,,,,,,,,,,,,,,,,,,,,,,,,,,,,,,,,,,,,,,,,,,,,,,,,,,,,,,,,,,,,,,,,,,,,,,,,,,,,,,,,,,,,,,,,,,,,,,,,,,,,,,,,,,,,,,,,,,,,,,,,,,,,,,,,,,,,,,,,,,,,,,,,,,,,,,,,,,,,,,,,,,,,,,,,,,,,,,,,,,,,,,,,,,,,,,,,,,,,,,,,,,,,,,,,,,,,,,,,,,,,,,,,,,,,,,,,,,,,,,,,,,,,,,,,,,,,,,,,,,,,,,,,,,,,,,,,,,,,,,,,,,,,,,,,,,,,,,,,,,,,,,,,,,,,,,,,,,,,,,,,,,,,,,,,,,,,,,,,,,,,,,,,,,,,,,,,,,,,,,,,,,,,,,,,,,,,,,,,,,,,,,,,,,,,,,,,,,,,,,,,,,,,,,,,,,,,,,,,,,,,,,,,,,,,,,,,,,,,,,,,,,,,,,,,,,,,,,,,,,,,,,,,,,,,,,,,,,,,,,,,,,,,,,,,,,,,,,,,,,,,,,,,,,,,,,,,,,,,,,,,,,,,,,,,,,,,,,,,,,,,,"","","",,"","","",,"","","",,"","","",,,"","","",,"","","",,"","","",,"","","",,,"","","",,"","","",,"","","",,"","","",,,"","","",,"","","",,"","","",,"","","",,,"","","",,"","","",,"","","",,"","","",,,"","","",,"","","",,"","","",,"","","",,,"","","",,"","","",,"","","",,"","","",,,"","","",,"","","",,"","","",,"","","",,,"","","",,"","","",,"","","",,"","","",,,"","","",,"","","",,"","","",,"","","",,,"","","",,"","","",,"","","",,"","","",,,"","","",,"","","",,"","","",,"","","",,,"","","",,"","","",,"","","",,"","","",,,"B","","",,"","","",,"","","",,"","","",,,"","","",,"","","",,"","","",,"","","",,,"","","",,"","","",,"","","",,"","","",,,"","","",,"","","",,"","","",,"","","",,,"","","",,"","","",,"","","",,"","","",,,"","","",,"","","",,"","","",,"","","",,,"","","",,"","","",,"","","",,"","","",,,"B","","",,"","","",,"","","",,"","","",,,"","","",,"","","",,"","","",,"","","",,,"","","",,"","","",,"","","",,"","","",,,"","","",,"","","",,"","","",,"","","",,,"","","",,"","","",,"","","",,"","","",,,"","","",,"","","",,"","","",,"","","",,,"","","",,"","","",,"","","",,"","","",,,"","","",,"","","",,"","","",,"","","",,,"","","",,"","","",,"","","",,"","","",,,"","","",,"","","",,"","","",,"","","",,,"","","",,"","","",,"","","",,"","","",,,"","","",,"","","",,"","","",,"","","",,,"","","",,"","","",,"","","",,"","","",,,"","","",,"","","",,"","","",,"","","",,,"","","",,"","","",,"","","",,"","","",,,"B","","",,"","","",,"","","",,"","","",,,"","","",,"","","",,"","","",,"","","",,,"","","",,"","","",,"","","",,"","","",,,"","","",,"","","",,"","","",,"","","",,,"","","",,"","","",,"","","",,"","","",,,"","","",,"","","",,"","","",,"","","",,,"","","",,"","","",,"","","",,"","","",,,"","","",,"","","",,"","","",,"","","",,,"","","",,"","","",,"","","",,"","","",,,"B","","",,"","","",,"","","",,"","","",,,"","","",,"","","",,"","","",,"","","",,,"","","",,"","","",,"","","",,"","","",,,"B","","",,"","","",,"","","",,"","","",,,"","","",,"","","",,"","","",,"","","",,,"","","",,"","","",,"","","",,"","","",,,"","","",,"","","",,"","","",,"","","",,,"","","",,"","","",,"","","",,"","","",,,"","","",,"","","",,"","","",,"","","",,,"","","",,"","","",,"","","",,"","","",,,"","","",,"","","",,"","","",,"","","",,,"","","",,"","","",,"","","",,"","","",,,"","","",,"","","",,"","","",,"","","",,,"","","",,"","","",,"","","",,"","","",,,"","","",,"","","",,"","","",,"","","",,,"","","",,"","","",,"","","",,"","","",,,"","","",,"","","",,"","","",,"","","",,,"","","",,"","","",,"","","",,"","","",,,"","","",,"","","",,"","","",,"","","",,,"","","",,"","","",,"","","",,"","","",,,"","","",,"","","",,"","","",,"","","",,,"","","",,"","","",,"","","",,"","","",,,"","","",,"","","",,"","",,
"Mexico","273","Prices, Consumer Price Index, All items, Index","PCPI_IX","Value",,,,,,,,,,,,,,,,,,,,,,,,,,,,,,,,,,,,,,,,,,,,,,,,,,,,,,,,,,,,,,,,,,,,,,,,,,,,,,,,,,,,,,,,,,,,,,,,,,,,,,,,,,,,,,,,,,,,,,,,,,,,,,,,,,,,,,,,,,,,,,,,,,,,,,,,,,,,,,,,,,,,,,,,,,,,,,,,,,,,,,,,,,,,,,,,,,,,,,,,,,,,,,,,,,,,,,,,,,,,,,,,,,,,,,,,,,,,,,,,,,,,,,,,,,,,,,,,,,,,,,,,,,,,,,,,,,,,,,,,,,,,,,,,,,,,,,,,,,,,,,,,,,,,,,,,,,,,,,,,,,,,,,,,,,,,,,,,,,,,,,,,,,,,,,,,,,,,,,,,,,,,,,,,,,,,,,,,,,,,,,,,,,,,,,,,,,,,,,,,,,,,,,,,,,,,,,,,,,,,,,,,,,,,,,,,,,,,,,,,,,,,,,,,,,,,,,,,,,,,,,,,,,,,,,,,,,,,,,,,,,,,,,,,,,,,,,,,,,,,,,,,,,,,,,,"0.0062979346201401",,,,,,,,,,,,,,,,,"0.00709003869366444",,,,,,,,,,,,,,,,,"0.00810138585892757",,,,,,,,,,,,,,,,,"0.00797761959744215",,,,,,,,,,,,,,,,,"0.00836483118694652",,,,,,,,,,,,,,,,,"0.00970150681104203",,,,,,,,,,,,,,,,,"0.0101718186045982",,,,,,,,,,,,,,,,,"0.0106907528581696",,,,,,,,,,,,,,,,,"0.0119876464695873",,,,,,,,,,,,,,,,,"0.0122985355311756",,,,,,,,,,,,,,,,,"0.0129045481900888",,,,,,,,,,,,,,,,,"0.0131121513596533",,,,,,,,,,,,,,,,,"0.0132693639798707",,,,,,,,,,,,,,,,,"0.0133481913011842",,,,,,,,,,,,,,,,,"0.0136602590890651",,,,,,,,,,,,,,,,,"0.0141476624140679",,,,,,,,,,,,,,,,,"0.0147440979217918",,,,,,,,,,,,,,,,,"0.0151889197591989",,,,,,,,,,,,,,,,,"0.0155434216938851",,,,,,,,,,,,,,,,,"0.0160667692256834",,,,,,,,,,,,,,,,,"0.0168706558939436",,,,,,,,,,,,,,,,,"0.0177933169562223",,,,,,,,,,,,,,,,,"0.01867296380785",,,,,,,,,,,,,,,,,"0.0209290199907437",,,,,,,,,,,,,,,,,"0.0259067813373226",,,,,,,,,,,,,,,,,"0.0297784292486279",,,,,,,,,,,,,,,,,"0.0344907830389098",,,,,,,,,,,,,,,,,"0.0445152272349135",,,,,,,,,,,,,,,,,"0.0522863806905451",,,,,,,,,,,,,,,,,"0.0617979249826717",,,,,,,,,,,,,,,,,"0.0780826987195229",,,,,,,,,,,,,,,,,"0.0998941344101334",,,,,,,,,,,,,,,,,"0.1587451852238",,,,,,,,,,,,,,,,,"0.320466744940648",,,,,,,,,,,,,,,,,"0.530208406745464",,,,,,,,,,,,,,,,,"0.836395534931944",,,,,,,,,,,,,,,,,"1.5576471478797",,,,,,,,,,,,,,,,,"3.61105263368213",,,,,,,,,,,,,,,,,"7.73351187768915",,,,,,,,,,,,,,,,,"9.28082339983958",,,,,,,,,,,,,,,,,"11.7543180636707",,,,,,,,,,,,,,,,,"14.418123874751",,,,,,,,,,,,,,,,,"16.6540715669279",,,,,,,,,,,,,,,,,"18.278086769687",,,,,,,,,,,,,,,,,"19.5513039992386",,,,,,,,,,,,,,,,,"26.3941179264612",,,,,,,,,,,,,,,,,"35.467988935687",,,,,,,,,,,,,,,,,"42.7834846501138",,,,,,,,,,,,,,,,,"49.5982070850547",,,,,,,,,,,,,,,,,"57.8243757365431",,,,,,,,,,,,,,,,,"63.3128119183035",,,,,,,,,,,,,,,,,"67.3444059411695",,,,,,,,,,,,,,,,,"70.732319377097",,,,,,,,,,,,,,,,,"73.9484472925727",,,,,,,,,,,,,,,,,"77.4154528387154",,,,,,,,,,,,,,,,,"80.5028253377382",,,,,,,,,,,,,,,,,"83.4246493200917",,,,,,,,,,,,,,,,,"86.7339792329343",,,,,,,,,,,,,,,,,"91.1790807033324",,,,,,,,,,,,,,,,,"96.0091610619154",,,,,,,,,,,,,,,,,"100",,,,,,,,,,,,,,,,,"103.407378246057",,,,,,,,,,,,,,,,,"107.658982747635",,,,,,,,,,,,,,,,,"111.756904251934",,,,,,,,,,,,,,,,,"116.247985177591",,,,,,,,,,,,,,,,,"119.410675116721",,,,,,,,,,,,,,,,,"122.780095507214",,,,,,,,,,,,,,,,,"130.197802476747",,,,,,,,,,,,,,,,,"136.57664871233",,,,,,,,,,,,,,,,,"141.542522969974",,,,,,,,,,,,,,,,,"146.350487735058",,,,,,,,,,,,,,,,,"154.676672089174",,,,,,,,,,,,,,,,,"166.890369321443",,,,,,,,,,,,,,,,,,,,,,,,,,,,,,"2010=100",
"Mexico","273","Prices, Consumer Price Index, All items, Index","PCPI_IX","Value",,,,,,,,,,,,,,,,,,,,,,,,,,,,,,,,,,,,,,,,,,,,,,,,,,,,,,,,,,,,,,,,,,,,,,,,,,,,,,,,,,,,,,,,,,,,,,,,,,,,,,,,,,,,,,,,,,,,,,,,,,,,,,,,,,,,,,,,,,,,,,,,,,,,,,,,,,,,,,,,,,,,,,,,,,,,,,,,,,,,,,,,,,,,,,,,,,,,,,,,,,,,,,,,,,,,,,,,,,,,,,,,,,,,,,,,,,,,,,,,,,,,,,,,,,,,,,,,,,,,,,,,,,,,,,,,,,,,,,,,,,,,,,,,,,,,,,,,,,,,,,,,,,,,,,,,,,,,,,,,,,,,,,,,,,,,,,,,,,,,,,,,,,,,,,,,,,,,,,,,,,,,,,,,,,,,,,,,,,,,,,,,,,,,,,,,,,,,,,,,,,,,,,,,,,,,,,,,,,,,,,,,,,,,,,,,,,,,,,,,,,,,,,,,,,,,,,,,,,,,,,,,,,,,,,,,,,,,,,,,,,,,,,,,,,,,,,,,,,,,,,,,,,,,,,,,,,,,,,,,,,,,,,,,,,,,,,,,,,,,,,,,,,,,,,,,,,,,,,,,,,,,,,,,,,,,,,,,,,,,,,,,,,,,,,,,,,,,,,,,,,,,,,,,,,,,,,,,,,,,,,,,,,,,,,,"0.00996026991356929",,,,"0.0107099934872986",,,,"0.0112758906078224",,,,"0.0116423420340756",,,,,"0.0120748748650629",,,,"0.0120868896659237",,,,"0.0122250598758223",,,,"0.0124893854947591",,,,,"0.0124653558930376",,,,"0.0125314372977717",,,,"0.0125374446982021",,,,"0.0126095335033666",,,,,"0.0126425742057278",,,,"0.0129375375669014",,,,"0.0134733976852313",,,,"0.0135611057315208",,,,,"0.0134421592030232",,,,"0.013341835615854",,,,"0.01334303709588",,,,"0.0133340259952705",,,,,"0.0134613828843705",,,,"0.013486013226105",,,,"0.0135238598488824",,,,"0.0136307915764831",,,,,"0.0136091649349638",,,,"0.0135911427336366",,,,"0.0136157730754492",,,,"0.0136073627148587",,,,,"0.01388009869438",,,,"0.0138422520716505",,,,"0.0139179453170793",,,,"0.014055514786923",,,,,"0.0141708568752102",,,,"0.0144634172761457",,,,"0.0144315780539188",,,,"0.0146172067271695",,,,,"0.0148088428009286",,,,"0.0149434085705211",,,,"0.0151266342836897",,,,"0.0152359689714986",,,,,"0.0152804237347134",,,,"0.0154348139257501",,,,"0.015559767854684",,,,"0.0156534833014099",,,,,"0.0156991395446868",,,,"0.0157640194693169",,,,"0.0158961822788334",,,,"0.0160145280672818",,,,,"0.0158385112346897",,,,"0.0159297435921654",,,,"0.0160900666031175",,,,"0.0164087554727608",,,,,"0.0166316392417111",,,,"0.016742434039882",,,,"0.01696987692918",,,,"0.0171386733650014",,,,,"0.0175062365496868",,,,"0.0177160923143766",,,,"0.0178959596021977",,,,"0.018054979358628",,,,,"0.0182733040072307",,,,"0.0185444127344405",,,,"0.018829212445563",,,,"0.0190449260441657",,,,,"0.0195708550875424",,,,"0.0202492876147409",,,,"0.0213480719461886",,,,"0.022547865314503",,,,,"0.0244736668114929",,,,"0.0253326296061647",,,,"0.0262163451548357",,,,"0.0276044837767971",,,,,"0.0285214436681629",,,,"0.0293601946653569",,,,"0.0303071294107219",,,,"0.0309249492502699",,,,,"0.0322687772184934",,,,"0.033104921706644",,,,"0.034150917418528",,,,"0.0384385158119739",,,,,"0.0417505124015339",,,,"0.0436117914473082",,,,"0.0454717763204738",,,,"0.047226828770338",,,,,"0.0495358370472303",,,,"0.0512368021639656",,,,"0.0533046811086037",,,,"0.0550682024423807",,,,,"0.0583547742163762",,,,"0.0604330837381445",,,,"0.062762944087384",,,,"0.0656408978887822",,,,,"0.0715115055123579",,,,"0.0756159762112003",,,,"0.08056180441628",,,,"0.0846415087382535",,,,,"0.0915033663018886",,,,"0.0970676682442555",,,,"0.102199230652982",,,,"0.108806272441407",,,,,"0.121517876474358",,,,"0.140070090572102",,,,"0.169272600522246",,,,"0.204120173326494",,,,,"0.258662464889324",,,,"0.300740148667284",,,,"0.339946994322715",,,,"0.382517371883269",,,,,"0.447404234859724",,,,"0.504777540356389",,,,"0.55518728902716",,,,"0.613464562738582",,,,,"0.713017859763638",,,,"0.782315490038231",,,,"0.8650031750368",,,,"0.985245614889106",,,,,"1.18833812434519",,,,"1.38471932711016",,,,"1.65639381209304",,,,"2.0011373279704",,,,,"2.48841692810467",,,,"3.10604968024401",,,,"3.87932734992684",,,,"4.970416576453",,,,,"6.9038782129992",,,,"7.69526022223805",,,,"8.04382313664574",,,,"8.29108593887364",,,,,"8.75912051117366",,,,"9.11356668885075",,,,"9.41016698368598",,,,"9.84043941564792",,,,,"10.8167704971512",,,,"11.4056326569609",,,,"12.0420481675606",,,,"12.7528209330104",,,,,"13.6865110704887",,,,"14.1817614116054",,,,"14.5686826939424",,,,"15.2355403229674",,,,,"16.0611952015531",,,,"16.4868281382369",,,,"16.819139877445",,,,"17.2491230504765",,,,,"17.8097495426349",,,,"18.133138302278",,,,"18.4337814107045",,,,"18.7356778231308",,,,,"19.1023101117293",,,,"19.3888944187648",,,,"19.6784893799742",,,,"20.035522086486",,,,,"21.9688388665191",,,,"25.9362362518",,,,"27.8761192549634",,,,"29.7952773325622",,,,,"32.5149924220518",,,,"34.7888082859015",,,,"36.3888869715961",,,,"38.1792680631985",,,,,"40.8056619552124",,,,"42.195952990565",,,,"43.3780865789669",,,,"44.7542370757112",,,,,"47.04780610043",,,,"48.5791256224743",,,,"50.1507279698219",,,,"52.6151686474925",,,,,"55.7984064148821",,,,"57.2625833537979",,,,"58.4138883883746",,,,"59.822624789118",,,,,"61.6847575347183",,,,"62.7266482219067",,,,"63.684790047967",,,,"65.1550518686218",,,,,"66.284206117286",,,,"67.0397940367432",,,,"67.495992151774",,,,"68.5576314588749",,,,,"69.4294860291115",,,,"70.2400785549151",,,,"71.0395048686319",,,,"72.2202080557295",,,,,"73.2058907830934",,,,"73.5684044241268",,,,"73.9299826281167",,,,"75.089511334954",,,,,"76.3699566320488",,,,"76.7223575629086",,,,"77.471147670453",,,,"79.0983494894512",,,,,"79.7299829187379",,,,"80.1825936781167",,,,"80.548876313063",,,,"81.5498484410351",,,,,"82.6783306281342",,,,"82.6886840090034",,,,"83.4017095429836",,,,"84.9298731002454",,,,,"86.068231867779",,,,"85.9748334740424",,,,"86.7266887272389",,,,"88.1661628626771",,,,,"89.4183770330771",,,,"90.2019826542726",,,,"91.4796080173675",,,,"93.6163551086124",,,,,"94.9403209330104",,,,"95.5801871164708",,,,"96.1784218105411",,,,"97.3377143876393",,,,,"99.4530508688848",,,,"99.3655420957568",,,,"99.7085296237472",,,,"101.472877411611",,,,,"102.897121178876",,,,"102.640243809405",,,,"103.067348016002",,,,"105.024799979947",,,,,"106.890824325286",,,,"106.607341491555",,,,"107.794842490566",,,,"109.342922683131",,,,,"110.831652573959",,,,"111.357686059336",,,,"111.502669719158",,,,"113.335608655281",,,,,"115.439056912353",,,,"115.351393746703",,,,"116.126453287725",,,,"118.075036763584",,,,,"118.980412674863",,,,"118.738892820348",,,,"119.16292279938",,,,"120.760472172292",,,,,"122.185406164948",,,,"121.777065190698",,,,"122.480491142592",,,,"124.677419530618",,,,,"128.268921075996",,,,"129.20295950484",,,,"130.420821339153",,,,"132.898507986998",,,,,"135.074625171285",,,,"135.104986006588",,,,"136.827239127497",,,,"139.29974454395",,,,,"140.616621935218",,,,"140.798260196082",,,,"141.359522422153",,,,"143.395687326445",,,,,"145.389621335085",,,,"144.702120517713",,,,"146.865886300261",,,,"148.444322787174",,,,,"151.187060526228",,,,"153.314952752256",,,,"155.38335844785",,,,"158.821316630363",,,,,"162.176629404183",,,,"165.234055430185",,,,"168.61570575183",,,,"171.535086699575",,,,,"174.268742525586",,,,"174.672887656009",,,,,,,,"2010=100",
"Mexico","273","Prices, Consumer Price Index, All items, Index","PCPI_IX","Value",,,,,,,,,,,,,,,,,,,,,,,,,,,,,,,,,,,,,,,,,,,,,,,,,,,,,,,,,,,,,,,,,,,,,,,,,,,,,,,,,,,,,,,,,,,,,,,,,,,,,,,,,,,,,,,,,,,,,,,,,,,,,,,,,,,,,,,,,,,,,,,,,,,,,,,,,,,,,,,,,,,,,,,,,,,,,,,,,,,,,,,,,,,,,,,,,,,,,,,,,,,,,,,,,,,,,,,,,,,,,,,,,,,,,,,,,,,,,,,,,,,,,,,,,,,,,,,,,,,,,,,,,,,,,,,,,,,,,,,,,,,,,,,,,,,,,,,,,,,,,,,,,,,,,,,,,,,,,,,,,,,,,,,,,,,,,,,,,,,,,,,,,,,,,,,,,,,,,,,,,,,,,,,,,,,,,,,,,,,,,,,,,,,,,,,,,,,,,,,,,,,,,,,,,,,,,,,,,,,,,,,,,,,,,,,,,,,,,,,,,,,,,,,,,,,,,,,,,,,,,,,,,,,,,,,,,,,,,,,,,,,,,,,,,,,,,,,,,,,,,,,,,,,,,,,,,,,,,,,,,,,,,,,,,,,,,,,,,,,,,,,,,,,,,,,,,,,,,,,,,,,,,,,,,,,,,,,,,,,,,,,,,,,,,,,,,,,,,,,,,,,,,,,,,,,,,,,,,,,,,,,,,,,,,,,,"0.00918886627904889","0.0103397223296538","0.0102857759522817",,"0.0104691936353828","0.010726338034154","0.0108630021901813",,"0.0110949716128633","0.011292774996561","0.0113647034997238",,"0.0115445247576308","0.0116344353865845","0.0116703996381658",,,"0.011958113650817","0.0121019706571427","0.012083988531352",,"0.0119940779023985","0.0120660064055613","0.0121199527829333",,"0.0120480242797706","0.012263809789259","0.0122817919150497",,"0.012263809789259","0.0124975774245381","0.012623452305073",,,"0.012569505927701","0.012443631047166","0.0122997740408404",,"0.012443631047166","0.0124795952987474","0.0125874880534916",,"0.0125155595503288","0.0125155595503288","0.0124975774245381",,"0.0125515238019103","0.012569505927701","0.012623452305073",,,"0.0126054701792823","0.012571304140298","0.0126666094069347",,"0.0127978789252788","0.0129147627429184","0.0130136644347673",,"0.0133031766599077","0.0134362443908488","0.0135908906725589",,"0.013493787193307","0.0135171639569069","0.0135818996096635",,,"0.0135315496575035","0.013416464052461","0.013288790959329",,"0.0133337462738058","0.0132833963216278","0.0133193605732092",,"0.0132977820222244","0.0133481319743844","0.0132941855970123",,"0.0132510284951325","0.0133553248247906","0.0133067730851198",,,"0.0134146658398639","0.0134218586901442","0.0134578229417257",,"0.0134740068549193","0.0134380426033379","0.0134560247291286",,"0.0134901907682209","0.0134686122172361","0.0135225585946081",,"0.0136088727983495","0.0135998817354542","0.0135926888851559",,,"0.0135801013971744","0.0135729085467682","0.0135836978222605",,"0.0135459353580822","0.0135729085467682","0.0135639174838728",,"0.0135495317832943","0.0136106710109467","0.0135962853103681",,"0.0135765049719803","0.0135765049719803","0.0135783031845773",,,"0.0139703135267607","0.0137275548285862","0.0138498332840349",,"0.013797685119152","0.0138300529456471","0.0138066761820473",,"0.013824658307838","0.0138983850235979","0.0139379457003914",,"0.013979304589656","0.0140332509670282","0.0140602241557142",,,"0.014106977682806","0.0140853991318032","0.0142256597130426",,"0.0142921935783963","0.0144935933873061","0.0145079790878847",,"0.0143425435306821","0.0144162702464421","0.014439647009934",,"0.0144540327105125","0.0146068807797335","0.0146931949836009",,,"0.0146410468188258","0.0148424466276097","0.0148442448402248",,"0.0148586305408034","0.0149161733433876","0.0149557340200372",,"0.0149899000591474","0.0150798106881009","0.015209281993722",,"0.0151679231044574","0.0151912998679314","0.0152470444579005",,,"0.0152416498202173","0.0152596319460079","0.0152380533950052",,"0.0153891032516291","0.0154214710781243","0.0153909014642262",,"0.0154466460542133","0.0155707227221332","0.0155581352340257",,"0.0155455477460621","0.0155976959108193","0.0157127815158618",,,"0.0157055886655635","0.0156624315637017","0.0156246690995053",,"0.0156732208391941","0.0157037904529664","0.0158098849950956",,"0.0158440510342058","0.0158602349473994","0.0158782170731901",,"0.0159699259147407","0.0159771187650391","0.0159897062530026",,,"0.015795499294517","0.0158521976776458","0.0158678367319063",,"0.0159108441311225","0.0159108441311225","0.0159675425142513",,"0.0160281506609453","0.0160457514084231","0.0161962977399841",,"0.0163663928893707","0.016368354582588","0.0164915189463237",,,"0.0166166450032768","0.016614696932929","0.0166635757889276",,"0.0166850862999705","0.0167202741720565","0.0168219416476189",,"0.0169040603053557","0.0169822555766579","0.0170233149055263",,"0.0170291863623088","0.0171210726175236","0.0172657611151717",,,"0.0174358562645583","0.0175081937019476","0.0175746596825544",,"0.0176645978674215","0.0177017610555944","0.0177819180201139",,"0.0177682270362012","0.0179305026584576","0.0179891491119342",,"0.018006749859412","0.0180360798975851","0.018122108318887",,,"0.0182022652834065","0.0182589636665354","0.01835868307175",,"0.0184740279083555","0.0185111774736588","0.0186480328213072",,"0.0187184221883487","0.018841600174954","0.0189276149733864",,"0.018941305957299","0.0190644703210347","0.0191290018541634",,,"0.0194066223130252","0.0195669498649338","0.0197389930846681",,"0.0200518150384855","0.0202649312099578","0.0204311165957793",,"0.0209550930278517","0.0212913735630597","0.0217977492476543",,"0.0220773313997335","0.0223490940246825","0.0232171705190931",,,"0.0240480974482004","0.0245916226980983","0.02478128028818",,"0.025117560823388","0.0253150379405999","0.025565290054506",,"0.0259348103914522","0.026208521086749","0.0265057039863059",,"0.0270316284887261","0.0277823984533139","0.0279994243883513",,,"0.0283572154346022","0.0285136196000761","0.0286934959698103",,"0.0289359285565861","0.0293230496410101","0.0298216057984745",,"0.0300601286216853","0.0303201619559389","0.0305410976545415",,"0.0306975018200154","0.0309125660618355","0.0311647798689589",,,"0.031766965195203","0.0323613173714473","0.0326780490888298",,"0.0329068043145626","0.0331375076106431","0.0332704531947264",,"0.0335519970400229","0.0338726385209705","0.0350281166945905",,"0.0370008444362748","0.0386724795148369","0.0396422234848099",,,"0.0409052405907748","0.041808518580141","0.0425377780336859",,"0.0431810090659289","0.0435603106232227","0.044094054652773",,"0.044592624433107","0.0455076180902989","0.0463150864380156",,"0.0466689677207014","0.0471792531688611","0.0478322654214516",,,"0.0488958573398568","0.049597748448446","0.0501139053533881",,"0.0506711215871987","0.0511677160514458","0.0518715688532523",,"0.0527513746383582","0.0532773127636479","0.0538853559238049",,"0.0545383681763954","0.0550994805509016","0.0555667585998451",,,"0.0575394863415293","0.0583665035070715","0.0591583328005278",,"0.0596881806893826","0.0604702287624913","0.0611408417625595",,"0.0618818305067998","0.0628183346750346","0.0635886670803175",,"0.064699176161504","0.0655320647838287","0.0666914527210138",,,"0.0699428366229233","0.071559735011574","0.0730319449025765",,"0.0743086393695844","0.0755208295492029","0.0770184597148134",,"0.0791691021330144","0.0808094454801861","0.0817068656356394",,"0.0829444488441267","0.0843834325562606","0.0865966448143729",,,"0.0893866085012518","0.091582233634756","0.093541256769658",,"0.0956508534818601","0.0970976430982546","0.0984545081526517",,"0.100188699448256","0.102253327068024","0.104155665442667",,"0.106466635412777","0.108515610355415","0.11143657155603",,,"0.116973491530571","0.121570024819052","0.12601011307345",,"0.13283938019213","0.140306020509139","0.147064871015038",,"0.154643000896566","0.171996765749127","0.181178034921045",,"0.190570458571219","0.200205369299646","0.221584692108617",,,"0.245695400265337","0.258880839488448","0.271411154914187",,"0.288594906354578","0.301111598910752","0.312513940736521",,"0.327965271854352","0.340695162319215","0.351180548794576",,"0.362833142734252","0.384142035307572","0.400576937607984",,,"0.426024866641189","0.448508867943172","0.467678969994812",,"0.487910566042945","0.504089358395538","0.522332696630683",,"0.539455690072815","0.554789728283693","0.571316448724972",,"0.591278448184417","0.611570666002113","0.637544574029216",,,"0.684837319324422","0.7132882737245","0.740927986241991",,"0.763726812059618","0.781819481357375","0.8014001766977",,"0.829309622032576","0.865565663321132","0.900134239756692",,"0.93432750613574","0.977434216071063","1.04397512246052",,,"1.1362730607936","1.18678965817132","1.24195165407066",,"1.30679160896625","1.37941090352683","1.46795546883741",,"1.54120018933972","1.66407574824065","1.76390549869874",,"1.86473108092202","1.99071537865765","2.14796552433153",,,"2.321883250918","2.48942411226116","2.65394342113485",,"2.88615068201534","3.10373243013103","3.32826592858565",,"3.59782846009989","3.89187946194388","4.14827412773674",,"4.49397351496191","4.8504376937172","5.56683852067988",,,"6.42760498328201","6.96371530527579","7.32031435043978",,"7.54562707703351","7.69162064558597","7.84853294409465",,"7.97953726926491","8.05294682648896","8.09898531418333",,"8.16076230308596","8.2699727615264","8.44252275200855",,,"8.6491925816028","8.76656722577345","8.86160172614472",,"8.99412363898451","9.11792146615498","9.22865496141277",,"9.32096897473194","9.40976964999033","9.49976232633566",,"9.64025770473175","9.77557503040624","10.1054855118058",,,"10.5931937782357","10.8330693523942","11.0240483608237",,"11.1918289846712","11.3871359787614","11.6379330074501",,"11.8501732284094","12.0520859519516","12.2238853223207",,"12.3996176151332","12.728831967898","13.1300132159999",,,"13.4646808034514","13.6997434177927","13.895108990222",,"14.0406693515223","14.1779197623881","14.3266951209057",,"14.4532924477717","14.5538837166385","14.6988719174171",,"14.8698253075862","15.239045941402","15.5977497199138",,,"15.8812416355581","16.0694007099876","16.2329432591135",,"16.3776453796312","16.4856338666717","16.5972051684077",,"16.70200590397","16.8046133575324","16.9508003708327",,"17.0728476592641","17.2147026000427","17.4598188921229",,,"17.6788337661168","17.8232770521127","17.9271378096751",,"18.0305217668026","18.1335923979302","18.2353007421013",,"18.3229230391423","18.4209940771396","18.5574271158314",,"18.6333201221772","18.7155068942618","18.8582064529535",,,"19.0044070891234","19.1021511782511","19.2003720678136",,"19.2944107364196","19.3876320328518","19.484640487023",,"19.5710639715424","19.6622827061485","19.8021214622316",,"19.9060775798809","20.0124858140518","20.1880028655252",,,"20.9478729069823","21.835702562262","23.1229411303131",,"24.965447861827","26.0089051790154","26.8343557145576",,"27.3814092876729","27.835582136095","28.4113663411225",,"28.9959509198888","29.7109472289993","30.6789338487985",,,"31.7818141230287","32.5235929937037","33.2395701494229",,"34.1844796281792","34.8075760592053","35.37436917032",,"35.8772301545669","36.3540850808145","36.935345679407",,"37.3963708312203","37.9629595992915","39.1784737590837",,,"40.1859530777513","40.8612523449499","41.3697804429358",,"41.816719547619","42.198364238478","42.572775185598",,"42.9436578095007","43.3254932205335","43.8651087068664",,"44.2156660093783","44.7103124032776","45.3367328144776",,,"46.3231103081893","47.1340933562537","47.686214636847",,"48.132377237965","48.5157792789978","49.0892203504601",,"49.56256057636","50.0390204393902","50.8506028937154",,"51.5792765638691","52.4927172139306","53.7735121646776",,,"55.1314398029007","55.8723468099235","56.3914326318221",,"56.9089654465903","57.2513081587547","57.6274764560486",,"58.0083310204728","58.3348303353333","58.8985038093176",,"59.2715388466116","59.7986349158143","60.397700604928",,,"61.2086836529924","61.7516231194991","62.0939658316635",,"62.447261330958","62.680702823821","63.0519805109411",,"63.2979414209343","63.6457469037942","64.1106818191726",,"64.5521581531603","65.1040887135797","65.8089087391253",,,"66.1737428089412","66.1299452832903","66.5489302596264",,"66.8846250114432","67.0381002599607","67.1966568388258",,"67.0220661424829","67.4191591674283","68.0467511454109",,"68.3543010487066","68.6117869063517","68.7068064215664",,,"69.3410463598966","69.2964723306804","69.6509393967575",,"70.0313988979643","70.1733491988299","70.5154875679509",,"70.7179234096844","70.9868116091551","71.4137795870563",,"71.7285359883519","72.3086658887705","72.6234222900661",,,"72.917008752058","73.119553576748","73.5811100204743",,"73.7067265007316","73.4688984438687","73.52958832778",,"73.6361600363858","73.8570548663796","74.2967329815848",,"74.5691495042728","75.1880773372122","75.5113071633771",,,"75.9806286427553","76.4351148171774","76.6941264362137",,"76.8098663360366","76.6171980917811","76.7400082609081",,"76.9411363071634","77.4160976545414","78.0562090496541",,"78.5968053825955","79.2672549082291","79.4309881775289",,,"79.4338081115288","79.6984595985649","80.0576810461201",,"80.3427940832426","80.14095764777","80.0640293033373",,"80.3773825490677","80.473355665152","80.7958907249691",,"80.9941988372245","81.5771350487735","82.0782114371074",,,"82.5595346645722","82.685859534047","82.7895976857832",,"82.9109910764755","82.5418930484858","82.613167902049",,"82.8397026000427","83.2624474883788","84.1029785405293",,"84.4706734129538","84.9138798513763","85.4050660364061",,,"85.846160930046","86.0861141545611","86.2724205187298",,"86.2208988260356","85.8002791053516","85.9033224907401",,"86.2681838062951","86.619653841068","87.2922285343536",,"87.6323915873876","88.2506110311095","88.6154859695342",,,"89.026215486914","89.2908805968197","89.9380350154974",,"90.1427050078395","90.0453014904509","90.4179414645275",,"90.9218377868613","91.4469040484989","92.0700822167424",,"92.697483474551","93.7511443210434","94.4004375302427",,,"94.6192071925845","94.8281138973613","95.3736417090852",,"95.707456504902","95.4286917249967","95.6044131195136",,"95.864827894115","96.0942097718478","96.5762277656605",,"96.8683974492176","97.3708769931166","97.7738687205837",,,"98.8367113811628","99.4083542338425","100.114086991649",,"99.7950938779187","99.1662894645449","99.1352429448067",,"99.3504842839311","99.6264291298365","100.148675457474",,"100.766908524066","101.574267888826","102.077455821942",,,"102.574745052537","102.959550249135","103.157068234956",,"103.148880890347","102.388479556977","102.38337098089",,"102.874611657398","103.037323211481","103.290109179126",,"103.987055186063","105.111786543075","105.975558210703",,,"106.725715146161","106.94267296685","107.004084862849",,"106.668403733901","106.331700889737","106.821919851028",,"107.42163943788","107.744011023263","108.218877010554",,"108.766393761234","109.505311829301","109.757062458859",,,"110.199179067716","110.74158724231","111.554191411852",,"111.627863890459","111.256368237426","111.188826050123",,"111.151976187951","111.468217482029","111.887815487495",,"112.419992887046","113.46797299693","114.118860081868",,,"115.139199389405","115.430865026788","115.747106320866",,"115.531170215394","115.161717992795","115.36129303192",,"115.678542418346","116.094039940074","116.606777504755",,"117.25153429839","118.197165789233","118.77641020313",,,"118.668953008002","118.89411179617","119.378173220417",,"119.0691111786","118.474513790703","118.673053491741",,"118.847031158954","119.097760073295","119.543977165891",,"120.159049726743","120.815059010638","121.307307779494",,,"121.769899561307","122.303098676075","122.483220257461",,"122.095336292342","121.550898310183","121.68496096957",,"122.002223978866","122.346078829552","123.093170619357",,"123.840262409163","124.808426126266","125.383570056424",,,"127.515344800278","128.25220581504","129.03921261267",,"129.197850928753","129.04329947354","129.367728112226",,"129.8569253583","130.498603383412","130.906935275749",,"131.730791935552","133.08886942534","133.875862600101",,,"134.58713986582","135.099863807632","135.536871840402",,"135.077358827111","134.858343953117","135.379255239537",,"136.104863764039","136.898940830973","137.477912787479",,"138.19038886572","139.366042509165","140.342802256964",,,"140.462683509135","140.423177187397","140.964005109121",,"141.038930891728","140.632969378695","140.722880317823",,"141.251447656939","141.228288778679","141.598830830842",,"142.36307381343","143.511481717746","144.312506448158",,,"145.011359656834","145.6134904916","145.54401385682",,"144.068657082948","144.623107874237","145.414596595954",,"146.369559752449","146.945807135041","147.282292013293",,"148.181401404572","148.293108935004","148.858458021945",,,"150.137645474083","151.087159482752","152.336376621848",,"152.834973647921","153.146937360956","153.96294724789",,"154.867505786995","155.163122056552","156.119447500004",,"157.427242978228","159.229548621656","159.807158291205",,,"160.752585439005","162.086264369403","163.691038404141",,"164.576524925855","164.866692047586","166.258949317113",,"167.490456725774","168.655212073568","169.701448456147",,"170.661860760469","171.644069656093","172.299329682162",,,"173.468171890825","174.435395629929","174.902660056003",,"174.867240595134","174.487162534275","174.664259838618",,"175.506153177725","176.477463777698",,"2010=100",
MEX,273,Mexico,Index,Energy Price Index,,,,,,,,,,,,,,,,,,,,,,,,,,,,,,,,,,,,,,,,,,,,,,,,,,,,,,,,,,,,,,,,,,,,,,,,,,,,,,,,,,,,,,,,,,,,,,,,,,,,,,,,,,,,,,,,,,,,,,,,,0.0,0.0,0.0,0.0,0.0,0.0,0.0,0.0,0.0,0.0,0.0,0.0,0.0,0.0,0.0,0.0,0.0,0.0,0.0,0.0,0.0,0.0,0.0,0.0,0.0,0.0,0.0,0.0,0.0,0.0,0.0,0.1,0.1,0.1,0.1,0.1,0.1,0.1,0.1,0.2,0.2,0.2,0.2,0.2,0.2,0.2,0.2,0.2,0.2,0.2,0.2,0.3,0.3,0.3,0.3,0.3,0.3,0.3,0.3,0.3,0.4,0.4,0.4,0.4,0.4,0.4,0.4,0.4,0.4,0.4,0.4,0.6,0.7,0.7,0.7,0.7,0.7,0.7,0.8,0.9,1.0,1.0,1.2,1.3,1.3,1.3,1.3,1.7,1.7,1.7,1.8,2.1,2.1,2.2,2.2,3.2,4.0,4.0,4.0,4.0,4.0,4.0,4.0,4.0,4.0,4.0,4.1,4.1,4.1,4.1,4.1,4.0,4.0,4.0,4.0,4.0,4.1,4.3,4.4,4.6,4.7,4.7,4.7,4.7,4.7,5.0,5.1,5.1,5.1,5.2,5.7,6.1,6.1,6.2,6.3,6.2,6.2,6.2,6.2,6.2,6.3,6.3,7.6,8.3,8.3,8.3,8.3,8.3,8.3,8.4,8.4,8.5,8.5,8.6,8.7,8.8,9.0,9.1,9.2,9.2,9.2,9.3,9.4,9.5,9.6,9.8,9.9,10.0,10.1,10.2,10.3,10.3,10.3,10.4,10.5,10.6,10.6,10.8,10.8,10.9,11.5,11.5,13.0,15.3,15.3,15.4,15.7,15.8,16.0,16.4,16.9,17.6,18.3,18.7,19.0,19.7,19.7,19.9,20.2,20.5,20.9,21.5,22.2,23.3,23.7,24.0,24.3,24.4,24.3,24.6,24.9,25.0,25.3,26.0,26.8,27.3,27.8,28.1,28.3,28.4,27.8,28.0,28.2,28.3,28.6,29.3,31.5,32.7,32.9,33.4,33.8,33.9,33.1,33.3,33.8,34.1,34.6,35.3,36.8,37.6,38.0,38.4,38.9,39.2,38.6,39.1,39.5,40.2,40.9,41.7,43.4,44.0,44.4,44.9,44.8,44.4,43.3,43.4,42.2,41.7,42.4,43.0,44.3,44.2,43.5,44.8,45.7,46.1,45.8,46.1,46.0,46.3,46.9,48.3,50.7,50.4,51.3,51.5,52.0,51.8,49.0,49.0,49.0,49.3,49.8,50.4,53.2,53.4,53.7,54.1,54.6,54.5,52.4,53.0,53.4,53.8,54.3,55.2,58.2,58.5,58.8,58.6,59.0,58.4,55.0,55.3,55.6,56.0,56.3,57.7,61.9,62.6,63.6,63.2,63.6,63.4,59.6,59.8,60.1,60.3,60.4,61.2,65.1,65.5,66.0,65.9,65.9,64.4,61.9,62.1,62.4,62.7,63.0,64.8,67.6,67.8,68.3,68.5,69.1,67.5,65.1,65.6,66.2,67.0,67.5,70.0,73.4,73.2,72.4,72.2,72.3,70.6,67.4,67.5,67.5,67.8,67.6,69.7,73.4,73.7,74.6,75.2,75.7,74.1,70.5,70.7,71.1,71.7,72.2,74.7,78.5,78.7,79.4,79.9,80.5,77.9,73.2,73.6,74.1,74.5,74.9,78.7,84.6,85.3,85.8,86.3,86.7,83.8,78.9,79.5,80.0,80.7,80.6,83.4,89.5,90.1,90.6,91.0,91.8,89.2,85.3,86.0,86.6,87.1,87.6,91.3,96.7,97.5,99.3,100.1,100.7,97.5,92.8,93.2,93.8,93.9,94.2,98.4,103.7,103.7,103.4,103.4,104.7,100.6,95.9,96.1,96.2,96.3,96.2,99.3,104.2,103.8,103.0,102.7,102.4,99.5,94.2,94.7,95.7,96.7,96.3,100.4,106.1,106.3,119.6,120.2,119.8,115.2,109.2,108.9,108.1,109.0,110.9,116.7,124.0,125.0,128.0,130.0,130.4,125.6,122.6,125.4,127.0,129.5,132.0,136.5,140.4,139.5,137.4,138.6,141.0,136.4,130.6,128.6,128.1,127.6,128.0,132.2,138.0,138.8,138.6,137.9,132.1,115.8,115.9,122.8,127.6,128.0,127.6,131.3,133.8,135.3,142.3,147.3,151.3,148.1,142.4,143.8,145.9,140.9,142.5,149.0,154.5,150.9,152.1,154.7,159.4,157.0,151.5,152.1,152.9,152.5,151.4,153.8,158.2,155.5,156.1,157.3,156.0,,OECDstat,2015,Energy price ,,,,,,,,,,,,,,,,,,,,,,,,,,,,,,,,,,,,,,,,,,,,,,,,,,,,,,,,,,,,,,,,,,,,,,,,,,,,,,,,,,,,,,,,,,,,,,,,,,,,,,,,,,,,,,,,,,,,,,,,,,,,,,,,,,,,,,,,,,,,,,,,,,,,,,,,,,,,,,,,,,,,,,,,,,,,,,,,,,,,,,,,,,,,,,,,,,,,,,,,,,,,,,,,,,,,,,,,,,,,,,,,,,,,,,,,,,,,,,,,,,,,,,,,,,,,,,,,,,,,,,,,,,,,,,,,,,,,,,,,,,,,,,,,,,,,,,,,,,,,,,,,,,,,,,,,,,,,,,,,,,,,,,,,,,,,,,,,,,,,,,,,,,,,,,,,,,,,,,,,,,,,,,,,,,,,,,,,,,,,,,,,,,,,,,,,,,,,,,,,,,,,,,,,,,,,,,,,,,,,,,,,,,,,,,,,,,,,,,,,,,,,,,,,,,,,,,,,,,,,,,,,,,,,,,,,,,,,,,,,,,,,,,,,,,,,,,,,,,,,,,,,,,,,,,,,,,,,,,,,,,,,,,,,,,,,,,,,,,,,,,,,,,,,,,,,,,,,,,,,,,,,,,,,,,,,,,,,,,,,,,,,,,,,,,,,,,,,,,,,,,,,,,,,,,,,,,,,,,,,
MEX,273,Mexico,index,Energy Price Index,,,,,,,,,,,,,,,,,,,,,,,,,,,,,,,,,,,,,,,,,0.0,0.0,0.0,0.0,0.0,0.0,0.0,0.0,0.0,0.0,0.1,0.1,0.1,0.2,0.2,0.2,0.2,0.3,0.3,0.3,0.4,0.4,0.4,0.5,0.7,0.7,0.9,1.1,1.3,1.7,2.0,2.5,4.0,4.0,4.0,4.1,4.1,4.0,4.0,4.4,4.7,4.8,5.1,5.7,6.2,6.2,6.2,7.4,8.3,8.3,8.5,8.7,9.1,9.3,9.5,9.9,10.2,10.4,10.6,10.8,12.0,15.3,15.8,17.0,18.7,19.8,20.5,22.3,24.0,24.4,25.1,26.7,28.1,28.0,28.4,31.2,33.4,33.4,34.1,36.6,38.5,39.0,40.2,43.0,44.7,43.7,42.1,43.8,44.7,46.0,46.4,49.8,51.6,49.9,49.4,52.3,54.1,53.3,53.8,57.3,58.8,56.2,56.0,60.7,63.4,60.9,60.3,63.9,65.9,62.8,62.7,66.7,68.6,66.1,66.9,72.2,72.3,68.5,67.6,72.3,75.2,71.8,71.6,77.3,79.9,74.9,74.5,82.8,86.3,80.7,80.4,87.7,91.1,86.8,87.1,95.2,100.0,94.5,94.0,101.9,103.8,97.5,96.2,102.4,102.7,96.1,96.2,104.2,119.9,111.1,109.3,121.9,129.5,124.6,129.5,138.8,139.0,131.9,127.9,136.3,136.2,118.2,127.7,133.5,147.0,144.7,143.1,151.5,155.4,153.5,152.3,155.8,156.5,,OECD,2015,Energy 
MEX,273,Mexico,Inflation,Energy Consumer Price Inflation,,,,,,,,,,12.3,17.2,17.8,47.4,135.3,66.7,49.4,159.1,116.8,112.6,6.2,28.7,24.4,19.2,19.2,17.9,40.1,39.3,25.8,14.4,11.8,25.2,8.9,7.6,15.9,5.4,3.9,4.5,3.0,4.9,2.5,3.2,2.2,2.5,2.8,2.9,1.9,1.7,3.9,3.9,2.4,2.6,13.7,5.3,,
MEX,273,Mexico,Index,Food Price Index,0.0,0.0,0.0,0.0,0.0,0.0,0.0,0.0,0.0,0.0,0.0,0.0,0.0,0.0,0.0,0.0,0.0,0.0,0.0,0.0,0.0,0.0,0.0,0.0,0.0,0.0,0.0,0.0,0.0,0.0,0.0,0.0,0.0,0.0,0.0,0.0,0.0,0.0,0.0,0.0,0.0,0.0,0.0,0.0,0.0,0.0,0.0,0.0,0.0,0.0,0.0,0.0,0.0,0.0,0.0,0.0,0.0,0.0,0.0,0.0,0.0,0.0,0.0,0.0,0.0,0.0,0.0,0.0,0.0,0.0,0.0,0.0,0.0,0.0,0.0,0.0,0.0,0.0,0.0,0.0,0.0,0.0,0.0,0.0,0.0,0.0,0.0,0.0,0.0,0.0,0.0,0.0,0.0,0.0,0.0,0.0,0.0,0.0,0.0,0.0,0.0,0.0,0.0,0.0,0.0,0.0,0.0,0.0,0.0,0.0,0.0,0.0,0.1,0.1,0.1,0.1,0.1,0.1,0.1,0.1,0.1,0.1,0.1,0.1,0.1,0.1,0.1,0.1,0.1,0.1,0.1,0.1,0.1,0.1,0.1,0.1,0.1,0.1,0.1,0.1,0.1,0.1,0.1,0.1,0.1,0.1,0.1,0.1,0.1,0.1,0.1,0.1,0.1,0.2,0.2,0.2,0.2,0.2,0.2,0.2,0.2,0.2,0.2,0.3,0.3,0.3,0.3,0.3,0.3,0.3,0.4,0.4,0.4,0.4,0.4,0.4,0.4,0.5,0.5,0.5,0.5,0.6,0.6,0.6,0.6,0.6,0.7,0.7,0.7,0.7,0.8,0.8,0.9,0.9,1.0,1.0,1.1,1.2,1.2,1.3,1.4,1.5,1.5,1.7,1.8,2.0,2.1,2.3,2.5,2.6,2.8,3.0,3.2,3.5,3.8,4.2,4.9,5.3,5.5,5.7,5.8,6.0,6.2,6.2,6.2,6.3,6.4,6.7,6.8,6.8,6.8,7.0,7.1,7.2,7.3,7.4,7.3,7.4,7.5,7.8,8.2,8.5,8.7,8.8,8.9,9.0,9.1,9.3,9.4,9.5,9.7,10.0,10.3,10.4,10.5,10.6,10.7,10.9,10.9,11.0,11.0,11.1,11.2,11.5,11.7,11.8,11.9,12.0,12.0,12.0,12.0,12.0,12.0,12.1,12.1,12.4,12.5,12.5,12.5,12.5,12.6,12.7,12.7,12.7,12.7,12.7,12.7,12.9,13.0,13.0,13.0,13.0,13.1,13.1,13.2,13.3,13.4,13.5,13.6,13.7,14.3,15.1,15.8,16.9,17.8,18.7,19.2,19.5,20.0,20.6,21.4,22.3,23.2,23.8,24.4,25.4,26.0,26.5,26.8,27.1,27.4,27.7,28.2,28.9,30.0,30.4,30.6,30.8,31.0,31.1,31.3,31.6,32.0,32.0,32.3,32.8,33.5,34.2,34.5,34.8,35.3,36.0,36.5,36.8,37.4,38.2,38.8,40.0,41.7,41.8,41.4,41.6,41.9,42.0,42.2,42.2,42.2,42.2,42.3,42.8,43.3,43.4,43.4,43.6,44.0,44.4,44.4,44.6,44.6,44.9,45.0,46.0,46.1,45.0,45.5,46.0,46.3,46.3,46.2,47.0,47.4,47.7,47.6,47.6,48.3,46.9,47.0,47.4,47.6,48.2,48.5,48.7,48.6,48.8,49.4,50.3,50.1,49.9,50.7,50.7,50.6,50.7,50.7,50.7,51.1,51.5,52.0,52.8,53.4,53.8,53.8,53.5,53.4,53.2,53.4,54.4,55.5,56.7,57.3,57.2,56.2,56.5,57.1,58.0,58.5,57.5,58.0,57.9,58.0,57.7,57.3,58.2,59.1,59.1,58.5,58.3,58.5,58.1,58.3,59.2,61.3,62.0,61.3,62.3,62.8,62.8,62.9,63.0,62.4,62.1,62.8,63.5,65.0,64.9,65.4,65.9,66.3,65.9,66.9,67.8,67.9,68.2,68.8,69.3,69.9,70.3,71.6,72.9,73.2,72.9,73.8,74.9,75.0,75.0,75.2,75.4,76.3,75.8,75.5,75.6,76.9,77.3,78.6,77.8,76.7,75.9,75.9,76.4,77.1,77.8,78.6,79.4,79.6,79.9,79.9,81.2,80.1,79.4,80.5,80.6,80.7,81.1,81.9,84.0,85.9,85.5,85.0,84.7,85.1,86.3,87.7,88.0,89.6,89.7,89.7,90.2,90.4,90.4,92.3,93.0,92.6,91.2,90.6,91.3,91.7,91.6,92.8,93.8,94.8,94.5,94.9,94.6,95.1,95.0,95.4,96.4,97.4,97.5,98.4,100.0,99.9,99.4,99.7,99.9,99.3,99.3,99.4,99.6,100.2,100.5,100.8,102.1,103.7,104.7,104.4,104.0,103.9,103.4,103.0,103.3,105.1,105.4,105.9,106.8,107.0,107.2,108.8,110.2,111.2,111.6,113.0,114.2,114.3,113.4,114.3,115.6,116.2,115.5,115.9,115.8,115.3,115.2,116.5,117.6,117.8,117.7,119.6,121.9,122.4,120.6,120.6,121.1,121.5,121.7,122.8,122.2,122.4,122.7,123.9,125.0,126.5,127.7,128.8,129.3,130.7,130.1,130.5,131.3,131.7,132.7,132.6,132.3,133.0,133.2,134.4,136.3,138.1,138.8,140.0,141.7,143.2,143.9,146.9,147.6,148.8,150.0,151.9,153.7,155.4,157.7,159.8,161.9,164.0,164.8,165.2,166.4,167.8,168.5,168.6,,OECDstat,2015,Food and non-acoholic beverage,
MEX,273,Mexico,index,Food Price Index,0.0,0.0,0.0,0.0,0.0,0.0,0.0,0.0,0.0,0.0,0.0,0.0,0.0,0.0,0.0,0.0,0.0,0.0,0.0,0.0,0.0,0.0,0.0,0.0,0.0,0.0,0.0,0.0,0.0,0.0,0.0,0.0,0.0,0.0,0.0,0.0,0.0,0.1,0.1,0.1,0.1,0.1,0.1,0.1,0.1,0.1,0.1,0.1,0.1,0.1,0.1,0.2,0.2,0.2,0.3,0.3,0.3,0.4,0.4,0.5,0.6,0.6,0.7,0.8,0.9,1.1,1.3,1.6,1.9,2.5,3.0,3.8,5.2,5.8,6.2,6.5,6.8,7.1,7.3,7.6,8.4,8.9,9.3,9.7,10.4,10.7,11.0,11.3,11.8,12.0,12.0,12.2,12.5,12.6,12.7,12.8,13.0,13.1,13.3,13.6,15.1,17.8,19.6,21.4,23.8,26.0,27.1,28.3,30.3,31.0,31.6,32.4,34.1,35.4,36.9,39.0,41.6,41.8,42.2,42.5,43.4,44.0,44.6,45.3,45.5,46.2,46.8,47.6,47.4,47.7,48.6,49.5,50.3,50.7,50.8,52.1,53.7,53.4,54.5,57.1,56.6,58.0,58.0,57.7,58.9,58.3,59.6,61.9,62.8,62.5,63.8,65.4,66.4,68.0,69.3,71.6,73.3,75.0,75.6,75.7,77.6,76.8,76.5,78.6,79.8,80.2,80.6,82.3,85.5,85.4,88.4,89.9,91.0,92.3,91.2,92.7,94.7,94.9,96.4,98.6,99.6,99.5,99.7,101.1,104.3,103.8,103.8,106.0,107.7,111.0,113.9,114.4,115.9,115.5,117.3,119.8,121.2,121.4,122.5,123.9,127.7,130.0,131.1,132.5,133.5,137.8,141.6,146.1,150.2,155.6,161.9,165.4,168.3,,OECD,2015,Food and non-acoholic beverage,
MEX,273,Mexico,Inflation,Food Consumer Price Inflation,5.4,4.4,4.1,15.6,30.9,12.4,12.2,28.9,16.5,18.6,25.2,25.8,53.4,89.4,75.5,59.8,84.8,130.9,110.4,21.6,25.9,19.3,10.7,5.5,4.7,39.6,42.3,19.1,16.0,15.7,5.4,5.1,3.8,5.5,7.2,5.4,3.7,6.6,8.1,8.8,3.3,4.4,8.1,5.2,4.7,4.0,4.5,7.0,4.8,4.4,6.6,7.2,13.3,,Food and non-acoholic beverage
MEX,273,Mexico,Index,Headline Consumer Price Index,0.0,0.0,0.0,0.0,0.0,0.0,0.0,0.0,0.0,0.0,0.0,0.0,0.0,0.0,0.0,0.0,0.0,0.0,0.0,0.0,0.0,0.0,0.0,0.0,0.0,0.0,0.0,0.0,0.0,0.0,0.0,0.0,0.0,0.0,0.0,0.0,0.0,0.0,0.0,0.0,0.0,0.0,0.0,0.0,0.0,0.0,0.0,0.0,0.0,0.0,0.0,0.0,0.0,0.0,0.0,0.0,0.0,0.0,0.0,0.0,0.0,0.0,0.0,0.0,0.0,0.0,0.0,0.0,0.0,0.0,0.0,0.0,0.0,0.0,0.0,0.0,0.0,0.0,0.0,0.0,0.0,0.0,0.0,0.0,0.0,0.0,0.0,0.0,0.0,0.0,0.0,0.0,0.0,0.0,0.0,0.0,0.0,0.0,0.0,0.0,0.0,0.0,0.0,0.0,0.0,0.0,0.0,0.0,0.0,0.0,0.0,0.0,0.1,0.1,0.1,0.1,0.1,0.1,0.1,0.1,0.1,0.1,0.1,0.1,0.1,0.1,0.1,0.1,0.1,0.1,0.1,0.1,0.1,0.1,0.1,0.1,0.1,0.1,0.1,0.1,0.1,0.1,0.1,0.1,0.1,0.1,0.1,0.1,0.1,0.1,0.1,0.1,0.2,0.2,0.2,0.2,0.2,0.2,0.2,0.2,0.3,0.3,0.3,0.3,0.3,0.3,0.3,0.3,0.4,0.4,0.4,0.4,0.4,0.4,0.5,0.5,0.5,0.5,0.5,0.5,0.6,0.6,0.6,0.6,0.7,0.7,0.7,0.7,0.8,0.8,0.8,0.9,1.0,1.0,1.0,1.1,1.2,1.2,1.3,1.4,1.5,1.6,1.7,1.8,1.9,2.1,2.2,2.4,2.6,2.8,3.0,3.3,3.5,3.8,4.1,4.7,5.4,5.8,6.1,6.3,6.4,6.6,6.7,6.7,6.8,6.8,6.9,7.1,7.2,7.3,7.4,7.5,7.6,7.7,7.8,7.9,8.0,8.1,8.2,8.5,8.9,9.1,9.2,9.4,9.5,9.7,9.9,10.1,10.2,10.4,10.7,11.0,11.3,11.5,11.6,11.8,11.9,12.0,12.1,12.2,12.3,12.5,12.8,13.1,13.3,13.5,13.6,13.7,13.8,13.9,14.0,14.1,14.2,14.3,14.4,14.6,14.8,14.9,15.0,15.1,15.2,15.3,15.3,15.4,15.5,15.6,15.7,15.8,15.9,16.0,16.1,16.2,16.2,16.3,16.4,16.5,16.6,16.7,16.8,16.9,17.5,18.3,19.4,20.9,21.8,22.5,22.9,23.3,23.8,24.3,24.9,25.7,26.6,27.2,27.8,28.6,29.1,29.6,30.0,30.4,30.9,31.3,31.8,32.8,33.7,34.2,34.6,35.0,35.3,35.7,36.0,36.3,36.7,37.0,37.4,38.0,38.8,39.5,39.9,40.3,40.6,41.1,41.5,41.9,42.6,43.2,44.0,45.0,46.2,46.8,47.2,47.7,47.9,48.3,48.6,48.9,49.3,49.6,50.1,50.6,51.3,51.7,52.0,52.3,52.5,52.8,53.0,53.3,53.7,54.1,54.5,55.1,55.4,55.4,55.7,56.0,56.1,56.3,56.1,56.5,57.0,57.2,57.5,57.5,58.1,58.0,58.3,58.6,58.8,59.1,59.2,59.4,59.8,60.1,60.6,60.8,61.1,61.2,61.6,61.7,61.5,61.6,61.7,61.9,62.2,62.4,63.0,63.2,63.6,64.0,64.2,64.3,64.2,64.3,64.4,64.8,65.4,65.8,66.4,66.5,66.5,66.7,67.0,67.3,67.1,67.0,67.3,67.4,67.7,67.8,68.3,68.7,69.1,69.2,69.3,69.4,69.1,69.2,69.4,69.7,70.4,70.7,71.1,71.5,71.9,72.1,72.2,72.2,71.9,71.9,72.2,72.5,73.1,73.4,73.9,74.2,74.6,74.8,75.3,75.5,75.4,75.7,76.1,76.6,77.1,77.6,78.5,79.1,79.2,79.4,79.9,80.1,79.9,80.1,80.3,80.5,80.9,81.1,81.5,81.9,82.8,83.2,83.8,83.6,83.0,83.0,83.2,83.4,83.9,84.4,85.1,85.5,85.9,86.2,86.4,86.4,85.7,85.7,86.2,86.3,86.5,87.1,88.0,88.7,89.4,89.6,89.6,89.3,89.0,89.5,90.0,90.2,90.6,91.1,91.7,91.9,92.3,92.7,93.4,93.5,93.2,93.1,93.1,93.3,93.7,94.1,95.0,95.6,96.4,96.7,96.9,96.8,96.4,96.6,96.9,97.2,97.7,98.2,99.0,99.5,99.4,99.6,100.0,99.7,99.2,99.4,99.5,99.7,100.1,100.6,101.2,101.6,102.0,102.4,102.6,102.2,101.8,101.9,102.2,102.5,103.1,103.7,104.5,105.0,106.8,107.4,108.1,108.2,108.1,108.3,108.7,109.3,109.6,110.3,111.5,112.1,112.7,113.1,113.5,113.1,112.9,113.4,114.0,114.6,115.1,115.7,116.7,117.5,117.6,117.6,118.0,118.1,117.8,117.8,118.3,118.3,118.6,119.2,120.2,120.9,121.4,121.9,121.9,120.6,121.1,121.8,122.6,123.1,123.3,124.1,124.2,124.7,125.7,126.5,127.6,128.0,128.3,128.9,129.7,129.9,130.7,131.8,133.3,133.8,134.6,135.7,137.1,137.8,138.1,139.2,140.3,141.2,142.1,142.9,143.7,144.3,145.3,146.1,146.5,,OECDstat,2015,
MEX,273,Mexico,index,Headline Consumer Price Index,0.0,0.0,0.0,0.0,0.0,0.0,0.0,0.0,0.0,0.0,0.0,0.0,0.0,0.0,0.0,0.0,0.0,0.0,0.0,0.0,0.0,0.0,0.0,0.0,0.0,0.0,0.0,0.0,0.0,0.0,0.0,0.0,0.0,0.0,0.0,0.0,0.0,0.1,0.1,0.1,0.1,0.1,0.1,0.1,0.1,0.1,0.1,0.1,0.1,0.1,0.1,0.2,0.2,0.3,0.3,0.3,0.4,0.4,0.5,0.5,0.6,0.7,0.7,0.8,1.0,1.2,1.4,1.7,2.1,2.6,3.2,4.2,5.8,6.4,6.7,6.9,7.3,7.6,7.9,8.2,9.1,9.6,10.1,10.7,11.5,11.9,12.2,12.8,13.5,13.8,14.1,14.4,14.9,15.2,15.4,15.7,16.0,16.2,16.5,16.8,18.4,21.7,23.3,25.0,27.2,29.1,30.5,32.0,34.2,35.3,36.3,37.5,39.4,40.7,42.0,44.1,46.7,48.0,48.9,50.1,51.7,52.5,53.3,54.6,55.5,56.1,56.5,57.4,58.1,58.8,59.5,60.5,61.3,61.6,61.9,62.9,64.0,64.3,64.9,66.2,66.8,67.1,67.5,68.3,69.2,69.2,69.8,71.1,72.1,72.0,72.6,73.8,74.9,75.5,76.6,78.4,79.5,80.0,80.5,81.5,83.3,83.2,83.5,85.0,86.2,86.0,86.3,88.0,89.5,89.3,90.3,91.6,92.8,93.3,93.4,94.9,96.7,96.6,97.2,98.9,99.6,99.4,99.8,101.1,102.3,102.0,102.6,104.4,107.4,108.2,109.2,111.3,113.1,113.1,114.6,116.7,117.8,117.9,118.4,120.1,121.8,121.2,123.0,124.3,126.6,128.4,130.1,133.0,135.8,138.4,141.2,143.7,145.9,,OECDstat,2015,
MEX,273,Mexico,Inflation,Headline Consumer Price Inflation,5.2,5.5,4.9,12.1,23.8,14.9,15.8,29.1,17.5,18.2,26.4,27.9,58.9,101.9,65.4,57.7,86.2,131.8,114.2,20.0,26.7,22.7,15.5,9.8,7.0,35.0,34.4,20.6,15.9,16.6,9.5,6.4,5.0,4.5,4.7,4.0,3.6,4.0,5.1,5.3,4.2,3.4,4.1,3.8,4.0,2.7,2.8,6.0,4.9,3.6,3.4,5.7,7.9,,Annual average inflation
