"Korea, Rep. of","542","Financial, Interest Rates, Lending Rate, Percent per annum","FILR_PA","Status",,,,,,,,,,,,,,,,,,,,,,,,,,,,,,,,,,,,,,,,,,,,,,,,,,,,,,,,,,,,,,,,,,,,,,,,,,,,,,,,,,,,,,,,,,,,,,,,,,,,,,,,,,,,,,,,,,,,,,,,,,,,,,,,,,,,,,,,,,,,,,,,,,,,,,,,,,,,,,,,,,,,,,,,,,,,,,,,,,,,,,,,,,,,,,,,,,,,,,,,,,,,,,,,,,,,,,,,,,,,,,,,,,,,,,,,,,,,,,,,,,,,,,,,,,,,,,,,,,,,,,,,,,,,,,,,,,,,,,,,,,,,,,,,,,,,,,,,,,,,,,,,,,,,,,,,,,,,,,,,,,,,,,,,,,,,,,,,,,,,,,,,,,,,,,,,,,,,,,,,,,,,,,,,,,,,,,,,,,,,,,,,,,,,,,,,,,,,,,,,,,,,,,,,,,,,,,,,,,,,,,,,,,,,,,,,,,,,,,,,,,,,,,,,,,,,,,,,,,,,,,,,,,,,,,,,,,,,,,,,,,,,,,,,,,,,,,,,,,,,,,,,,,,,,,,,,,,,,,,,,,,,,,,,,,,,,,,,,,,,,,,,,,,,,,,,,,,,,,,,,,,,,,,,,,,,,,,,,,,,,,,,,,,,,,,,,,,,,,,,,,,,,,,,,,,,,,,,,,,,,,,,,,,,,,,,,,,,,,,,,,,,,,,,,,,,,,,,,,,,,,,,,,,,,,,,,,,,,,,,,,,,,,,,,,,,,,,,,,,,,,,,,,,,,,,,,,,,,,,,,,,,,,,,,,,,,,,,,,,,,,,,,,,,,,,,,,,,,,,,,,,,,,,,,,,,,,,,,,,,,,,,,,,,,,,,,,,,,,,,,,,,,,,,,,,,,,,,,,,,,,,,,,,,,,,,,,,,,,,,,,,,,,,,,,,,,,,,,,,,,,,,,,,,,,,,,,,,,,,,,,,,,,,,,,,,,,,,,,,,,,,,,,,,,,,,,,,,,,,,,,,,,,,,,,,,,,,,,,,,,,,,,,,,,,,,,,,,,,,,,,,,,,,,,,,,,,,,,,,,,,,,,,,,,,,,,,,,,,,,,,,,,,,,,,,,,,,,,,,,,,,,,,,,,,,,,,,,,,,,,,,,,,,,,,,,,,,,,,,,,,,,,,,,,,,,,,,,,,,,,,,,,,,,,,,,,,,,,,,,,,,,,,,,,,,,,,,,,,,,,,,,,,,,,,,,,,,,,,,,,,,,,,,,,,,,,,,,,,,,,,,,,,,,,,,,,,,,,,,,,,,,,,,,,,,,,,,,,,,,,,,,,,,,,,,,,,,,,,,,,,,,,,,,,,,,,,,,,,,,,,,,,,,,,,,,,,,,,,,,,,,,,,,,,,,,,,,,,,,,,,,,,,,,,,,,,"",,,,,,,,,,,,,,,,,"B",,,,,,,,,,,,,,,,,"",,,,,,,,,,,,,,,,,"",,,,,,,,,,,,,,,,,"",,,,,,,,,,,,,,,,,"",,,,,,,,,,,,,,,,,"",,,,,,,,,,,,,,,,,"",,,,,,,,,,,,,,,,,"",,,,,,,,,,,,,,,,,"",,,,,,,,,,,,,,,,,"",,,,,,,,,,,,,,,,,"",,,,,,,,,,,,,,,,,"",,,,,,,,,,,,,,,,,"",,,,,,,,,,,,,,,,,"",,,,,,,,,,,,,,,,,"",,,,,,,,,,,,,,,,,"",,,,,,,,,,,,,,,,,"",,,,,,,,,,,,,,,,,"",,,,,,,,,,,,,,,,,"",,,,,,,,,,,,,,,,,"",,,,,,,,,,,,,,,,,"",,,,,,,,,,,,,,,,,"",,,,,,,,,,,,,,,,,"",,,,,,,,,,,,,,,,,"",,,,,,,,,,,,,,,,,"",,,,,,,,,,,,,,,,,"",,,,,,,,,,,,,,,,,,,,,,,,,,,,,,
"Korea, Rep. of","542","Financial, Interest Rates, Lending Rate, Percent per annum","FILR_PA","Status",,,,,,,,,,,,,,,,,,,,,,,,,,,,,,,,,,,,,,,,,,,,,,,,,,,,,,,,,,,,,,,,,,,,,,,,,,,,,,,,,,,,,,,,,,,,,,,,,,,,,,,,,,,,,,,,,,,,,,,,,,,,,,,,,,,,,,,,,,,,,,,,,,,,,,,,,,,,,,,,,,,,,,,,,,,,,,,,,,,,,,,,,,,,,,,,,,,,,,,,,,,,,,,,,,,,,,,,,,,,,,,,,,,,,,,,,,,,,,,,,,,,,,,,,,,,,,,,,,,,,,,,,,,,,,,,,,,,,,,,,,,,,,,,,,,,,,,,,,,,,,,,,,,,,,,,,,,,,,,,,,,,,,,,,,,,,,,,,,,,,,,,,,,,,,,,,,,,,,,,,,,,,,,,,,,,,,,,,,,,,,,,,,,,,,,,,,,,,,,,,,,,,,,,,,,,,,,,,,,,,,,,,,,,,,,,,,,,,,,,,,,,,,,,,,,,,,,,,,,,,,,,,,,,,,,,,,,,,,,,,,,,,,,,,,,,,,,,,,,,,,,,,,,,,,,,,,,,,,,,,,,,,,,,,,,,,,,,,,,,,,,,,,,,,,,,,,,,,,,,,,,,,,,,,,,,,,,,,,,,,,,,,,,,,,,,,,,,,,,,,,,,,,,,,,,,,,,,,,,,,,,,,,,,,,,,,,,,,,,,,,,,,,,,,,,,,,,,,,,,,,,,,,,,,,,,,,,,,,,,,,,,,,,,,,,,,,,,,,,,,,,,,,,,,,,,,,,,,,,,,,,,,,,,,,,,,,,,,,,,,,,,,,,,,,,,,,,,,,,,,,,,,,,,,,,,,,,,,,,,,,,,,,,,,,,,,,,,,,,,,,,,,,,,,,,,,,,,,,,,,,,,,,,,,,,,,,,,,,,,,,,,,,,,,,,,,,,,,,,,,,,,,,,,,,,,,,,,,,,,,,,,,,,,,,,,,,,,,,,,,,,,,,,,,,,,,,,,,,,,,,,,,,,,,,,,,,,,,,,,,,,,,,,,,,,,,,,,,,,,,,,,,,,,,,,,,,,,,,,,,,,,,,,,,,,,,,,,,,,,,,,,,,,,,,,,,,,,,,,,,,,,,,,,,,,,,,,,,,,,,,,,,,,,,,,,,,,,,,,,,,,,,,,,,,,,,,,,,,,,,,,,,,,,,,,,,,,,,,,,,,,,,,,,,,,,,,,,,,,,,,,,,,,,,,,,,,,,,,,,,,,,,,,,,,,,,,,,,,,,,,,,,,,,,,,,,,,,,,,,,,,,,,,,,,,,,,,,,,,,,,,,,,,,,,,,,,,,,,,,,,,,,,,,,,,,,,,,,,,,,,,,,,,,,,,,,,,,,,,,,,,,,,,,,,,,,,,,,,,,,,,,,,,,,,,,,,,,,,,,,,"B",,,,"",,,,,"",,,,"",,,,"",,,,"",,,,,"",,,,"",,,,"",,,,"",,,,,"",,,,"",,,,"",,,,"",,,,,"",,,,"",,,,"",,,,"",,,,,"",,,,"",,,,"",,,,"",,,,,"",,,,"",,,,"",,,,"",,,,,"",,,,"",,,,"",,,,"",,,,,"",,,,"",,,,"",,,,"",,,,,"",,,,"",,,,"",,,,"",,,,,"",,,,"",,,,"",,,,"",,,,,"",,,,"",,,,"",,,,"",,,,,"",,,,"",,,,"",,,,"",,,,,"",,,,"",,,,"",,,,"",,,,,"",,,,"",,,,"",,,,"",,,,,"",,,,"",,,,"",,,,"",,,,,"",,,,"",,,,"",,,,"",,,,,"",,,,"",,,,"",,,,"",,,,,"",,,,"",,,,"",,,,"",,,,,"",,,,"",,,,"",,,,"",,,,,"",,,,"",,,,"",,,,"",,,,,"",,,,"",,,,"",,,,"",,,,,"",,,,"",,,,"",,,,"",,,,,"",,,,"",,,,"",,,,"",,,,,"",,,,"",,,,"",,,,"",,,,,"",,,,"",,,,"",,,,"",,,,,"",,,,"",,,,"",,,,"",,,,,"",,,,,,,,,,,,
"Korea, Rep. of","542","Financial, Interest Rates, Lending Rate, Percent per annum","FILR_PA","Status",,,,,,,,,,,,,,,,,,,,,,,,,,,,,,,,,,,,,,,,,,,,,,,,,,,,,,,,,,,,,,,,,,,,,,,,,,,,,,,,,,,,,,,,,,,,,,,,,,,,,,,,,,,,,,,,,,,,,,,,,,,,,,,,,,,,,,,,,,,,,,,,,,,,,,,,,,,,,,,,,,,,,,,,,,,,,,,,,,,,,,,,,,,,,,,,,,,,,,,,,,,,,,,,,,,,,,,,,,,,,,,,,,,,,,,,,,,,,,,,,,,,,,,,,,,,,,,,,,,,,,,,,,,,,,,,,,,,,,,,,,,,,,,,,,,,,,,,,,,,,,,,,,,,,,,,,,,,,,,,,,,,,,,,,,,,,,,,,,,,,,,,,,,,,,,,,,,,,,,,,,,,,,,,,,,,,,,,,,,,,,,,,,,,,,,,,,,,,,,,,,,,,,,,,,,,,,,,,,,,,,,,,,,,,,,,,,,,,,,,,,,,,,,,,,,,,,,,,,,,,,,,,,,,,,,,,,,,,,,,,,,,,,,,,,,,,,,,,,,,,,,,,,,,,,,,,,,,,,,,,,,,,,,,,,,,,,,,,,,,,,,,,,,,,,,,,,,,,,,,,,,,,,,,,,,,,,,,,,,,,,,,,,,,,,,,,,,,,,,,,,,,,,,,,,,,,,,,,,,,,,,,,,,,,,,,,,,,,,,,,,,,,,,,,,,,,,,,,,,,,,,,,,,,,,,,,,,,,,,,,,,,,,,,,,,,,,,,,,,,,,,,,,,,,,,,,,,,,,,,,,,,,,,,,,,,,,,,,,,,,,,,,,,,,,,,,,,,,,,,,,,,,,,,,,,,,,,,,,,,,,,,,,,,,,,,,,,,,,,,,,,,,,,,,,,,,,,,,,,,,,,,,,,,,,,,,,,,,,,,,,,,,,,,,,,,,,,,,,,,,,,,,,,,,,,,,,,,,,,,,,,,,,,,,,,,,,,,,,,,,,,,,,,,,,,,,,,,,,,,,,,,,,,,,,,,,,,,,,,,,,,,,,,,,,,,,,,,,,,,,,,,,,,,,,,,,,,,,,,,,,,,,,,,,,,,,,,,,,,,,,,,,,,,,,,,,,,,,,,,,,,,,,,,,,,,,,,,,,,,,,,,,,,,,,,,,,,,,,,,,,,,,,,,,,,,,,,,,,,,,,,,,,,,,,,,,,,,,,,,,,,,,,,,,,,,,,,,,,,,,,,,,,,,,,,,,,,,,,,,,,,,,,,,,,,,,,,,,,,,,,,,,,,,,,,,,,,,,,,,,,,,,,,,,,,,,,,,,,,,,,,,,,,,,,,,,,,,,,,,,,,,,,,,,,,,,,,,,,,,,,,,,,,,,,,,,,,,,,,,,,,,,,,,,,,,,,,,,,,,,,,,,,,,,,,,,,,,,,,,,,,"B","","",,"","","",,,"","","",,"","","",,"","","",,"","","",,,"","","",,"","","",,"","","",,"","","",,,"","","",,"","","",,"","","",,"","","",,,"","","",,"","","",,"","","",,"","","",,,"","","",,"","","",,"","","",,"","","",,,"","","",,"","","",,"","","",,"","","",,,"","","",,"","","",,"","","",,"","","",,,"","","",,"","","",,"","","",,"","","",,,"","","",,"","","",,"","","",,"","","",,,"","","",,"","","",,"","","",,"","","",,,"","","",,"","","",,"","","",,"","","",,,"","","",,"","","",,"","","",,"","","",,,"","","",,"","","",,"","","",,"","","",,,"","","",,"","","",,"","","",,"","","",,,"","","",,"","","",,"","","",,"","","",,,"","","",,"","","",,"","","",,"","","",,,"","","",,"","","",,"","","",,"","","",,,"","","",,"","","",,"","","",,"","","",,,"","","",,"","","",,"","","",,"","","",,,"","","",,"","","",,"","","",,"","","",,,"","","",,"","","",,"","","",,"","","",,,"","","",,"","","",,"","","",,"","","",,,"","","",,"","","",,"","","",,"","","",,,"","","",,"","","",,"","","",,"","","",,,"","","",,"","","",,"","","",,"","","",,,"","","",,"","","",,"","","",,"","","",,,"","","",,"","",,,,,,
"Korea, Rep. of","542","Financial, Interest Rates, Lending Rate, Percent per annum","FILR_PA","Value",,,,,,,,,,,,,,,,,,,,,,,,,,,,,,,,,,,,,,,,,,,,,,,,,,,,,,,,,,,,,,,,,,,,,,,,,,,,,,,,,,,,,,,,,,,,,,,,,,,,,,,,,,,,,,,,,,,,,,,,,,,,,,,,,,,,,,,,,,,,,,,,,,,,,,,,,,,,,,,,,,,,,,,,,,,,,,,,,,,,,,,,,,,,,,,,,,,,,,,,,,,,,,,,,,,,,,,,,,,,,,,,,,,,,,,,,,,,,,,,,,,,,,,,,,,,,,,,,,,,,,,,,,,,,,,,,,,,,,,,,,,,,,,,,,,,,,,,,,,,,,,,,,,,,,,,,,,,,,,,,,,,,,,,,,,,,,,,,,,,,,,,,,,,,,,,,,,,,,,,,,,,,,,,,,,,,,,,,,,,,,,,,,,,,,,,,,,,,,,,,,,,,,,,,,,,,,,,,,,,,,,,,,,,,,,,,,,,,,,,,,,,,,,,,,,,,,,,,,,,,,,,,,,,,,,,,,,,,,,,,,,,,,,,,,,,,,,,,,,,,,,,,,,,,,,,,,,,,,,,,,,,,,,,,,,,,,,,,,,,,,,,,,,,,,,,,,,,,,,,,,,,,,,,,,,,,,,,,,,,,,,,,,,,,,,,,,,,,,,,,,,,,,,,,,,,,,,,,,,,,,,,,,,,,,,,,,,,,,,,,,,,,,,,,,,,,,,,,,,,,,,,,,,,,,,,,,,,,,,,,,,,,,,,,,,,,,,,,,,,,,,,,,,,,,,,,,,,,,,,,,,,,,,,,,,,,,,,,,,,,,,,,,,,,,,,,,,,,,,,,,,,,,,,,,,,,,,,,,,,,,,,,,,,,,,,,,,,,,,,,,,,,,,,,,,,,,,,,,,,,,,,,,,,,,,,,,,,,,,,,,,,,,,,,,,,,,,,,,,,,,,,,,,,,,,,,,,,,,,,,,,,,,,,,,,,,,,,,,,,,,,,,,,,,,,,,,,,,,,,,,,,,,,,,,,,,,,,,,,,,,,,,,,,,,,,,,,,,,,,,,,,,,,,,,,,,,,,,,,,,,,,,,,,,,,,,,,,,,,,,,,,,,,,,,,,,,,,,,,,,,,,,,,,,,,,,,,,,,,,,,,,,,,,,,,,,,,,,,,,,,,,,,,,,,,,,,,,,,,,,,,,,,,,,,,,,,,,,,,,,,,,,,,,,,,,,,,,,,,,,,,,,,,,,,,,,,,,,,,,,,,,,,,,,,,,,,,,,,,,,,,,,,,,,,,,,,,,,,,,,,,,,,,,,,,,,,,,,,,,,,,,,,,,,,,,,,,,,,,,,,,,,,,,,,,,,,,,,,,,,,,,,,,,,,,,,,,,,,,,,,,,,,,,,,,,,,,,,,,,,,,,,,,,,,,,,"11.065",,,,,,,,,,,,,,,,,"11.8766666666667",,,,,,,,,,,,,,,,,"15.2791666666667",,,,,,,,,,,,,,,,,"9.39583333333333",,,,,,,,,,,,,,,,,"8.545",,,,,,,,,,,,,,,,,"7.70833333333333",,,,,,,,,,,,,,,,,"6.76916666666667",,,,,,,,,,,,,,,,,"6.23666666666667",,,,,,,,,,,,,,,,,"5.90416666666667",,,,,,,,,,,,,,,,,"5.59333333333333",,,,,,,,,,,,,,,,,"5.9875",,,,,,,,,,,,,,,,,"6.55166666666667",,,,,,,,,,,,,,,,,"7.16833333333333",,,,,,,,,,,,,,,,,"5.64916666666667",,,,,,,,,,,,,,,,,"5.51166666666667",,,,,,,,,,,,,,,,,"5.7575",,,,,,,,,,,,,,,,,"5.39583333333333",,,,,,,,,,,,,,,,,"4.64333333333333",,,,,,,,,,,,,,,,,"4.26333333333333",,,,,,,,,,,,,,,,,"3.53333333333333",,,,,,,,,,,,,,,,,"3.3675",,,,,,,,,,,,,,,,,"3.47666666666667",,,,,,,,,,,,,,,,,"3.6625",,,,,,,,,,,,,,,,,"3.44583333333333",,,,,,,,,,,,,,,,,"2.80166666666667",,,,,,,,,,,,,,,,,"2.88416666666667",,,,,,,,,,,,,,,,,"4.2925",,,,,,,,,,,,,,,,,,,,,,,,,,,,,,"",
"Korea, Rep. of","542","Financial, Interest Rates, Lending Rate, Percent per annum","FILR_PA","Value",,,,,,,,,,,,,,,,,,,,,,,,,,,,,,,,,,,,,,,,,,,,,,,,,,,,,,,,,,,,,,,,,,,,,,,,,,,,,,,,,,,,,,,,,,,,,,,,,,,,,,,,,,,,,,,,,,,,,,,,,,,,,,,,,,,,,,,,,,,,,,,,,,,,,,,,,,,,,,,,,,,,,,,,,,,,,,,,,,,,,,,,,,,,,,,,,,,,,,,,,,,,,,,,,,,,,,,,,,,,,,,,,,,,,,,,,,,,,,,,,,,,,,,,,,,,,,,,,,,,,,,,,,,,,,,,,,,,,,,,,,,,,,,,,,,,,,,,,,,,,,,,,,,,,,,,,,,,,,,,,,,,,,,,,,,,,,,,,,,,,,,,,,,,,,,,,,,,,,,,,,,,,,,,,,,,,,,,,,,,,,,,,,,,,,,,,,,,,,,,,,,,,,,,,,,,,,,,,,,,,,,,,,,,,,,,,,,,,,,,,,,,,,,,,,,,,,,,,,,,,,,,,,,,,,,,,,,,,,,,,,,,,,,,,,,,,,,,,,,,,,,,,,,,,,,,,,,,,,,,,,,,,,,,,,,,,,,,,,,,,,,,,,,,,,,,,,,,,,,,,,,,,,,,,,,,,,,,,,,,,,,,,,,,,,,,,,,,,,,,,,,,,,,,,,,,,,,,,,,,,,,,,,,,,,,,,,,,,,,,,,,,,,,,,,,,,,,,,,,,,,,,,,,,,,,,,,,,,,,,,,,,,,,,,,,,,,,,,,,,,,,,,,,,,,,,,,,,,,,,,,,,,,,,,,,,,,,,,,,,,,,,,,,,,,,,,,,,,,,,,,,,,,,,,,,,,,,,,,,,,,,,,,,,,,,,,,,,,,,,,,,,,,,,,,,,,,,,,,,,,,,,,,,,,,,,,,,,,,,,,,,,,,,,,,,,,,,,,,,,,,,,,,,,,,,,,,,,,,,,,,,,,,,,,,,,,,,,,,,,,,,,,,,,,,,,,,,,,,,,,,,,,,,,,,,,,,,,,,,,,,,,,,,,,,,,,,,,,,,,,,,,,,,,,,,,,,,,,,,,,,,,,,,,,,,,,,,,,,,,,,,,,,,,,,,,,,,,,,,,,,,,,,,,,,,,,,,,,,,,,,,,,,,,,,,,,,,,,,,,,,,,,,,,,,,,,,,,,,,,,,,,,,,,,,,,,,,,,,,,,,,,,,,,,,,,,,,,,,,,,,,,,,,,,,,,,,,,,,,,,,,,,,,,,,,,,,,,,,,,,,,,,,,,,,,,,,,,,,,,,,,,,,,,,,,,,,,,,,,,,,,,,,,,,,,,,,,,,,,,,,,,,,,,,,,,,,,,,,,,,,,,,,,,,,,,,,,,,,,,,,,,,,,,,,,,,,,,,,,,,,,,,,,,,,,,,,,,,,,,,,"11.0833333333333",,,,"11.0466666666667",,,,,"11.38",,,,"11.41",,,,"11.6033333333333",,,,"13.1133333333333",,,,,"17.2766666666667",,,,"16.9266666666667",,,,"14.8466666666667",,,,"12.0666666666667",,,,,"10.7033333333333",,,,"9.38333333333333",,,,"8.87333333333333",,,,"8.62333333333333",,,,,"8.67333333333333",,,,"8.57333333333333",,,,"8.45",,,,"8.48333333333333",,,,,"8.35",,,,"7.99333333333333",,,,"7.51666666666667",,,,"6.97333333333333",,,,,"6.82333333333333",,,,"6.8",,,,"6.74",,,,"6.71333333333333",,,,,"6.46",,,,"6.31",,,,"6.06666666666667",,,,"6.11",,,,,"6.15333333333333",,,,"6.01666666666667",,,,"5.83666666666667",,,,"5.61",,,,,"5.58",,,,"5.53",,,,"5.53666666666667",,,,"5.72666666666667",,,,,"5.81333333333333",,,,"5.9",,,,"6.13",,,,"6.10666666666667",,,,,"6.34333333333333",,,,"6.41666666666667",,,,"6.55666666666667",,,,"6.89",,,,,"7.01666666666667",,,,"6.96333333333333",,,,"7.29",,,,"7.40333333333333",,,,,"5.66",,,,"5.43",,,,"5.65333333333333",,,,"5.85333333333333",,,,,"5.82333333333333",,,,"5.40333333333333",,,,"5.45",,,,"5.37",,,,,"5.69333333333333",,,,"5.75333333333333",,,,"5.82",,,,"5.76333333333333",,,,,"5.74666666666667",,,,"5.65",,,,"5.26666666666667",,,,"4.92",,,,,"4.89333333333333",,,,"4.62333333333333",,,,"4.56333333333333",,,,"4.49333333333333",,,,,"4.48",,,,"4.40666666666667",,,,"4.23666666666667",,,,"3.93",,,,,"3.79",,,,"3.47",,,,"3.43333333333333",,,,"3.44",,,,,"3.48666666666667",,,,"3.4",,,,"3.24333333333333",,,,"3.34",,,,,"3.48",,,,"3.43666666666667",,,,"3.44666666666667",,,,"3.54333333333333",,,,,"3.68",,,,"3.66",,,,"3.63666666666667",,,,"3.67333333333333",,,,,"3.69666666666667",,,,"3.58666666666667",,,,"3.3",,,,"3.2",,,,,"3.06",,,,"2.78",,,,"2.66333333333333",,,,"2.70333333333333",,,,,"2.74333333333333",,,,"2.74333333333333",,,,"2.86666666666667",,,,"3.18333333333333",,,,,"3.48666666666667",,,,"3.71666666666667",,,,"4.48",,,,"5.48666666666667",,,,,"5.31666666666667",,,,,,,,,,,,"",
"Korea, Rep. of","542","Financial, Interest Rates, Lending Rate, Percent per annum","FILR_PA","Value",,,,,,,,,,,,,,,,,,,,,,,,,,,,,,,,,,,,,,,,,,,,,,,,,,,,,,,,,,,,,,,,,,,,,,,,,,,,,,,,,,,,,,,,,,,,,,,,,,,,,,,,,,,,,,,,,,,,,,,,,,,,,,,,,,,,,,,,,,,,,,,,,,,,,,,,,,,,,,,,,,,,,,,,,,,,,,,,,,,,,,,,,,,,,,,,,,,,,,,,,,,,,,,,,,,,,,,,,,,,,,,,,,,,,,,,,,,,,,,,,,,,,,,,,,,,,,,,,,,,,,,,,,,,,,,,,,,,,,,,,,,,,,,,,,,,,,,,,,,,,,,,,,,,,,,,,,,,,,,,,,,,,,,,,,,,,,,,,,,,,,,,,,,,,,,,,,,,,,,,,,,,,,,,,,,,,,,,,,,,,,,,,,,,,,,,,,,,,,,,,,,,,,,,,,,,,,,,,,,,,,,,,,,,,,,,,,,,,,,,,,,,,,,,,,,,,,,,,,,,,,,,,,,,,,,,,,,,,,,,,,,,,,,,,,,,,,,,,,,,,,,,,,,,,,,,,,,,,,,,,,,,,,,,,,,,,,,,,,,,,,,,,,,,,,,,,,,,,,,,,,,,,,,,,,,,,,,,,,,,,,,,,,,,,,,,,,,,,,,,,,,,,,,,,,,,,,,,,,,,,,,,,,,,,,,,,,,,,,,,,,,,,,,,,,,,,,,,,,,,,,,,,,,,,,,,,,,,,,,,,,,,,,,,,,,,,,,,,,,,,,,,,,,,,,,,,,,,,,,,,,,,,,,,,,,,,,,,,,,,,,,,,,,,,,,,,,,,,,,,,,,,,,,,,,,,,,,,,,,,,,,,,,,,,,,,,,,,,,,,,,,,,,,,,,,,,,,,,,,,,,,,,,,,,,,,,,,,,,,,,,,,,,,,,,,,,,,,,,,,,,,,,,,,,,,,,,,,,,,,,,,,,,,,,,,,,,,,,,,,,,,,,,,,,,,,,,,,,,,,,,,,,,,,,,,,,,,,,,,,,,,,,,,,,,,,,,,,,,,,,,,,,,,,,,,,,,,,,,,,,,,,,,,,,,,,,,,,,,,,,,,,,,,,,,,,,,,,,,,,,,,,,,,,,,,,,,,,,,,,,,,,,,,,,,,,,,,,,,,,,,,,,,,,,,,,,,,,,,,,,,,,,,,,,,,,,,,,,,,,,,,,,,,,,,,,,,,,,,,,,,,,,,,,,,,,,,,,,,,,,,,,,,,,,,,,,,,,,,,,,,,,,,,,,,,,,,,,,,,,,,,,,,,,,,,,,,,,,,,,,,,,,,,,,,,,,,,,,,,,,,,,,,,,,,,,,,,,,,,,,,,,,,,,,,,,,,,,,,,,,,,,,,,,,,,,,,,,,,,,,,,,,,,,,,,,,,,,,,,,,,,"11.17","11.03","11.05",,"11.12","10.92","11.1",,,"11.34","11.33","11.47",,"11.49","11.36","11.38",,"11.38","11.6","11.83",,"11.71","12.31","15.32",,,"17.53","17.12","17.18",,"17.14","17.05","16.59",,"15.42","14.88","14.24",,"12.9","11.97","11.33",,,"11.09","10.75","10.27",,"9.76","9.33","9.06",,"8.93","8.86","8.83",,"8.71","8.58","8.58",,,"8.59","8.64","8.79",,"8.61","8.62","8.49",,"8.51","8.41","8.43",,"8.51","8.53","8.41",,,"8.45","8.34","8.26",,"8.1","7.99","7.89",,"7.78","7.51","7.26",,"7.09","6.92","6.91",,,"6.9","6.78","6.79",,"6.82","6.8","6.78",,"6.79","6.72","6.71",,"6.77","6.72","6.65",,,"6.51","6.39","6.48",,"6.41","6.28","6.24",,"6.2","6.03","5.97",,"6","6.13","6.2",,,"6.25","6.09","6.12",,"6.02","5.97","6.06",,"5.96","5.81","5.74",,"5.71","5.6","5.52",,,"5.58","5.53","5.63",,"5.59","5.5","5.5",,"5.51","5.49","5.61",,"5.73","5.71","5.74",,,"5.79","5.76","5.89",,"5.83","5.89","5.98",,"6.1","6.16","6.13",,"6.09","6.04","6.19",,,"6.32","6.34","6.37",,"6.35","6.48","6.42",,"6.41","6.56","6.7",,"6.79","6.8","7.08",,,"7.25","6.9","6.9",,"6.91","6.96","7.02",,"7.12","7.31","7.44",,"7.79","7.53","6.89",,,"5.91","5.57","5.5",,"5.4","5.42","5.47",,"5.53","5.61","5.82",,"5.88","5.87","5.81",,,"5.94","5.84","5.69",,"5.49","5.4","5.32",,"5.39","5.51","5.45",,"5.37","5.34","5.4",,,"5.64","5.66","5.78",,"5.7","5.76","5.8",,"5.86","5.84","5.76",,"5.77","5.83","5.69",,,"5.79","5.71","5.74",,"5.71","5.66","5.58",,"5.45","5.22","5.13",,"4.98","4.94","4.84",,,"5","4.91","4.77",,"4.73","4.62","4.52",,"4.6","4.55","4.54",,"4.46","4.5","4.52",,,"4.53","4.45","4.46",,"4.42","4.4","4.4",,"4.39","4.18","4.14",,"4","3.88","3.91",,,"3.9","3.86","3.61",,"3.36","3.56","3.49",,"3.43","3.44","3.43",,"3.42","3.44","3.46",,,"3.49","3.47","3.5",,"3.44","3.45","3.31",,"3.23","3.23","3.27",,"3.29","3.29","3.44",,,"3.51","3.45","3.48",,"3.42","3.45","3.44",,"3.45","3.43","3.46",,"3.46","3.55","3.62",,,"3.69","3.68","3.67",,"3.65","3.68","3.65",,"3.67","3.63","3.61",,"3.64","3.66","3.72",,,"3.73","3.7","3.66",,"3.65","3.62","3.49",,"3.4","3.19","3.31",,"3.2","3.18","3.22",,,"3.19","3.08","2.91",,"2.8","2.82","2.72",,"2.7","2.63","2.66",,"2.66","2.71","2.74",,,"2.72","2.74","2.77",,"2.74","2.72","2.77",,"2.77","2.87","2.96",,"3.07","3.23","3.25",,,"3.45","3.51","3.5",,"3.57","3.68","3.9",,"4.21","4.52","4.71",,"5.26","5.64","5.56",,,"5.46","5.32","5.17",,"5.01","5.12",,,,,,"",
"Korea, Rep. of","542","Gross Domestic Product, Nominal, Domestic Currency","NGDP_XDC","Value",,,,,,,,,,,,,,,,,,,,,,,,,,,,,,,,,,,,,,,,,,,,,,,,,,,,,,,,,,,,,,,,,,,,,,,,,,,,,,,,,,,,,,,,,,,,,,,,,,,,,,,,,,,,,,,,,,,,,,,,,,,,,,,,,,,,,,,,,,,,,,,,,,,,,,,,,,,,,,,,,,,,,,,,,,,,,,,,,,,,,,,,,,,,,,,,,,,,,,,,,,,,,,,,,,,,,,,,,,,,,,,,,,,,,,,,,,,,,,,,,,,,,,,,,,,,,,,,,,,,,,,,,,,,,,,,,,,,,,,,,,,,,,,,,,,,,,,,,,,,,,,,,,,,,,,,,,,,,,,,,,,,,,,,,,,,,,,,,,,,,,,,,,,,,,,,,,,,,,,,,,,,,,,,,,,,,,,,,,,,,,,,,,,,,,,,,,,,,,,,,,,,,,,,,,,,,,,,,,,,,,,,,,,,,,,,,,,,,,,,,,,,,,,,,,,,,,,,,,,,,,,,,,,,,,,,,,,,,,,,,,,,,,,,,,,,,,,,,,,,,,,,,,,,,,,,,,,,,,,,,,,,,,,,,,,,,,,,,,,,,,,,,,,,,,,,,,,,,,,,,,,,,,,,,,,,,,,,,,,,,,,,,,,,,,,,,,,,,,,,,,,,,,,,,,,,,,,,,,,,,,,,,,,,,,,,,,,,,,,,,,,,,,,,,,,,,,,,,,,,,,,,,,,,,,,,,,,,,,,,,"249870000000",,,,,,,,,,,,,,,,,"301710000000",,,,,,,,,,,,,,,,,"365880000000",,,,,,,,,,,,,,,,,"518540000000",,,,,,,,,,,,,,,,,"739680000000",,,,,,,,,,,,,,,,,"831390000000",,,,,,,,,,,,,,,,,"1066070000000",,,,,,,,,,,,,,,,,"1313620000000",,,,,,,,,,,,,,,,,"1692890000000",,,,,,,,,,,,,,,,,"2212660000000",,,,,,,,,,,,,,,,,"2796600000000",,,,,,,,,,,,,,,,,"3438100000000",,,,,,,,,,,,,,,,,"4267700000000",,,,,,,,,,,,,,,,,"5527400000000",,,,,,,,,,,,,,,,,"7905000000000",,,,,,,,,,,,,,,,,"10543600000000",,,,,,,,,,,,,,,,,"14472800000000",,,,,,,,,,,,,,,,,"18608100000000",,,,,,,,,,,,,,,,,"25154400000000",,,,,,,,,,,,,,,,,"32402300000000",,,,,,,,,,,,,,,,,"39725100000000",,,,,,,,,,,,,,,,,"49669800000000",,,,,,,,,,,,,,,,,"57286600000000",,,,,,,,,,,,,,,,,"68080100000000",,,,,,,,,,,,,,,,,"78591300000000",,,,,,,,,,,,,,,,,"88129700000000",,,,,,,,,,,,,,,,,"102985900000000",,,,,,,,,,,,,,,,,"121697800000000",,,,,,,,,,,,,,,,,"145994800000000",,,,,,,,,,,,,,,,,"165801800000000",,,,,,,,,,,,,,,,,"200556300000000",,,,,,,,,,,,,,,,,"242481100000000",,,,,,,,,,,,,,,,,"277540700000000",,,,,,,,,,,,,,,,,"315181300000000",,,,,,,,,,,,,,,,,"372493400000000",,,,,,,,,,,,,,,,,"436988700000000",,,,,,,,,,,,,,,,,"490850900000000",,,,,,,,,,,,,,,,,"542001800000000",,,,,,,,,,,,,,,,,"537215400000000",,,,,,,,,,,,,,,,,"591453000000000",,,,,,,,,,,,,,,,,"651634300000000",,,,,,,,,,,,,,,,,"707021300000000",,,,,,,,,,,,,,,,,"784741300000000",,,,,,,,,,,,,,,,,"837365100000000",,,,,,,,,,,,,,,,,"908439300000000",,,,,,,,,,,,,,,,,"957447800000000",,,,,,,,,,,,,,,,,"1.0056015E+15",,,,,,,,,,,,,,,,,"1.0896602E+15",,,,,,,,,,,,,,,,,"1.1542166E+15",,,,,,,,,,,,,,,,,"1.2053478E+15",,,,,,,,,,,,,,,,,"1.3226112E+15",,,,,,,,,,,,,,,,,"1.3889372E+15",,,,,,,,,,,,,,,,,"1.4401113E+15",,,,,,,,,,,,,,,,,"1.5008192E+15",,,,,,,,,,,,,,,,,"1.562929E+15",,,,,,,,,,,,,,,,,"1.6580204E+15",,,,,,,,,,,,,,,,,"1.7407796E+15",,,,,,,,,,,,,,,,,"1.8356982E+15",,,,,,,,,,,,,,,,,"1.8981926E+15",,,,,,,,,,,,,,,,,"1.924498E+15",,,,,,,,,,,,,,,,,"1.9407263E+15",,,,,,,,,,,,,,,,,"2.0801985E+15",,,,,,,,,,,,,,,,,"2.1617739E+15",,,,,,,,,,,,,,,,,,,,,,,,,,,,,,"",
"Korea, Rep. of","542","Prices, Consumer Price Index, All items, Index","PCPI_IX","Status",,,,,,,,,,,,,,,,,,,,,,,,,,,,,,,,,,,,,,,,,,,,,,,,,,,,,,,,,,,,,,,,,,,,,,,,,,,,,,,,,,,,,,,,,,,,,,,,,,,,,,,,,,,,,,,,,,,,,,,,,,,,,,,,,,,,,,,,,,,,,,,,,,,,,,,,,,,,,,,,,,,,,,,,,,,,,,,,,,,,,,,,,,,,,,,,,,,,,,,,,,,,,,,,,,,,,,,,,,,,,,,,,,,,,,,,,,,,,,,,,,,,,,,,,,,,,,,,,,,,,,,,,,,,,,,,,,,,,,,,,,,,,,,,,,,,,,,,,,,,,,,,,,,,,,,,,,,,,,,,,,,,,,,,,,,,,,,,,,,,,,,,,,,,,,,,,,,,,,,,,,,,,,,,,,,,,,,,,,,,,,,,,,,,,,,,,,,,,,,,,,,,,,,,,,,,,,,,,,,,,,,,,,,,,,,,,,,,,,,,,,,,,,,,,,,,,,,,,,,,,,,,,,,,,,,,,,,,,,,,,,,,,,,,,,,,,,,,,,,,,,,,,,,,,,,,,,,,,,,,,,,,,,,,,,,,,,,,,,,"","",,"","","",,,"","","",,"","","",,"","","",,"","","",,,"","","",,"","","",,"","","",,"","","",,,"","","",,"","","",,"","","",,"","","",,,"","","",,"","","",,"","","",,"","","",,,"","","",,"","","",,"","","",,"","","",,,"","","",,"","","",,"","","",,"","","",,,"","","",,"","","",,"","","",,"","","",,,"","","",,"","","",,"","","",,"","","",,,"","","",,"","","",,"","","",,"","","",,,"","","",,"","","",,"","","",,"","","",,,"","","",,"","","",,"","","",,"","","",,,"","","",,"","","",,"","","",,"","","",,,"","","",,"","","",,"","","",,"","","",,,"","","",,"","","",,"","","",,"","","",,,"","","",,"","","",,"","","",,"","","",,,"","","",,"","","",,"","","",,"","","",,,"","","",,"","","",,"","","",,"","","",,,"","","",,"","","",,"","","",,"","","",,,"","","",,"","","",,"","","",,"","","",,,"","","",,"","","",,"","","",,"","","",,,"","","",,"","","",,"","","",,"","","",,,"","","",,"","","",,"","","",,"","","",,,"","","",,"","","",,"","","",,"","","",,,"","","",,"","","",,"","","",,"","","",,,"","","",,"","","",,"","","",,"B","","",,,"","","",,"","","",,"","","",,"","","",,,"","","",,"","","",,"","","",,"","","",,,"","","",,"","","",,"","","",,"","","",,,"","","",,"","","",,"","","",,"","","",,,"B","","",,"","","",,"","","",,"","","",,,"","","",,"","","",,"","","",,"","","",,,"","","",,"","","",,"","","",,"","","",,,"","","",,"","","",,"","","",,"","","",,,"","","",,"","","",,"","","",,"","","",,,"","","",,"","","",,"","","",,"","","",,,"B","","",,"","","",,"","","",,"","","",,,"","","",,"","","",,"","","",,"","","",,,"","","",,"","","",,"","","",,"","","",,,"","","",,"","","",,"","","",,"","","",,,"","","",,"","","B",,"","","",,"","","",,,"","","",,"","","",,"","","",,"","","",,,"","","",,"","","",,"","","",,"","","",,,"","","",,"","","",,"","","",,"","","",,,"B","","",,"","","",,"","","",,"","","",,,"","","",,"","","",,"","","",,"","","",,,"","","",,"","","",,"","","",,"","","",,,"","","",,"","","",,"","","",,"","","",,,"","","",,"","","",,"","","",,"","","",,,"B","","",,"","","",,"","","",,"","","",,,"","","",,"","","",,"","","",,"","","",,,"","","",,"","","",,"","","",,"","","",,,"","","",,"","","",,"","","",,"","","",,,"","","",,"","","",,"","","",,"","","",,,"","","",,"","","",,"","","",,"","","",,,"","","",,"","","",,"","","",,"","","",,,"","","",,"","","",,"","","",,"","","",,,"","","",,"","","",,"","","",,"","","",,,"","","",,"","","",,"","","",,"","","",,,"","","",,"","","",,"","","",,"","","",,,"","","",,"","","",,"","","",,"","","",,,"","","",,"","","",,"","","",,"","","",,,"","","",,"","","",,"","","",,"","","",,,"","","",,"","","",,"","","",,"","","",,,"","","",,"","","",,"","","",,"","","",,,"","","",,"","","",,"","","",,"","","",,,"","","",,"","","",,"","","",,"","","",,,"","","",,"","","",,"","","",,"","","",,,"","","",,"","","",,"","","",,"","","",,,"","","",,"","","",,"","","",,"","","",,,"","","",,"","","",,"","","",,"","","",,,"","","",,"","","",,"","","",,"","","",,,"","","",,"","","",,"","",,
"Korea, Rep. of","542","Prices, Consumer Price Index, All items, Index","PCPI_IX","Status",,,,,,,,,,,,,,,,,,,,,,,,,,,,,,,,,,,,,,,,,,,,,,,,,,,,,,,,,,,,,,,,,,,,,,,,,,,,,,,,,,,,,,,,,,,,,,,,,,,,,,,,,,,,,,,,,,,,,,,,,,,,,,,,,,,,,,,,,,,,,,,,,,,,,,,,,,,,,,,,,,,,,,,,,,,,,,,,,,,,,,,,,,,,,,,,,,,,,,,,,,,,,,,,,,,,,,,,,,,,,,,,,,,,,,,,,,,,,,,,,,,,,,,,,,,,,,,,,,,,,,,,,,,,,,,,,,,,,,,,,,,,,,,,,,,,,,,,,,,,,,,,,,,,,,,,,,,,,,,,,,,,,,,,,,,,,,,,,,,,,,,,,,,,,,,,,,,,,,,,,,,,,,,,,,,,,,,,,,,,,,,,,,,,,,,,,,,,,,,,,,,,,,,,,,,,,,,,,,,,,,,,,,,,,,,,,,,,,,,,,,,,,,,,,,,,,,,,,,,,,,,,,,,,,,,,,,,,,,,,,,,,,,,,,,,,,,,,,,,,,,,,,,,,,,,,,,,,,,,,,,,,,,,,,,,,,,,,,,,,,"",,,,,"",,,,"",,,,"",,,,"",,,,,"",,,,"",,,,"",,,,"",,,,,"",,,,"",,,,"",,,,"",,,,,"",,,,"",,,,"",,,,"",,,,,"",,,,"",,,,"",,,,"",,,,,"",,,,"",,,,"",,,,"",,,,,"",,,,"",,,,"",,,,"",,,,,"",,,,"",,,,"",,,,"",,,,,"",,,,"",,,,"",,,,"",,,,,"",,,,"",,,,"",,,,"",,,,,"",,,,"",,,,"",,,,"",,,,,"",,,,"",,,,"",,,,"",,,,,"",,,,"",,,,"",,,,"",,,,,"",,,,"",,,,"",,,,"",,,,,"",,,,"",,,,"",,,,"",,,,,"",,,,"",,,,"",,,,"",,,,,"",,,,"",,,,"",,,,"",,,,,"",,,,"",,,,"",,,,"",,,,,"",,,,"",,,,"",,,,"",,,,,"",,,,"",,,,"",,,,"",,,,,"",,,,"",,,,"",,,,"",,,,,"",,,,"",,,,"",,,,"",,,,,"",,,,"",,,,"",,,,"",,,,,"",,,,"",,,,"",,,,"",,,,,"",,,,"",,,,"",,,,"B",,,,,"",,,,"",,,,"",,,,"",,,,,"",,,,"",,,,"",,,,"",,,,,"",,,,"",,,,"",,,,"",,,,,"",,,,"",,,,"",,,,"",,,,,"B",,,,"",,,,"",,,,"",,,,,"",,,,"",,,,"",,,,"",,,,,"",,,,"",,,,"",,,,"",,,,,"",,,,"",,,,"",,,,"",,,,,"",,,,"",,,,"",,,,"",,,,,"",,,,"",,,,"",,,,"",,,,,"",,,,"",,,,"",,,,"",,,,,"",,,,"",,,,"",,,,"",,,,,"",,,,"",,,,"",,,,"",,,,,"",,,,"",,,,"",,,,"",,,,,"",,,,"",,,,"B",,,,"",,,,,"",,,,"",,,,"",,,,"",,,,,"",,,,"",,,,"",,,,"",,,,,"",,,,"",,,,"",,,,"",,,,,"B",,,,"",,,,"",,,,"",,,,,"",,,,"",,,,"",,,,"",,,,,"",,,,"",,,,"",,,,"",,,,,"",,,,"",,,,"",,,,"",,,,,"",,,,"",,,,"",,,,"",,,,,"B",,,,"",,,,"",,,,"",,,,,"",,,,"",,,,"",,,,"",,,,,"",,,,"",,,,"",,,,"",,,,,"",,,,"",,,,"",,,,"",,,,,"",,,,"",,,,"",,,,"",,,,,"",,,,"",,,,"",,,,"",,,,,"",,,,"",,,,"",,,,"",,,,,"",,,,"",,,,"",,,,"",,,,,"",,,,"",,,,"",,,,"",,,,,"",,,,"",,,,"",,,,"",,,,,"",,,,"",,,,"",,,,"",,,,,"",,,,"",,,,"",,,,"",,,,,"",,,,"",,,,"",,,,"",,,,,"",,,,"",,,,"",,,,"",,,,,"",,,,"",,,,"",,,,"",,,,,"",,,,"",,,,"",,,,"",,,,,"",,,,"",,,,"",,,,"",,,,,"",,,,"",,,,"",,,,"",,,,,"",,,,"",,,,"",,,,"",,,,,"",,,,"",,,,"",,,,"",,,,,"",,,,"",,,,"",,,,"",,,,,"",,,,"",,,,"",,,,"",,,,,"",,,,"",,,,"",,,,"",,,,,"",,,,"",,,,,,,,
"Korea, Rep. of","542","Prices, Consumer Price Index, All items, Index","PCPI_IX","Status",,,,,,,,,,,,,,,,,,,,,,,,,,,,,,,,,,,,,,,,,,,,,,,,,,,,,,,,,,,,,,,,,,,,,,,,,,,,,,,,,,,,,,,,,,,,,,,,,,,,,,,,,,,,,,,,,,,,,,,,,,,,,,,,,,,,,,,,,,,,,,,,,,,,,,,,,,,,,,,,,,,,,,,,,,,,,,,,,,,,,,,,,,,,,,,,,,,,,,,,,,,,,,,,,,,,,,,,,,,,,,,,,,,,,,,,,,,,,,,,,,,,,,,,,,,,,,,,,,,,,,,,,,,,,,,,,,,,,,,,,,,,,,,,,,,,,,,,,,,,,,,,,,,,,,,,,,,,,,,,,,,,,,,,,,,,,,,,,,,,,,,,,,,,,,,,,,,,,,,,,,,,,,,,,,,,,,,,,,,,,,,,,,,,,,,,,,,,,,,,,,,,,,,,,,,,,,,,,,,,,,,,,,,,,,,,,,,,,,,,,,,,,,,,,,,,,,,,,,,,,,,,,,,,,,,,,,,,,,,,,,,,,,,,,,,,,,,,,,,,,,,,,,,,,,,,,,,,,,,,,,,,,,,,,,,,,,,,,,,,,,,,,"",,,,,,,,,,,,,,,,,"",,,,,,,,,,,,,,,,,"",,,,,,,,,,,,,,,,,"",,,,,,,,,,,,,,,,,"",,,,,,,,,,,,,,,,,"",,,,,,,,,,,,,,,,,"",,,,,,,,,,,,,,,,,"",,,,,,,,,,,,,,,,,"",,,,,,,,,,,,,,,,,"",,,,,,,,,,,,,,,,,"",,,,,,,,,,,,,,,,,"",,,,,,,,,,,,,,,,,"",,,,,,,,,,,,,,,,,"",,,,,,,,,,,,,,,,,"",,,,,,,,,,,,,,,,,"",,,,,,,,,,,,,,,,,"",,,,,,,,,,,,,,,,,"",,,,,,,,,,,,,,,,,"",,,,,,,,,,,,,,,,,"",,,,,,,,,,,,,,,,,"",,,,,,,,,,,,,,,,,"",,,,,,,,,,,,,,,,,"",,,,,,,,,,,,,,,,,"",,,,,,,,,,,,,,,,,"B",,,,,,,,,,,,,,,,,"",,,,,,,,,,,,,,,,,"",,,,,,,,,,,,,,,,,"",,,,,,,,,,,,,,,,,"",,,,,,,,,,,,,,,,,"",,,,,,,,,,,,,,,,,"",,,,,,,,,,,,,,,,,"",,,,,,,,,,,,,,,,,"",,,,,,,,,,,,,,,,,"",,,,,,,,,,,,,,,,,"",,,,,,,,,,,,,,,,,"",,,,,,,,,,,,,,,,,"",,,,,,,,,,,,,,,,,"",,,,,,,,,,,,,,,,,"",,,,,,,,,,,,,,,,,"B",,,,,,,,,,,,,,,,,"",,,,,,,,,,,,,,,,,"",,,,,,,,,,,,,,,,,"",,,,,,,,,,,,,,,,,"B",,,,,,,,,,,,,,,,,"",,,,,,,,,,,,,,,,,"",,,,,,,,,,,,,,,,,"",,,,,,,,,,,,,,,,,"",,,,,,,,,,,,,,,,,"B",,,,,,,,,,,,,,,,,"",,,,,,,,,,,,,,,,,"",,,,,,,,,,,,,,,,,"",,,,,,,,,,,,,,,,,"",,,,,,,,,,,,,,,,,"",,,,,,,,,,,,,,,,,"",,,,,,,,,,,,,,,,,"",,,,,,,,,,,,,,,,,"",,,,,,,,,,,,,,,,,"",,,,,,,,,,,,,,,,,"",,,,,,,,,,,,,,,,,"",,,,,,,,,,,,,,,,,"",,,,,,,,,,,,,,,,,"",,,,,,,,,,,,,,,,,"",,,,,,,,,,,,,,,,,"",,,,,,,,,,,,,,,,,"",,,,,,,,,,,,,,,,,"",,,,,,,,,,,,,,,,,"",,,,,,,,,,,,,,,,,"",,,,,,,,,,,,,,,,,"",,,,,,,,,,,,,,,,,"",,,,,,,,,,,,,,,,,"",,,,,,,,,,,,,,,,,,,,,,,,,,,,,,
"Korea, Rep. of","542","Prices, Consumer Price Index, All items, Index","PCPI_IX","Value",,,,,,,,,,,,,,,,,,,,,,,,,,,,,,,,,,,,,,,,,,,,,,,,,,,,,,,,,,,,,,,,,,,,,,,,,,,,,,,,,,,,,,,,,,,,,,,,,,,,,,,,,,,,,,,,,,,,,,,,,,,,,,,,,,,,,,,,,,,,,,,,,,,,,,,,,,,,,,,,,,,,,,,,,,,,,,,,,,,,,,,,,,,,,,,,,,,,,,,,,,,,,,,,,,,,,,,,,,,,,,,,,,,,,,,,,,,,,,,,,,,,,,,,,,,,,,,,,,,,,,,,,,,,,,,,,,,,,,,,,,,,,,,,,,,,,,,,,,,,,,,,,,,,,,,,,,,,,,,,,,,,,,,,,,,,,,,,,,,,,,,,,,,,,,,,,,,,,,,,,,,,,,,,,,,,,,,,,,,,,,,,,,,,,,,,,,,,,,,,,,,,,,,,,,,,,,,,,,,,,,,,,,,,,,,,,,,,,,,,,,,,,,,,,,,,,,,,,,,,,,,,,,,,,,,,,,,,,,,,,,,,,,,,,,,,,,,,,,,,,,,,,,,,,,,,,,,,,,,,,,,,,,,,,,,,,,,,,,,"0.147918670258338","0.146434404402627",,"0.127205172932795","0.128689438788506","0.140519454457043",,,"0.156787448189628","0.187853989302171","0.229266164450173",,"0.241110883844426","0.260332705562717","0.264770799404133",,"0.278084965151012","0.301744996488087","0.323942643891972",,"0.282523058992428","0.272162721231254","0.294353074660965",,,"0.318020284194846","0.363877962935805","0.365354934817342",,"0.384584166287174","0.357963012990221","0.363877962935805",,"0.393460238192638","0.418604419608055","0.430441729250766",,"0.408251375821054","0.428964757369229","0.483691329818847",,,"0.460024004507599","0.449663666746424","0.479253235977431",,"0.476299407991726","0.440794773037767","0.440794773037767",,"0.486652451778726","0.52362664886268","0.60202031506881",,"0.670061053265308","0.723317832030195","0.7159186162289",,,"0.789874304370982","0.820940845483525","0.829809623414815",,"0.8416542270317","0.878628424115654","0.931878024683735",,"0.965898278004616","0.999918647102864","1.05169127578941",,"0.979212559528863","0.888981467902654","0.908210699372487",,,"0.931878024683735","0.967375249886152","0.986611775330159",,"1.03690013816099","1.13453032981113","1.14487619540132",,"1.14932158321691","1.19221744533379","1.2218008783643",,"1.17002060837148","1.17890420580585","1.27504225873926",,,"1.35787401878681","1.3830254941764","1.42444600529489",,"1.50579349948672","1.47029615850694","1.41260776943323",,"1.38894055989935","1.40965428877963","1.34752815319661",,"1.28539507097153","1.25138315362113","1.24694424933814",,,"1.26765103157635","1.30314837255613","1.28687933682724",,"1.32533826287637","1.35640480398892","1.35048279162389",,"1.34456772590094","1.33717534096435","1.36675761622118",,"1.36971920129053","1.31203081221683","1.28984092189659",,,"1.3135011847884","1.32829174352998","1.33717534096435",,"1.36527335036547","1.38154933273644","1.35787401878681",,"1.34900547241025","1.35787401878681","1.4318372324578",,"1.42740643259056","1.37266573530206","1.39337830640866",,,"1.40669270371028","1.43775229818075","1.45402828055172",,"1.49692379533649","1.49248604882718","1.49100178297146",,"1.50283886105944","1.51467593914742","1.51319167329171",,"1.49692379533649","1.45698870784739","1.45994218850099",,,"1.55312791855448","1.59011647203205","1.60933783064087",,"1.61969874728888","1.64780370333207","1.57384048966108",,"1.61081514985451","1.63448930603046","1.62856729366543",,"1.63300504017475","1.55312791855448","1.52206832408401",,,"1.54573553361789","1.60490703077362","1.6507502373436",,"1.68181677845615","1.71436063878233","1.70548398799003",,"1.72175997036099","1.77204787008236","1.74986492640419",,"1.76021773863645","1.75873347278074","1.77944720166102",,,"1.82530545928882","1.86524054677792","1.87559335901018",,"1.93919565603316","1.91700576571292","1.96877793128999",,"2.21284241156539","2.24982401840088","2.21875747728834",,"2.13444145138508","2.18177587045284","2.28679867859431",,,"2.4125271112003","2.57967489715111","2.63440170115546",,"2.68765813258824","2.81338656519424","2.68469654751889",,"2.61370186555932","2.59150502859701","2.68469654751889",,"2.74090761737896","2.73942335152324","2.76309750769919",,,"2.8865740705007","2.94945275897468","2.95603354456271",,"3.00136501516684","3.06131916732917","3.03426662755964",,"3.07374786776681","3.10372494384798","3.08910226228977",,"3.07082333145517","3.01891223303669","3.02841755493636",,,"3.10080040753633","3.18853881243295","3.23971935566036",,"3.27335152324424","3.36401446445249","3.36986353707577",,"3.35450914255281","3.42396861661482","3.48757786027987",,"3.57824080148813","3.48757786027987","3.49050239659151",,,"3.50878132742612","3.55996187065352","3.60894843276036",,"3.7054604465919","3.74128659529635","3.69961137396862",,"3.7054604465919","3.75079191719603","3.81074606935836",,"3.87143077671177","3.89555878016965","3.89263424385801",,,"3.9679427905433","4.03155319198203","4.0710344321892",,"4.06810989587755","4.07688350481248","4.09223789933544",,"4.0893133630238","4.11636590279332","4.13756936993956",,"4.24943462052038","4.34887117066356","4.32181863089403",,,"4.43368388147485","4.46073642124438","4.49436974660193",,"4.51849775005982","4.54847482614099","4.56382922066395",,"4.56382922066395","4.58795722412183","4.7356486234071",,"4.86286826851087","4.91697334804992","5.0259140623191",,,"5.09318071303422","5.19554064171536","5.30886931822567",,"5.42219683696231","5.36809175742326","5.25476423868662",,"5.29278321073797","5.33007278537192","5.45948525382258",,"5.56696485770961","5.55672898061887","5.75048356347301",,,"5.90109949906992","6.01954553523877","6.13287305397541",,"6.10582051420588","5.99761035512778","5.98737447803703",,"6.09485292415039","6.14895800368944","6.25131909014426",,"6.20233252803742","6.21330011809292","6.2725225572905",,,"6.36976512631311","6.573755586258","6.7572742920214",,"6.80041178150495","6.82746432127448","6.86475273813475",,"6.94006128482004","7.0475397309334","7.05338880355668",,"6.97223234202178","6.84354927098851","6.84866778842072",,,"6.86987125556696","6.89180527790428","6.90277286795977",,"6.94006128482004","6.97808141464507","6.96199530715736",,"6.99928488179131","7.06947491104439","7.12869735024197",,"7.13966494029747","7.22520936407351","7.42993037920947",,,"7.74798007085575","8.15669270371028","8.46377480530106",,"8.62024097129493","8.66337846077849","8.59830579118394",,"8.78694301437955","9.06185405876859","9.21247115213918",,"9.12619501539839","9.24975956899945","9.39525814493783",,,"9.71915690920739","9.89463256122693","10.081075803302",,"10.3991243371746","10.772009663551","10.9145837031777",,"11.1127250904993","11.3540051250782","11.7488210004708",,"11.9133290624349","11.8255929730856","11.8804367122315",,,"11.9571971071095","12.0888128188702","12.2971889255088",,"12.4287930595327","12.5055650321475","12.6262050494369",,"12.8674850840158","12.9990892180397","13.0977894241234",,"12.955221173365","12.9442570566306","13.0210174515086",,,"13.1197292353291","13.4268055480515","13.6132534212212",,"13.6242175379557","13.7667973664508","13.8984015004747",,"14.0746030765906","14.2610509497603","14.304918994435",,"14.2610509497603","14.3158831111694","14.4474988229301",,,"14.8642510362074","15.1713273489298","15.368739338834",,"15.3468111053651","15.5003434728579","15.9280713806065",,"16.1583757207141","16.1912796486543","16.5202957725824",,"16.6628756010775","16.7506116904268","16.8164195463071",,,"16.9589877970654","17.5519531641955","17.8700051713891",,"18.3086856181354","18.8789817766423","19.0544655330776",,"19.1422016224269","19.2079979005704","19.4712177463549",,"19.6028218803788","19.8989340763668","20.3822235429418",,,"21.2654543489839","22.187435840042","23.0128937395318",,"23.1825307388912","23.910747227132","24.2024830386156",,"24.3969658611135","24.8093301121497","25.2706913452558",,"25.9747798300388","26.1202772482035","26.9457467254301",,,"27.3822389799242","27.60084980588","28.1353244467771",,"28.3780632761908","29.0090499309195","29.809650429534",,"30.1013862410176","30.4172384782223","30.8054747258006",,"30.7323613180096","30.465494485138","30.6351199067606",,,"30.7813467223427","30.9268557182442","31.2178505545736",,"31.2668359589068","31.5095747883204","31.7033282134008",,"31.7764416211919","31.8736830324408","32.0191804506055",,"31.9460670428145","31.752313617734","32.1164218618544",,,"32.3591722690049","32.5770536975432","32.69842311225",,"32.6019110984185","32.69842311225","32.6742951087921",,"32.6742951087921","32.69842311225","32.7474085165832",,"32.7232805131253","32.6501671053343","32.7474085165832",,,"32.9411619416636","33.2328861754104","33.354267167854",,"33.451508579103","33.4025231747698","33.2328861754104",,"33.2328861754104","33.4025231747698","33.7914888197655",,"33.6211340007255","33.5487499903519","33.5487499903519",,,"33.6364860797011","33.875566344291","33.9099406448028",,"33.9443033675777","34.184113029585","34.2177463549425",,"34.2177463549425","34.2864833782292","34.6630145339189",,"34.7653733048264","34.3552088237791","34.5599263655941",,,"34.868473050888","35.0731905927029","35.1419160382528",,"35.1075533154779","35.313011832447","35.2442863868971",,"35.278649109672","35.2442863868971","35.4497333261294",,"35.1075533154779","35.0395572673454","35.0395572673454",,,"35.1762787610278","35.2442863868971","35.5184587716793",,"35.7239172886484","36.2708148411149","36.2371815157573",,"36.1340933474324","36.6473575745413","36.8871672365486",,"36.9215415370603","36.8528045137736","37.1606218016502",,,"37.3660687408825","37.9817033166357","38.5293302665195",,"38.461334218387","38.6660517602019","38.905872999946",,"38.9745984454959","39.1793275650476","39.2824157333724",,"39.1793275650476","39.4878626726048","39.8300426832563",,,"39.8980387313888","40.0347602250712","40.3089441875902",,"40.4800399817844","40.9933042088933","41.0613002570258",,"41.0276669316682","41.3354842195448","41.7120269529712",,"41.8143857238787","41.8831111694286","41.8487484466537",,,"42.8167861746386","43.0842318943493","43.5299747605338",,"44.020870800176","44.5106090661398","44.7317438387144",,"44.866045585409","45.0455005055612","45.3129462252719",,"45.446090198288","45.4912433717457","45.7563735440996",,,"46.7370078497055","47.3610478623639","47.9410924752429",,"48.163385021496","48.2965289945122","48.6079701140021",,"48.9205690071705","49.3211586998974","49.5897621932865",,"49.6789107665234","49.900045539098","49.9891941123349",,,"50.3469461789609","50.6583872984509","51.1932787378723",,"51.5047198573623","51.8173187505307","51.907625097446",,"52.1287598700206","52.2179084432575","52.3962055897313",,"52.3510524162737","52.083606696563","52.2179084432575",,,"52.6184981359844","52.975092428932","53.6431278413696",,"53.9557267345379","54.1340238810117","54.4014696007225",,"54.3574742009432","54.535771347417","54.8020592934493",,"55.0243518397024","54.9352032664655","55.2466443859554",,,"55.9609907455291","56.583872984509","57.0736112504728",,"57.1627598237097","57.2079129971673","57.6085026898942",,"58.0993987295364","58.5451415957209","58.3656866755687",,"58.1885473027733","58.2776958760102","58.3228490494678",,,"58.8693182256733","59.1101351507807","59.711019689871",,"60.0722450775323","60.192653540086","60.0131986199338",,"60.192653540086","60.5538789277472","61.095717009239",,"60.7958536265331","60.674287390301","61.095717009239",,,"61.6966015483293","61.9397340207936","62.3600058660533",,"62.7814354849914","63.1426608726526","63.1426608726526",,"63.443682029037","63.7435454117429","63.8651116479751",,"63.8651116479751","63.8651116479751","64.1047707994041",,,"64.5875624232975","64.9476300372803","65.1884469623878",,"65.4894681187721","65.549672350049","65.6700808126027",,"65.7904892751565","66.2709653516931","66.5743020554342",,"66.5743020554342","66.6333485130327","68.319066988785",,,"69.9445812332605","71.1486658587979","71.0282573962442",,"71.2690743213517","70.9078489336904","70.6068277773061",,"70.6068277773061","70.8464869287352","71.1486658587979",,"71.388325010227","71.1486658587979","71.0282573962442",,,"70.9680531649673","71.2690743213517","71.388325010227",,"71.5689377040576","71.4485292415039","71.0282573962442",,"70.7862826974583","71.5098912464591","71.6905039402897",,"72.2323420217816","72.1107757855494","71.9903673229957",,,"72.3099128582345","72.5310476308091","72.8957463395056",,"72.60282959887","72.2369731164952","72.60282959887",,"72.8957463395056","73.260445048202","74.2109772381695",,"74.1380374964302","73.6992412723161","73.9910002392732",,,"74.7968107194406","75.161509428137","75.8202826511474",,"76.1120416181045","76.0391018763652","76.2579211015831",,"76.4038005850616","76.6967173256972","76.6237775839579",,"76.6237775839579","76.1861391335222","76.3320186170008",,,"76.7696570674365","77.1355135498113","77.5743097739254",,"78.0131059980395","78.3048649649966","78.2319252232574",,"78.0131059980395","78.5248419638929","78.9647959616854",,"78.7436611891108","78.8177587045284","79.1812996395465",,,"79.6953511527567","80.1329896031924","81.0835217931599",,"80.9376423096813","80.7917628262027","80.5717858273065",,"80.5000038592456","80.864702567942","81.5964155326917",,"81.6681975007526","81.522318017274","81.8893322733272",,,"82.4010682391806","82.765766947877","83.5692618806876",,"83.5692618806876","83.4974799126267","83.4974799126267",,"84.0092158784801","84.7386132958729","84.7386132958729",,"84.7386132958729","84.2280351036979","84.3750723608549",,,"85.2051960882687","85.5502126444323","86.0665797049993",,"86.1534127308794","86.0665797049993","85.8072384010374",,"86.1534127308794","86.4115962611629","86.8422880695282",,"86.6697797914464","86.3247632352828","86.5841045392447",,,"87.1004715998117","87.2741376515719","87.7905047121389",,"87.877337738019","88.0486882424224","87.877337738019",,"88.2211965205042","88.7375635810712","88.9957471113547",,"88.5650553029894","88.1355212683025","88.393704798586",,,"88.5650553029894","89.1682553894365","89.6857802236819",,"90.0296390061671","90.1164720320472","90.1164720320472",,"90.4614885882108","90.5471638404125","91.0646886746579",,"91.2360391790613","91.2360391790613","91.5810557352249",,,"92.0105897699118","92.3567640997538","93.2181477164844",,"93.7356725507298","94.5090653679019","95.112265454349",,"95.8022985666762","95.6297902885944","95.7166233144745",,"95.6297902885944","95.3716067583109","95.3716067583109",,,"95.458439784191","96.1473151228398","96.8361904614886",,"97.0932162180937","97.0932162180937","97.007540965892",,"97.3525575220556","97.6975740782192","97.7844071040993",,"97.5250658001374","97.6975740782192","98.0425906343828",,,"98.8171412252333","99.0162782979183","99.2165731442818",,"99.6160050633302","99.7167313733511","99.6160050633302",,"99.8162999096937","100.317615912441","101.116479750538",,"101.116479750538","100.617479295147","101.016911214196",,,"102.217522518698","102.916817820452","103.317407513179",,"103.4181338232","103.617270895885","103.817565742249",,"104.317723971318","105.018177046751","104.91745073673",,"104.718313664045","104.817882200387","105.217314119436",,,"105.637585964696","106.038175657422","106.068277773061",,"106.057857809955","106.247732693213","106.097222115021",,"105.857562963592","106.347301229556","107.107958536265",,"106.907663689902","106.527913923386","106.717788806644",,,"107.3580376508","107.716947491104","107.617378954762",,"107.468026150248","107.468026150248","107.337197724589",,"107.567594686591","107.948502226785","108.158059262575",,"107.828093764231","107.80725383802","107.938082263679",,,"108.518126876558","108.807570296159","109.007865142522",,"109.078489336904","109.257944257057","109.11785364197",,"109.277626409589","109.468659066526","109.398034872143",,"109.068069373799","108.848092374903","108.837672411797",,,"109.575174244939","109.510338918948","109.520758882054",,"109.554334318727","109.861144343504","109.883142043393",,"110.0811213424","110.235105241627","109.949135143062",,"109.949135143062","109.74073588095","110.069543605616",,,"110.257102941517","110.729474602305","110.44350450374",,"110.651903765852","110.717896865521","110.695899165631",,"110.487499903519","110.772312228406","111.432243225094",,"111.585069350643","111.42066548831","111.542231724542",,,"112.727791971225","113.03575976968","112.958188933227",,"112.815782770784","112.936191233338","112.69537430823",,"112.881775870453","113.528971356679","113.660957556017",,"113.550969056569","112.705794271336","113.112172832455",,,"113.584544493242","114.451716978365","114.331308515811",,"114.539707777924","114.595280914487","114.363726178807",,"114.144906953589","115.154485601155","116.033235823061",,"115.824836560949","115.001659475606","114.605700877592",,,"114.485292415039","114.979661775716","114.75968477682",,"115.176483301044","115.374462600051","115.188061037828",,"114.836097839594","115.111647975054","115.538866462384",,"115.824836560949","115.176483301044","115.452033436504",,,"115.881567471191","115.962611628679","115.707901419431",,"115.198481000934","115.12901458023","115.441613473398",,"115.348991579126","115.997344839031","116.634120362152",,"115.985767102247","115.881567471191","116.159433154007",,,"116.981452465672","117.606650252009","117.907671408393",,"118.069759723369","118.150803880857","118.150803880857",,"118.393936353322","118.961245455738","119.447510400667",,"119.655909662779","120.257951975548","120.454773500876",,,"121.207326391837","121.913568335662","122.793476331247",,"123.708117537184","124.530136848849","125.294267476594",,"125.896309789362","125.757376947954","126.116286788259",,"126.440463418211","126.313108313587","126.521507575699",,,"127.470881991988","127.795058621941","128.003457884053",,"128.281323566869","128.663388880742","128.651811143958",,"128.74443303823","130.052717294823",,"2010=100",
"Korea, Rep. of","542","Prices, Consumer Price Index, All items, Index","PCPI_IX","Value",,,,,,,,,,,,,,,,,,,,,,,,,,,,,,,,,,,,,,,,,,,,,,,,,,,,,,,,,,,,,,,,,,,,,,,,,,,,,,,,,,,,,,,,,,,,,,,,,,,,,,,,,,,,,,,,,,,,,,,,,,,,,,,,,,,,,,,,,,,,,,,,,,,,,,,,,,,,,,,,,,,,,,,,,,,,,,,,,,,,,,,,,,,,,,,,,,,,,,,,,,,,,,,,,,,,,,,,,,,,,,,,,,,,,,,,,,,,,,,,,,,,,,,,,,,,,,,,,,,,,,,,,,,,,,,,,,,,,,,,,,,,,,,,,,,,,,,,,,,,,,,,,,,,,,,,,,,,,,,,,,,,,,,,,,,,,,,,,,,,,,,,,,,,,,,,,,,,,,,,,,,,,,,,,,,,,,,,,,,,,,,,,,,,,,,,,,,,,,,,,,,,,,,,,,,,,,,,,,,,,,,,,,,,,,,,,,,,,,,,,,,,,,,,,,,,,,,,,,,,,,,,,,,,,,,,,,,,,,,,,,,,,,,,,,,,,,,,,,,,,,,,,,,,,,,,,,,,,,,,,,,,,,,,,,,,,,,,,,,,,"0.132138022059448",,,,,"0.191302533980657",,,,"0.255404796270425",,,,"0.301257535177024",,,,"0.283012951628216",,,,,"0.349084393982664",,,,"0.368808380737733",,,,"0.41416879568382",,,,"0.44030248766971",,,,,"0.462980302410485",,,,"0.452629651355753",,,,"0.537433138570072",,,,"0.703099167174801",,,,,"0.813541591089774",,,,"0.884053558610363",,,,"1.00583606696563",,,,"0.925468242268001",,,,,"0.961955016633349",,,,"1.10543555445781",,,,"1.18777996897167",,,,"1.20798902430553",,,,,"1.38844850608603",,,,"1.46289914247563",,,,"1.3820410006252",,,,"1.2612408246436",,,,,"1.28589291365324",,,,"1.34407528616306",,,,"1.34950022769549",,,,"1.32386364513465",,,,,"1.32632275642757",,,,"1.36823223396291",,,,"1.37957224121829",,,,"1.39781682476709",,,,,"1.43282442748092",,,,"1.49347054237838",,,,"1.51023549116619",,,,"1.47128489722829",,,,,"1.58419407374246",,,,"1.61378098009401",,,,"1.6246239165168",,,,"1.56940042760441",,,,,"1.60046426724504",,,,"1.70055380174284",,,,"1.74789092228251",,,,"1.7661328043594",,,,,"1.85537978835897",,,,"1.94165978434536",,,,"2.2271413024182",,,,"2.20100533347741",,,,,"2.54220123650229",,,,"2.72858041510046",,,,"2.62996781389174",,,,"2.74780949220047",,,,,"2.93068679134603",,,,"3.03231693668522",,,,"3.08885835796818",,,,"3.03938437314274",,,,,"3.17635285854321",,,,"3.33574317492417",,,,"3.42201853981584",,,,"3.51877368611984",,,,,"3.55923054361334",,,,"3.71545280528562",,,,"3.7556661443821",,,,"3.88654126691314",,,,,"4.02351013823818",,,,"4.07907710000849",,,,"4.1144162119189",,,,"4.30670814069266",,,,,"4.46293001644039",,,,"4.54360059895492",,,,"4.62914502273096",,,,"4.93525189295996",,,,,"5.19919689099175",,,,"5.3483509443574",,,,"5.36078041664415",,,,"5.6247258006005",,,,,"6.01783936276137",,,,"6.03026844912357",,,,"6.16504333932803",,,,"6.22938506780695",,,,,"6.5669316681975",,,,"6.83087628030473",,,,"7.01366327310337",,,,"6.888149800477",,,,,"6.888149800477",,,,"6.96004600220749",,,,"7.06581904769256",,,,"7.26493489452682",,,,,"8.1228158599557",,,,"8.62730840775245",,,,"9.02042274176244",,,,"9.25707090977856",,,,,"9.89828842457876",,,,"10.6952392346344",,,,"11.4051837386828",,,,"11.873119582584",,,,,"12.1143996171628",,,,"12.5201877137057",,,,"12.9881212420596",,,,"12.9734985605014",,,,,"13.3865960682006",,,,"13.7631388016271",,,,"14.213524340262",,,,"14.3414776279533",,,,,"15.1347725746571",,,,"15.5917419862765",,,,"16.2899837139836",,,,"16.7433022792705",,,,,"17.46031537755",,,,"18.7473776426184",,,,"19.2738057564507",,,,"19.9613264998958",,,,,"22.1552613095192",,,,"23.7652536682129",,,,"24.8256624395063",,,,"26.3469346012242",,,,,"27.7061377441938",,,,"29.0655878788814",,,,"30.4413664816802",,,,"30.6109919033027",,,,,"30.9753509983868",,,,"31.4932463202093",,,,"31.8897683680794",,,,"31.9382675074676",,,,,"32.544883026266",,,,"32.6582097731535",,,,"32.7067089125418",,,,"32.7069520450142",,,,,"33.176105094976",,,,"33.3623059764277",,,,"33.4756327233152",,,,"33.5728779938098",,,,,"33.8073310229316",,,,"34.1153875840351",,,,"34.3890814223636",,,,"34.5601694980665",,,,,"35.0278598939479",,,,"35.221617178274",,,,"35.3242229408995",,,,"35.0622226167229",,,,,"35.3130079732014",,,,"36.0773045485069",,,,"36.5562060528408",,,,"36.9783226174947",,,,,"37.9590341080126",,,,"38.677752992845",,,,"39.145447247972",,,,"39.4990776403029",,,,,"40.0805810480167",,,,"40.8448814825678",,,,"41.3583927013947",,,,"41.8487484466537",,,,,"43.1436642765072",,,,"44.4210745683434",,,,"45.0748307720807",,,,"45.5645690380445",,,,,"47.3463827291041",,,,"48.3559613766701",,,,"49.2771633001181",,,,"49.8560501393188",,,,,"50.7328707384281",,,,"51.743221235113",,,,"52.2476246343365",,,,"52.217522518698",,,,,"53.0789061354287",,,,"54.1637400720907",,,,"54.5651016139365",,,,"55.0687331640411",,,,,"56.5394916601703",,,,"57.3263918369237",,,,"58.3367423336086",,,,"58.2630307427504",,,,,"59.230157688775",,,,"60.092699079184",,,,"60.6140831590241",,,,"60.855286008691",,,,,"61.9987804783921",,,,"63.0222524100989",,,,"63.684113029585",,,,"63.9449980317847",,,,,"64.9078798076552",,,,"65.5697404271413",,,,"66.2119188940946",,,,"67.175572519084",,,,,"70.7071681627675",,,,"70.9279170107827",,,,"70.8673268549464",,,,"71.188416088423",,,,,"71.2084841655153",,,,"71.3485747806019",,,,"71.3288926280691",,,,"72.1111617101089",,,,,"72.5789022761831",,,,"72.4808774380784",,,,"73.4557228752923",,,,"73.9427596693398",,,,,"75.2595342662416",,,,"76.1363548653509",,,,"76.5747651649056",,,,"76.3806451114936",,,,,"77.1598267970577",,,,"78.1832987287645",,,,"78.500914641206",,,,"78.9142398443952",,,,,"80.3039541830363",,,,"80.7670636543968",,,,"80.9870406532931",,,,"81.6932825971179",,,,,"82.9120323559151",,,,"83.5214072353136",,,,"84.4954808234087",,,,"84.4472402534752",,,,,"85.6073294792334",,,,"86.0090769456387",,,,"86.4690990205235",,,,"86.5262158553246",,,,,"87.3883713211741",,,,"87.9344545728201",,,,"88.65150240431",,,,"88.3647604566259",,,,,"89.1396969720359",,,,"90.0875276900871",,,,"90.6911137010937",,,,"91.3510446977825",,,,,"92.5285005287166",,,,"94.4523344576602",,,,"95.716237389915",,,,"95.4576679350721",,,,,"96.1473151228398",,,,"97.0646578006931",,,,"97.611512901458",,,,"97.7550768375798",,,,,"99.0166642224778",,,,"99.6495805000039",,,,"100.416798524224",,,,"100.916956753294",,,,,"102.81724928411",,,,"103.617656820445",,,,"104.7511172516",,,,"104.917836661289",,,,,"105.914679798393",,,,"106.13427087273",,,,"106.437607576471",,,,"106.717788806644",,,,,"107.564121365555",,,,"107.424416675028",,,,"107.891385391984",,,,"107.85780995531",,,,,"108.77785410508",,,,"109.151429078644",,,,"109.381440116086",,,,"108.917944720166",,,,,"109.535424015314",,,,"109.766206901875",,,,"110.08845390903",,,,"109.919804876543",,,,,"110.476694015854",,,,"110.688566599001",,,,"110.897351785673",,,,"111.515988854499",,,,,"112.907246891378",,,,"112.815782770784",,,,"113.357234927716",,,,"113.12297872012",,,,,"114.12252332914",,,,"114.499571623739",,,,"115.110876125935",,,,"115.144065638049",,,,,"114.741546322525",,,,"115.246335646308",,,,"115.162204092344",,,,"115.484451099499",,,,,"115.850693506433",,,,"115.256369684854",,,,"115.993485593436",,,,"116.008922575815",,,,,"117.498591375358",,,,"118.123789161695",,,,"118.934230736576",,,,"120.122878379734",,,,,"121.971457019582",,,,"124.510840620875",,,,"125.923324508525",,,,"126.425026435832",,,,,"127.756466165994",,,,"128.532174530523",,,,,,,,"2010=100",
"Korea, Rep. of","542","Prices, Consumer Price Index, All items, Index","PCPI_IX","Value",,,,,,,,,,,,,,,,,,,,,,,,,,,,,,,,,,,,,,,,,,,,,,,,,,,,,,,,,,,,,,,,,,,,,,,,,,,,,,,,,,,,,,,,,,,,,,,,,,,,,,,,,,,,,,,,,,,,,,,,,,,,,,,,,,,,,,,,,,,,,,,,,,,,,,,,,,,,,,,,,,,,,,,,,,,,,,,,,,,,,,,,,,,,,,,,,,,,,,,,,,,,,,,,,,,,,,,,,,,,,,,,,,,,,,,,,,,,,,,,,,,,,,,,,,,,,,,,,,,,,,,,,,,,,,,,,,,,,,,,,,,,,,,,,,,,,,,,,,,,,,,,,,,,,,,,,,,,,,,,,,,,,,,,,,,,,,,,,,,,,,,,,,,,,,,,,,,,,,,,,,,,,,,,,,,,,,,,,,,,,,,,,,,,,,,,,,,,,,,,,,,,,,,,,,,,,,,,,,,,,,,,,,,,,,,,,,,,,,,,,,,,,,,,,,,,,,,,,,,,,,,,,,,,,,,,,,,,,,,,,,,,,,,,,,,,,,,,,,,,,,,,,,,,,,,,,,,,,,,,,,,,,,,,,,,,,,,,,,,,,,,,,"0.25774445426408",,,,,,,,,,,,,,,,,"0.393091014518482",,,,,,,,,,,,,,,,,"0.539035564877778",,,,,,,,,,,,,,,,,"0.907224864733442",,,,,,,,,,,,,,,,,"1.11578989109209",,,,,,,,,,,,,,,,,"1.37365736845761",,,,,,,,,,,,,,,,,"1.32583301816161",,,,,,,,,,,,,,,,,"1.36798601409397",,,,,,,,,,,,,,,,,"1.47695383956344",,,,,,,,,,,,,,,,,"1.59799984948942",,,,,,,,,,,,,,,,,"1.70376044890745",,,,,,,,,,,,,,,,,"2.05629655214999",,,,,,,,,,,,,,,,,"2.66213973942374",,,,,,,,,,,,,,,,,"3.02281161478554",,,,,,,,,,,,,,,,,"3.36322206485076",,,,,,,,,,,,,,,,,"3.72922269004855",,,,,,,,,,,,,,,,,"4.13092789771455",,,,,,,,,,,,,,,,,"4.64273188277156",,,,,,,,,,,,,,,,,"5.38326351314845",,,,,,,,,,,,,,,,,"6.11063405475498",,,,,,,,,,,,,,,,,"6.82490525552065",,,,,,,,,,,,,,,,,"7.04473743622597",,,,,,,,,,,,,,,,,"8.75690447981229",,,,,,,,,,,,,,,,,"10.96795774512",,,,,,,,,,,,,,,,,"12.6490517833574",,,,,,,,,,,,,,,,,"13.9261842095107",,,,,,,,,,,,,,,,,"15.9399501385469",,,,,,,,,,,,,,,,,"18.8607063191287",,,,,,,,,,,,,,,,,"24.2732780046157",,,,,,,,,,,,,,,,,"29.4560210020145",,,,,,,,,,,,,,,,,"31.5741582985358",,,,,,,,,,,,,,,,,"32.6541884392439",,,,,,,,,,,,,,,,,"33.3967304471322",,,,,,,,,,,,,,,,,"34.2179923818492",,,,,,,,,,,,,,,,,"35.1589806574611",,,,,,,,,,,,,,,,,"36.2312102980109",,,,,,,,,,,,,,,,,"38.8203279972831",,,,,,,,,,,,,,,,,"41.0331509196582",,,,,,,,,,,,,,,,,"44.5510346637439",,,,,,,,,,,,,,,,,"48.7088893863028",,,,,,,,,,,,,,,,,"51.7353097816439",,,,,,,,,,,,,,,,,"54.2191202463742",,,,,,,,,,,,,,,,,"57.6164141433633",,,,,,,,,,,,,,,,,"60.1980564839185",,,,,,,,,,,,,,,,,"63.1625359874652",,,,,,,,,,,,,,,,,"65.9662779119938",,,,,,,,,,,,,,,,,"70.9227070292299",,,,,,,,,,,,,,,,,"71.4992783210738",,,,,,,,,,,,,,,,,"73.1145655647234",,,,,,,,,,,,,,,,,"76.0878248519979",,,,,,,,,,,,,,,,,"78.1895700028559",,,,,,,,,,,,,,,,,"80.9378352719611",,,,,,,,,,,,,,,,,"83.8440401670281",,,,,,,,,,,,,,,,,"86.15293032518",,,,,,,,,,,,,,,,,"88.0847721887326",,,,,,,,,,,,,,,,,"90.3173457652498",,,,,,,,,,,,,,,,,"94.538685077841",,,,,,,,,,,,,,,,,"97.1446406656427",,,,,,,,,,,,,,,,,"100",,,,,,,,,,,,,,,,,"104.025965004361",,,,,,,,,,,,,,,,,"106.301086763559",,,,,,,,,,,,,,,,,"107.684433346969",,,,,,,,,,,,,,,,,"109.057167004994",,,,,,,,,,,,,,,,,"109.82747242569",,,,,,,,,,,,,,,,,"110.894650313757",,,,,,,,,,,,,,,,,"113.050810827499",,,,,,,,,,,,,,,,,"114.719259179216",,,,,,,,,,,,,,,,,"115.158634290169",,,,,,,,,,,,,,,,,"115.777367840135",,,,,,,,,,,,,,,,,"118.669872413341",,,,,,,,,,,,,,,,,"124.707662146204",,,,,,,,,,,,,,,,,,,,,,,,,,,,,,"2010=100",
KOR,542,"Korea, Rep.",Index,Energy Price Index,,,,,,,,,,,,,,,,,,,,,,,,,,,,,,,,,,,,,,,,,,,,,,,,,,,,,,,,,,,,,,,,,,,,,,,,,,,,,,,,,,,,,,,,,,,,,,,,,,,,,,,,,,,,,,,,,,,,,,,,,,,,,,,,,,,,,,,,,,,,,,,,,,,,,,,,,,,,,,,,,,,,,,,,,,,,,,,,,,,,,,,,,,,,,,,,,,,,,,,,,,,,,,,,,,,,,,,,,,,,,,,,,,,,,,,,,,,,,,,,,27.1,27.1,27.1,27.1,27.1,27.1,27.1,27.1,27.1,27.2,28.2,30.6,30.6,30.6,30.6,30.6,30.6,30.6,31.3,31.3,31.4,31.6,32.2,32.2,32.2,32.2,32.3,32.7,32.7,33.8,36.1,36.1,36.1,36.1,36.2,36.3,36.4,36.4,36.4,36.4,36.4,36.4,36.4,36.4,36.4,36.4,36.5,36.6,37.1,36.8,36.9,36.8,35.9,36.2,36.4,36.7,36.3,35.8,35.9,36.0,35.8,36.4,37.1,36.7,37.1,36.7,36.5,36.9,38.1,38.4,37.0,38.0,38.9,39.2,38.5,39.1,39.2,39.1,41.3,42.0,42.3,42.5,43.3,44.5,46.7,47.4,47.0,46.7,46.3,46.5,45.3,45.7,46.2,46.5,47.9,61.2,65.0,69.6,62.2,62.1,58.1,59.0,58.9,58.8,60.0,62.3,62.4,61.4,59.4,58.9,58.9,60.1,61.0,60.8,60.7,61.3,62.7,65.7,66.9,66.2,65.2,65.7,65.6,64.7,64.4,67.3,67.3,68.6,70.0,71.0,71.3,72.5,72.5,73.0,73.1,73.4,73.4,73.6,73.6,72.7,72.3,72.2,71.3,69.7,69.8,68.3,68.6,69.9,70.8,70.8,70.0,69.8,69.7,71.3,72.0,71.9,72.5,73.9,74.8,73.4,73.0,72.4,72.4,72.2,72.1,71.6,72.5,73.3,74.3,75.7,76.0,75.5,76.0,76.0,76.5,77.5,77.6,79.0,78.7,78.2,78.3,78.1,79.4,79.3,79.6,79.5,81.4,82.3,83.9,83.9,83.9,83.6,85.1,85.6,85.6,86.3,86.9,87.0,88.7,89.0,89.5,87.5,85.3,85.2,84.7,84.6,85.5,87.1,88.6,89.0,89.7,89.5,90.7,91.5,94.3,95.9,96.2,96.0,97.1,99.3,103.8,108.8,110.1,105.9,102.8,101.8,96.7,91.2,89.0,92.2,93.7,94.6,93.3,95.2,96.9,98.3,98.7,96.9,98.7,98.9,100.0,99.8,100.9,101.7,101.9,101.5,101.9,101.8,102.2,102.6,102.0,104.0,107.3,108.2,110.7,111.0,111.4,110.9,111.9,112.8,112.9,114.8,114.7,114.1,114.4,115.9,117.3,118.0,117.7,116.1,114.5,116.2,118.0,118.0,116.6,116.1,116.2,116.9,118.8,117.6,115.9,115.8,116.9,117.7,117.3,116.5,116.5,116.6,118.8,118.6,118.6,118.2,118.0,117.4,117.1,116.6,115.6,114.5,112.9,110.7,104.0,101.1,101.3,101.3,100.5,101.6,99.8,98.7,98.0,98.7,98.0,97.0,93.5,92.0,89.8,90.2,90.4,92.6,88.4,87.5,87.2,91.5,93.2,91.5,93.4,94.1,94.6,93.8,93.9,93.2,92.1,92.7,93.7,94.8,94.0,94.6,95.0,95.5,95.1,94.6,95.5,96.8,93.8,94.3,98.3,100.2,98.1,93.7,90.2,89.8,90.4,92.2,95.2,95.6,91.4,91.5,95.8,96.3,96.1,96.4,97.4,96.9,94.5,89.3,85.4,87.6,84.2,84.2,87.3,86.6,86.0,87.5,89.9,91.0,92.8,93.7,93.8,94.9,94.0,95.0,98.2,100.4,103.6,100.3,99.6,102.4,111.2,115.8,117.4,121.7,121.1,113.1,114.4,117.2,117.4,114.7,115.0,114.1,113.3,,OECDstat,2015,"Housing, Water, Electricity, Gas & Other Fuel",,,,,,,,,,,,,,,,,,,,,,,,,,,,,,,,,,,,,,,,,,,,,,,,,,,,,,,,,,,,,,,,,,,,,,,,,,,,,,,,,,,,,,,,,,,,,,,,,,,,,,,,,,,,,,,,,,,,,,,,,,,,,,,,,,,,,,,,,,,,,,,,,,,,,,,,,,,,,,,,,,,,,,,,,,,,,,,,,,,,,,,,,,,,,,,,,,,,,,,,,,,,,,,,,,,,,,,,,,,,,,,,,,,,,,,,,,,,,,,,,,,,,,,,,,,,,,,,,,,,,,,,,,,,,,,,,,,,,,,,,,,,,,,,,,,,,,,,,,,,,,,,,,,,,,,,,,,,,,,,,,,,,,,,,,,,,,,,,,,,,,,,,,,,,,,,,,,,,,,,,,,,,,,,,,,,,,,,,,,,,,,,,,,,,,,,,,,,,,,,,,,,,,,,,,,,,,,,,,,,,,,,,,,,,,,,,,,,,,,,,,,,,,,,,,,,,,,,,,,,,,,,,,,,,,,,,,,,,,,,,,,,,,,,,,,,,,,,,,,,,,,,,,,,,,,,,,,,,,,,,,,,,,,,,,,,,,,,,,,,,,,,,,,,,,,,,,,,,,,,,,,,,,,,,,,,,,,,,,,,,,,,,,,,,,,,,,,,,,,,,,,,,,,,,,,,,,,,,,,,
KOR,542,"Korea, Rep.",index,Energy Price Index,,,,,,,,,,,,,,,,,,,,,,,,,,,,,,,,,,,,,,,,,,,,,,,,,,,,,,,,,,,,,,,,,,,,,,,,,,,,,,,,,27.1,27.1,27.1,28.6,30.6,30.6,31.4,32.0,32.3,33.1,36.1,36.2,36.4,36.4,36.4,36.5,36.9,36.3,36.5,35.9,36.4,36.8,37.2,37.8,38.9,39.1,41.9,43.5,47.0,46.5,45.7,51.9,65.6,59.7,59.2,62.0,59.1,60.7,61.5,66.3,65.5,65.5,68.6,71.6,72.9,73.4,72.9,71.1,68.9,70.5,69.8,71.7,73.7,72.9,72.2,72.5,75.3,75.8,77.2,78.6,78.6,79.5,82.5,83.8,85.4,86.7,89.1,86.0,84.9,88.2,90.0,93.9,96.4,104.0,106.3,96.6,91.6,94.3,98.0,98.2,100.2,101.7,102.0,102.9,108.7,111.1,112.5,114.6,115.9,117.3,116.2,116.9,117.3,116.5,117.3,116.5,118.7,117.9,116.4,112.7,102.1,101.1,98.8,97.9,91.7,91.0,87.7,92.1,94.1,93.6,92.8,94.5,95.2,95.6,95.5,97.3,90.2,94.3,92.9,96.3,96.2,87.5,85.2,86.7,91.2,94.1,95.7,101.5,104.4,118.3,116.2,116.4,114.1,,OECD,2015,"Housing, Water, Electricity, Gas & Other Fuel"
KOR,542,"Korea, Rep.",Inflation,Energy Consumer Price Inflation,8.2,8.2,10.0,5.6,38.0,15.1,4.1,17.3,23.2,24.6,32.5,29.4,13.9,0.7,0.6,2.8,2.6,2.4,3.6,4.2,7.7,11.2,7.1,5.4,4.1,4.3,4.8,5.0,7.3,-3.0,3.7,6.0,2.8,4.2,3.2,1.9,2.9,2.2,4.4,1.1,2.4,4.5,4.6,3.5,2.9,-0.6,-0.8,1.7,0.7,-2.6,0.2,7.6,19.0,,
KOR,542,"Korea, Rep.",Index,Food Price Index,,,,,,,,,,,,,,,,,,,,,,,,,,,,,,,,,,,,,,,,,,,,,,,,,,,,,,,,,,,,,,,,,,,,,,,,,,,,,,,,,,,,,,,,,,,,,,,,,,,,,,,,,,,,,,,,,,,,,,,,,,,,,,,,,,,,,,,,,,,,,,,,,,,,,,,,,,,,,,,,,,,,,,,,,,,,,,,,,,,,,23.0,23.5,23.3,23.2,23.6,23.6,23.5,23.6,24.2,24.3,23.4,23.6,24.2,24.6,24.5,24.4,24.6,24.1,24.1,24.0,24.3,23.6,23.4,23.3,23.5,23.5,23.7,24.0,24.9,24.8,24.5,25.6,26.0,25.9,25.7,26.1,26.5,27.1,27.4,27.1,27.2,27.4,27.5,27.8,27.9,27.4,27.8,28.4,28.6,28.7,28.7,28.8,29.3,29.1,28.7,29.2,29.8,29.8,29.7,29.5,30.2,30.4,30.5,31.4,32.1,32.3,32.4,32.7,33.3,33.2,32.8,32.8,33.7,34.5,35.0,35.3,35.0,35.2,35.2,36.3,36.7,36.5,36.5,36.4,36.8,37.1,37.0,37.4,37.8,37.8,37.8,37.9,38.2,37.7,36.7,36.7,37.2,37.2,37.5,37.9,38.1,38.6,38.4,38.7,39.5,39.8,39.4,40.1,40.9,41.9,42.0,41.8,41.7,42.0,43.1,44.0,43.5,43.0,43.0,42.8,43.5,43.9,44.3,44.5,44.1,43.3,43.2,43.7,44.8,43.4,43.1,43.4,44.1,44.4,44.3,45.0,45.7,45.6,45.6,45.6,45.6,45.2,44.9,45.1,45.4,45.9,45.8,46.5,46.4,46.4,47.0,47.9,48.2,47.7,47.3,47.9,49.4,50.3,50.9,51.5,51.9,50.8,51.0,52.4,53.0,53.1,52.3,52.5,53.0,54.0,54.3,54.6,54.0,52.6,52.1,54.4,54.7,55.3,54.3,54.1,54.8,55.3,55.0,54.0,53.1,53.1,53.7,54.3,56.8,55.7,53.4,53.5,54.9,55.4,56.8,57.2,56.5,57.1,57.9,59.3,58.7,58.5,56.7,57.3,58.5,60.1,59.5,59.8,60.3,59.8,59.0,60.9,62.3,59.7,59.1,60.2,61.3,61.9,63.1,62.5,61.5,60.5,60.5,61.9,64.9,65.4,64.4,64.4,65.5,66.3,67.7,67.5,66.8,66.6,67.6,70.2,70.4,69.7,67.5,67.5,68.8,70.3,70.5,70.9,70.1,68.8,69.8,70.1,71.5,70.6,68.0,69.1,70.5,70.2,70.2,70.0,69.4,68.8,69.2,71.8,72.5,71.0,69.1,70.2,70.5,72.1,71.5,71.7,71.2,70.8,71.7,71.8,73.9,74.1,72.1,72.5,72.7,73.3,73.2,74.3,74.6,74.4,75.8,77.2,77.9,77.3,77.4,78.7,80.4,80.7,82.0,83.3,82.8,80.4,81.1,81.7,81.5,81.0,79.7,81.0,83.0,83.9,84.5,85.8,85.4,84.3,84.7,86.9,91.3,91.4,88.5,88.5,91.4,93.3,93.0,92.2,91.3,92.0,93.7,96.5,96.3,94.0,93.8,95.2,96.9,96.5,97.5,97.1,96.9,96.4,95.8,97.0,100.5,98.9,96.5,97.2,99.1,99.7,98.7,98.8,97.8,96.7,97.4,99.6,99.7,97.4,95.9,96.2,97.3,98.3,98.6,98.5,98.5,98.1,98.4,99.2,99.9,97.9,97.6,98.2,99.7,100.4,99.4,99.3,100.8,100.5,100.2,100.9,100.7,99.7,98.4,100.0,100.8,103.4,102.3,102.3,101.2,99.7,99.7,101.0,105.9,104.5,102.9,104.0,107.2,107.3,106.3,105.2,104.9,104.1,104.4,107.5,108.8,106.2,103.2,104.4,106.0,109.1,107.3,107.9,106.9,105.5,105.8,111.3,115.2,112.2,108.7,108.9,108.8,109.5,108.5,109.4,108.8,107.6,106.7,107.7,110.5,110.7,107.9,109.0,110.4,109.8,111.4,110.9,111.8,112.1,112.6,115.6,119.0,119.1,115.0,115.3,117.4,120.0,120.2,119.7,119.4,118.8,119.0,120.6,122.5,121.2,121.8,122.5,123.9,124.4,124.2,125.1,126.6,126.5,128.5,130.3,132.1,130.4,127.7,128.9,131.1,131.6,132.1,,OECDstat,2015,Food and non-acoholic beverage,
KOR,542,"Korea, Rep.",index,Food Price Index,,,,,,,,,,,,,,,,,,,,,,,,,,,,,,,,,,,,,,,,,,,,,,,,,,,,,,,,,,,,,23.2,23.5,23.8,23.8,24.4,24.4,24.2,23.4,23.6,24.6,25.4,25.9,27.0,27.2,27.7,27.9,28.7,29.1,29.2,29.6,30.4,32.0,32.8,32.9,34.4,35.2,36.1,36.5,37.0,37.7,38.0,37.0,37.3,38.2,38.9,39.8,41.6,41.8,43.5,42.9,43.9,44.0,43.9,43.3,44.2,45.4,45.6,45.0,45.7,46.5,47.7,47.7,50.2,51.4,52.1,52.7,53.8,53.8,53.7,54.5,55.1,53.4,54.9,54.2,55.7,56.9,58.6,57.5,59.4,60.0,60.7,59.6,62.1,61.5,62.5,64.7,66.5,67.0,69.4,68.3,69.9,69.9,70.5,69.2,70.3,69.4,71.2,70.1,71.4,71.2,72.5,72.9,73.1,74.4,77.0,77.8,81.0,82.2,81.4,80.6,83.8,85.2,87.6,89.5,92.6,91.8,95.5,94.3,97.0,96.8,97.7,97.5,99.2,97.8,98.9,96.5,98.1,98.4,99.2,97.9,99.9,100.2,100.6,99.3,102.1,101.1,102.2,103.8,106.9,104.7,106.9,104.6,107.5,106.7,110.8,109.9,108.9,108.6,108.3,109.2,110.5,111.6,115.8,116.5,119.2,119.3,120.7,121.8,124.2,126.1,130.3,129.0,131.6,,OECD,2015,Food and non-acoholic beverage,
KOR,542,"Korea, Rep.",Inflation,Food Consumer Price Inflation,18.5,18.5,13.4,2.7,27.5,31.8,17.9,11.6,16.3,14.0,26.6,27.5,2.4,1.5,1.4,3.7,2.2,3.1,10.6,6.2,9.9,11.0,5.3,3.0,10.2,3.0,3.0,4.0,10.1,4.5,0.8,5.1,4.8,4.7,8.1,3.1,0.5,2.5,5.0,7.6,6.4,8.1,4.0,0.9,0.3,1.6,2.3,3.4,2.8,0.0,4.4,5.9,5.9,,Food and non-acoholic beverage
KOR,542,"Korea, Rep.",Index,Headline Consumer Price Index,4.6,4.7,4.8,4.9,4.9,4.8,4.8,4.9,5.0,5.1,5.1,5.2,5.4,5.5,5.6,5.6,5.5,5.5,5.5,5.6,5.7,5.6,5.7,5.7,5.8,6.0,6.2,6.2,6.2,6.3,6.3,6.4,6.4,6.3,6.2,6.2,6.3,6.3,6.3,6.3,6.4,6.3,6.4,6.4,6.5,6.5,6.6,6.8,7.1,7.4,7.7,7.8,7.9,7.8,8.0,8.3,8.4,8.3,8.4,8.6,8.8,9.0,9.2,9.5,9.8,9.9,10.1,10.3,10.7,10.8,10.8,10.8,10.9,11.0,11.2,11.3,11.4,11.5,11.7,11.8,11.9,11.8,11.8,11.9,11.9,12.2,12.4,12.4,12.5,12.7,12.8,13.0,13.0,13.0,13.0,13.2,13.5,13.8,14.0,14.0,14.1,14.5,14.7,14.7,15.0,15.2,15.3,15.3,15.4,16.0,16.3,16.7,17.2,17.3,17.4,17.5,17.7,17.8,18.1,18.6,19.4,20.2,21.0,21.1,21.8,22.0,22.2,22.6,23.0,23.7,23.8,24.5,24.9,25.1,25.6,25.8,26.4,27.1,27.4,27.7,28.0,28.0,27.7,27.9,28.0,28.2,28.4,28.5,28.7,28.9,28.9,29.0,29.2,29.1,28.9,29.2,29.5,29.7,29.8,29.7,29.8,29.8,29.8,29.8,29.8,29.8,29.7,29.8,30.0,30.3,30.4,30.5,30.4,30.3,30.3,30.4,30.8,30.6,30.5,30.5,30.6,30.8,30.9,30.9,31.1,31.2,31.2,31.2,31.6,31.7,31.3,31.5,31.7,31.9,32.0,32.0,32.2,32.1,32.1,32.1,32.3,32.0,31.9,31.9,32.0,32.1,32.3,32.5,33.0,33.0,32.9,33.4,33.6,33.6,33.6,33.8,34.0,34.6,35.1,35.0,35.2,35.4,35.5,35.7,35.8,35.7,36.0,36.3,36.3,36.5,36.7,36.9,37.3,37.4,37.4,37.6,38.0,38.1,38.1,38.1,39.0,39.2,39.6,40.1,40.5,40.7,40.9,41.0,41.3,41.4,41.4,41.7,42.6,43.1,43.7,43.9,44.0,44.3,44.5,44.9,45.2,45.2,45.4,45.5,45.8,46.1,46.6,46.9,47.2,47.3,47.5,47.5,47.7,47.7,47.4,47.5,47.9,48.2,48.8,49.1,49.3,49.5,49.5,49.7,49.9,50.1,50.0,50.3,51.0,51.5,52.0,52.0,52.1,52.5,52.9,53.3,53.1,53.0,53.1,53.1,53.6,53.8,54.4,54.7,54.8,54.6,54.8,55.1,55.6,55.4,55.2,55.6,56.2,56.4,56.8,57.2,57.5,57.5,57.8,58.0,58.2,58.2,58.2,58.4,58.8,59.1,59.4,59.6,59.7,59.8,59.9,60.3,60.6,60.6,60.7,62.2,63.7,64.8,64.7,64.9,64.6,64.3,64.3,64.5,64.8,65.0,64.8,64.7,64.6,64.9,65.0,65.2,65.1,64.7,64.5,65.1,65.3,65.8,65.7,65.5,65.8,66.0,66.4,66.1,65.8,66.1,66.4,66.7,67.6,67.5,67.1,67.4,68.1,68.4,69.0,69.3,69.2,69.4,69.6,69.8,69.8,69.8,69.4,69.5,69.9,70.2,70.6,71.0,71.3,71.2,71.0,71.5,71.9,71.7,71.8,72.1,72.6,73.0,73.8,73.7,73.6,73.4,73.3,73.6,74.3,74.4,74.2,74.6,75.0,75.4,76.1,76.1,76.0,76.0,76.5,77.2,77.2,77.2,76.7,76.8,77.6,77.9,78.4,78.4,78.4,78.1,78.4,78.7,79.1,78.9,78.6,78.8,79.3,79.5,79.9,80.0,80.2,80.0,80.3,80.8,81.0,80.6,80.2,80.5,80.6,81.2,81.7,82.0,82.1,82.1,82.4,82.4,82.9,83.1,83.1,83.4,83.8,84.1,84.9,85.3,86.1,86.6,87.2,87.1,87.2,87.1,86.8,86.8,86.9,87.5,88.2,88.4,88.4,88.3,88.6,89.0,89.0,88.8,89.0,89.3,90.0,90.2,90.3,90.7,90.8,90.7,90.9,91.3,92.1,92.1,91.6,92.0,93.1,93.7,94.1,94.2,94.3,94.5,95.0,95.6,95.5,95.3,95.4,95.8,96.2,96.5,96.6,96.6,96.7,96.6,96.4,96.8,97.5,97.3,97.0,97.2,97.8,98.1,98.0,97.9,97.9,97.7,97.9,98.3,98.5,98.2,98.2,98.3,98.8,99.1,99.3,99.3,99.5,99.4,99.5,99.7,99.6,99.3,99.1,99.1,99.8,99.7,99.7,99.8,100.0,100.1,100.2,100.4,100.1,100.1,99.9,100.2,100.4,100.8,100.6,100.8,100.8,100.8,100.6,100.9,101.5,101.6,101.5,101.6,102.6,102.9,102.9,102.7,102.8,102.6,102.8,103.4,103.5,103.4,102.6,103.0,103.4,104.2,104.1,104.3,104.3,104.1,103.9,104.9,105.7,105.5,104.7,104.4,104.2,104.7,104.5,104.9,105.1,104.9,104.6,104.8,105.2,105.5,104.9,105.1,105.5,105.6,105.4,104.9,104.8,105.1,105.0,105.6,106.2,105.6,105.5,105.8,106.5,107.1,107.4,107.5,107.6,107.6,107.8,108.3,108.8,108.9,109.5,109.7,110.4,111.0,111.8,112.6,113.4,114.1,114.6,114.5,114.8,115.1,115.0,115.2,116.1,116.4,116.6,,OECDstat,2015,
KOR,542,"Korea, Rep.",index,Headline Consumer Price Index,4.7,4.9,4.9,5.1,5.5,5.5,5.6,5.7,6.0,6.2,6.4,6.3,6.3,6.3,6.4,6.6,7.4,7.9,8.2,8.4,9.0,9.7,10.4,10.8,11.0,11.4,11.8,11.8,12.2,12.5,12.9,13.1,13.8,14.2,14.8,15.2,15.9,17.1,17.5,18.2,20.2,21.6,22.6,24.0,25.2,26.5,27.7,27.9,28.2,28.7,29.0,29.1,29.6,29.7,29.8,29.8,30.2,30.4,30.5,30.6,30.8,31.1,31.3,31.5,31.9,32.1,32.2,31.9,32.2,32.8,33.3,33.7,34.6,35.2,35.6,36.0,36.5,37.2,37.7,38.1,39.3,40.4,41.0,41.5,43.1,44.0,44.9,45.4,46.2,47.1,47.6,47.5,48.3,49.3,49.7,50.1,51.5,52.2,53.1,53.0,53.9,54.7,55.2,55.4,56.5,57.4,58.0,58.2,59.1,59.7,60.3,61.2,64.4,64.6,64.5,64.8,64.8,65.0,64.9,65.7,66.1,66.0,66.9,67.3,68.5,69.3,69.7,69.5,70.3,71.2,71.5,71.9,73.1,73.5,73.7,74.4,75.5,76.0,76.9,76.9,77.9,78.3,78.7,78.8,79.6,80.1,80.7,80.5,81.2,82.0,82.6,83.2,84.2,86.0,87.2,86.9,87.5,88.4,88.9,89.0,90.2,90.7,91.4,91.9,93.6,94.3,95.4,95.5,96.4,96.6,96.9,97.2,97.9,97.8,98.2,98.2,99.0,99.4,99.6,99.2,99.7,99.9,100.2,100.1,100.6,100.8,101.0,101.5,102.8,102.7,103.2,103.0,103.9,104.3,104.8,104.8,104.5,104.9,104.9,105.2,105.5,104.9,105.6,105.6,107.0,107.6,108.3,109.4,111.1,113.4,114.7,115.1,116.3,,OECDstat,2015,
KOR,542,"Korea, Rep.",Inflation,Headline Consumer Price Inflation,16.1,13.5,11.7,3.2,24.3,25.2,15.3,10.1,14.5,18.3,28.7,21.4,7.2,3.4,2.3,2.5,2.7,3.0,7.1,5.7,8.6,9.3,6.2,4.8,6.3,4.5,4.9,4.4,7.5,0.8,2.3,4.1,2.8,3.5,3.6,2.8,2.2,2.5,4.7,2.8,2.9,4.0,2.2,1.3,1.3,0.7,1.0,1.9,1.5,0.4,0.5,2.5,5.1,,Annual average inflation
